ISO-10303-21;
HEADER;
FILE_DESCRIPTION(('KiCad electronic assembly'),'2;1');
FILE_NAME('EMI_SS_Supply_Electgpl.step','2026-03-17T13:47:29',('Pcbnew')
  ,('Kicad'),'Open CASCADE STEP processor 7.9','KiCad to STEP converter'
  ,'Unknown');
FILE_SCHEMA(('AUTOMOTIVE_DESIGN { 1 0 10303 214 1 1 1 1 }'));
ENDSEC;
DATA;
#1 = APPLICATION_PROTOCOL_DEFINITION('international standard',
  'automotive_design',2000,#2);
#2 = APPLICATION_CONTEXT(
  'core data for automotive mechanical design processes');
#3 = SHAPE_DEFINITION_REPRESENTATION(#4,#10);
#4 = PRODUCT_DEFINITION_SHAPE('','',#5);
#5 = PRODUCT_DEFINITION('design','',#6,#9);
#6 = PRODUCT_DEFINITION_FORMATION('','',#7);
#7 = PRODUCT('EMI_SS_Supply_Electgpl 1','EMI_SS_Supply_Electgpl 1','',(
    #8));
#8 = PRODUCT_CONTEXT('',#2,'mechanical');
#9 = PRODUCT_DEFINITION_CONTEXT('part definition',#2,'design');
#10 = SHAPE_REPRESENTATION('',(#11,#15,#19,#23,#27,#31,#35,#39,#43,#47,
    #51,#55,#59,#63,#67,#71,#75,#79,#83,#87,#91,#95,#99),#103);
#11 = AXIS2_PLACEMENT_3D('',#12,#13,#14);
#12 = CARTESIAN_POINT('',(0.,0.,0.));
#13 = DIRECTION('',(0.,0.,1.));
#14 = DIRECTION('',(1.,0.,-0.));
#15 = AXIS2_PLACEMENT_3D('',#16,#17,#18);
#16 = CARTESIAN_POINT('',(2.1,9.7,1.595));
#17 = DIRECTION('',(-0.,0.,1.));
#18 = DIRECTION('',(1.110223024625E-16,-1.,0.));
#19 = AXIS2_PLACEMENT_3D('',#20,#21,#22);
#20 = CARTESIAN_POINT('',(10.4,6.2,1.595));
#21 = DIRECTION('',(-0.,0.,1.));
#22 = DIRECTION('',(1.110223024625E-16,-1.,0.));
#23 = AXIS2_PLACEMENT_3D('',#24,#25,#26);
#24 = CARTESIAN_POINT('',(23.,5.7,1.595));
#25 = DIRECTION('',(0.,0.,1.));
#26 = DIRECTION('',(1.,0.,0.));
#27 = AXIS2_PLACEMENT_3D('',#28,#29,#30);
#28 = CARTESIAN_POINT('',(16.3,3.1,1.595));
#29 = DIRECTION('',(-0.,0.,1.));
#30 = DIRECTION('',(1.110223024625E-16,-1.,0.));
#31 = AXIS2_PLACEMENT_3D('',#32,#33,#34);
#32 = CARTESIAN_POINT('',(12.9025,10.73,1.595));
#33 = DIRECTION('',(0.,0.,1.));
#34 = DIRECTION('',(1.,0.,0.));
#35 = AXIS2_PLACEMENT_3D('',#36,#37,#38);
#36 = CARTESIAN_POINT('',(23.,4.,1.595));
#37 = DIRECTION('',(0.,0.,1.));
#38 = DIRECTION('',(1.,0.,0.));
#39 = AXIS2_PLACEMENT_3D('',#40,#41,#42);
#40 = CARTESIAN_POINT('',(15.4,15.,1.595));
#41 = DIRECTION('',(-0.,0.,1.));
#42 = DIRECTION('',(1.110223024625E-16,-1.,0.));
#43 = AXIS2_PLACEMENT_3D('',#44,#45,#46);
#44 = CARTESIAN_POINT('',(39.1,8.,1.595));
#45 = DIRECTION('',(-0.,0.,1.));
#46 = DIRECTION('',(1.110223024625E-16,-1.,0.));
#47 = AXIS2_PLACEMENT_3D('',#48,#49,#50);
#48 = CARTESIAN_POINT('',(35.7,8.,1.595));
#49 = DIRECTION('',(-0.,0.,1.));
#50 = DIRECTION('',(1.110223024625E-16,-1.,0.));
#51 = AXIS2_PLACEMENT_3D('',#52,#53,#54);
#52 = CARTESIAN_POINT('',(41.6,8.775,1.595));
#53 = DIRECTION('',(-0.,0.,1.));
#54 = DIRECTION('',(1.110223024625E-16,-1.,0.));
#55 = AXIS2_PLACEMENT_3D('',#56,#57,#58);
#56 = CARTESIAN_POINT('',(6.7,10.525,1.595));
#57 = DIRECTION('',(-0.,0.,1.));
#58 = DIRECTION('',(1.110223024625E-16,-1.,0.));
#59 = AXIS2_PLACEMENT_3D('',#60,#61,#62);
#60 = CARTESIAN_POINT('',(35.2,16.5,1.595));
#61 = DIRECTION('',(0.,-0.,1.));
#62 = DIRECTION('',(1.110223024625E-16,1.,0.));
#63 = AXIS2_PLACEMENT_3D('',#64,#65,#66);
#64 = CARTESIAN_POINT('',(27.3,3.85,1.595));
#65 = DIRECTION('',(0.,0.,1.));
#66 = DIRECTION('',(1.,0.,0.));
#67 = AXIS2_PLACEMENT_3D('',#68,#69,#70);
#68 = CARTESIAN_POINT('',(19.8,4.,1.595));
#69 = DIRECTION('',(0.,0.,1.));
#70 = DIRECTION('',(-1.,1.224646799147E-16,0.));
#71 = AXIS2_PLACEMENT_3D('',#72,#73,#74);
#72 = CARTESIAN_POINT('',(8.3,10.525,1.595));
#73 = DIRECTION('',(-0.,0.,1.));
#74 = DIRECTION('',(1.110223024625E-16,-1.,0.));
#75 = AXIS2_PLACEMENT_3D('',#76,#77,#78);
#76 = CARTESIAN_POINT('',(40.8,15.4,1.595));
#77 = DIRECTION('',(-0.,0.,1.));
#78 = DIRECTION('',(1.110223024625E-16,-1.,0.));
#79 = AXIS2_PLACEMENT_3D('',#80,#81,#82);
#80 = CARTESIAN_POINT('',(32.3,8.,1.595));
#81 = DIRECTION('',(-0.,0.,1.));
#82 = DIRECTION('',(1.110223024625E-16,-1.,0.));
#83 = AXIS2_PLACEMENT_3D('',#84,#85,#86);
#84 = CARTESIAN_POINT('',(4.6,9.7,1.595));
#85 = DIRECTION('',(-0.,0.,1.));
#86 = DIRECTION('',(1.110223024625E-16,-1.,0.));
#87 = AXIS2_PLACEMENT_3D('',#88,#89,#90);
#88 = CARTESIAN_POINT('',(16.3,6.2,1.595));
#89 = DIRECTION('',(-0.,0.,1.));
#90 = DIRECTION('',(1.110223024625E-16,-1.,0.));
#91 = AXIS2_PLACEMENT_3D('',#92,#93,#94);
#92 = CARTESIAN_POINT('',(23.8,12.625,1.595));
#93 = DIRECTION('',(0.,0.,1.));
#94 = DIRECTION('',(1.,0.,0.));
#95 = AXIS2_PLACEMENT_3D('',#96,#97,#98);
#96 = CARTESIAN_POINT('',(23.8,12.625,1.595));
#97 = DIRECTION('',(0.,0.,1.));
#98 = DIRECTION('',(1.,0.,0.));
#99 = AXIS2_PLACEMENT_3D('',#100,#101,#102);
#100 = CARTESIAN_POINT('',(0.,0.,0.));
#101 = DIRECTION('',(0.,0.,1.));
#102 = DIRECTION('',(1.,0.,-0.));
#103 = ( GEOMETRIC_REPRESENTATION_CONTEXT(3) 
GLOBAL_UNCERTAINTY_ASSIGNED_CONTEXT((#107)) GLOBAL_UNIT_ASSIGNED_CONTEXT
((#104,#105,#106)) REPRESENTATION_CONTEXT('Context #1',
  '3D Context with UNIT and UNCERTAINTY') );
#104 = ( LENGTH_UNIT() NAMED_UNIT(*) SI_UNIT(.MILLI.,.METRE.) );
#105 = ( NAMED_UNIT(*) PLANE_ANGLE_UNIT() SI_UNIT($,.RADIAN.) );
#106 = ( NAMED_UNIT(*) SI_UNIT($,.STERADIAN.) SOLID_ANGLE_UNIT() );
#107 = UNCERTAINTY_MEASURE_WITH_UNIT(LENGTH_MEASURE(1.E-07),#104,
  'distance_accuracy_value','confusion accuracy');
#108 = PRODUCT_RELATED_PRODUCT_CATEGORY('part',$,(#7));
#109 = SHAPE_DEFINITION_REPRESENTATION(#110,#116);
#110 = PRODUCT_DEFINITION_SHAPE('','',#111);
#111 = PRODUCT_DEFINITION('design','',#112,#115);
#112 = PRODUCT_DEFINITION_FORMATION('','',#113);
#113 = PRODUCT('C_1206_3216Metric','C_1206_3216Metric','',(#114));
#114 = PRODUCT_CONTEXT('',#2,'mechanical');
#115 = PRODUCT_DEFINITION_CONTEXT('part definition',#2,'design');
#116 = ADVANCED_BREP_SHAPE_REPRESENTATION('',(#11,#117),#971);
#117 = MANIFOLD_SOLID_BREP('',#118);
#118 = CLOSED_SHELL('',(#119,#195,#226,#251,#276,#300,#324,#349,#374,
    #391,#477,#509,#533,#558,#582,#607,#631,#656,#673,#759,#790,#815,
    #840,#864,#888,#913,#938,#955));
#119 = ADVANCED_FACE('',(#120),#190,.F.);
#120 = FACE_BOUND('',#121,.F.);
#121 = EDGE_LOOP('',(#122,#132,#141,#149,#158,#166,#175,#183));
#122 = ORIENTED_EDGE('',*,*,#123,.F.);
#123 = EDGE_CURVE('',#124,#126,#128,.T.);
#124 = VERTEX_POINT('',#125);
#125 = CARTESIAN_POINT('',(-1.6,-0.8,4.E-02));
#126 = VERTEX_POINT('',#127);
#127 = CARTESIAN_POINT('',(-1.6,-0.8,1.56));
#128 = LINE('',#129,#130);
#129 = CARTESIAN_POINT('',(-1.6,-0.8,0.));
#130 = VECTOR('',#131,1.);
#131 = DIRECTION('',(0.,0.,1.));
#132 = ORIENTED_EDGE('',*,*,#133,.T.);
#133 = EDGE_CURVE('',#124,#134,#136,.T.);
#134 = VERTEX_POINT('',#135);
#135 = CARTESIAN_POINT('',(-1.6,-0.76,0.));
#136 = CIRCLE('',#137,4.E-02);
#137 = AXIS2_PLACEMENT_3D('',#138,#139,#140);
#138 = CARTESIAN_POINT('',(-1.6,-0.76,4.E-02));
#139 = DIRECTION('',(1.,0.,-0.));
#140 = DIRECTION('',(0.,0.,1.));
#141 = ORIENTED_EDGE('',*,*,#142,.T.);
#142 = EDGE_CURVE('',#134,#143,#145,.T.);
#143 = VERTEX_POINT('',#144);
#144 = CARTESIAN_POINT('',(-1.6,0.76,0.));
#145 = LINE('',#146,#147);
#146 = CARTESIAN_POINT('',(-1.6,-0.8,0.));
#147 = VECTOR('',#148,1.);
#148 = DIRECTION('',(0.,1.,0.));
#149 = ORIENTED_EDGE('',*,*,#150,.F.);
#150 = EDGE_CURVE('',#151,#143,#153,.T.);
#151 = VERTEX_POINT('',#152);
#152 = CARTESIAN_POINT('',(-1.6,0.8,4.E-02));
#153 = CIRCLE('',#154,4.E-02);
#154 = AXIS2_PLACEMENT_3D('',#155,#156,#157);
#155 = CARTESIAN_POINT('',(-1.6,0.76,4.E-02));
#156 = DIRECTION('',(-1.,0.,0.));
#157 = DIRECTION('',(0.,0.,1.));
#158 = ORIENTED_EDGE('',*,*,#159,.T.);
#159 = EDGE_CURVE('',#151,#160,#162,.T.);
#160 = VERTEX_POINT('',#161);
#161 = CARTESIAN_POINT('',(-1.6,0.8,1.56));
#162 = LINE('',#163,#164);
#163 = CARTESIAN_POINT('',(-1.6,0.8,0.));
#164 = VECTOR('',#165,1.);
#165 = DIRECTION('',(0.,0.,1.));
#166 = ORIENTED_EDGE('',*,*,#167,.T.);
#167 = EDGE_CURVE('',#160,#168,#170,.T.);
#168 = VERTEX_POINT('',#169);
#169 = CARTESIAN_POINT('',(-1.6,0.76,1.6));
#170 = CIRCLE('',#171,4.E-02);
#171 = AXIS2_PLACEMENT_3D('',#172,#173,#174);
#172 = CARTESIAN_POINT('',(-1.6,0.76,1.56));
#173 = DIRECTION('',(1.,0.,-0.));
#174 = DIRECTION('',(0.,0.,1.));
#175 = ORIENTED_EDGE('',*,*,#176,.F.);
#176 = EDGE_CURVE('',#177,#168,#179,.T.);
#177 = VERTEX_POINT('',#178);
#178 = CARTESIAN_POINT('',(-1.6,-0.76,1.6));
#179 = LINE('',#180,#181);
#180 = CARTESIAN_POINT('',(-1.6,-0.8,1.6));
#181 = VECTOR('',#182,1.);
#182 = DIRECTION('',(0.,1.,0.));
#183 = ORIENTED_EDGE('',*,*,#184,.F.);
#184 = EDGE_CURVE('',#126,#177,#185,.T.);
#185 = CIRCLE('',#186,4.E-02);
#186 = AXIS2_PLACEMENT_3D('',#187,#188,#189);
#187 = CARTESIAN_POINT('',(-1.6,-0.76,1.56));
#188 = DIRECTION('',(-1.,0.,0.));
#189 = DIRECTION('',(0.,0.,1.));
#190 = PLANE('',#191);
#191 = AXIS2_PLACEMENT_3D('',#192,#193,#194);
#192 = CARTESIAN_POINT('',(-1.6,-0.8,0.));
#193 = DIRECTION('',(1.,0.,0.));
#194 = DIRECTION('',(0.,0.,1.));
#195 = ADVANCED_FACE('',(#196),#221,.F.);
#196 = FACE_BOUND('',#197,.F.);
#197 = EDGE_LOOP('',(#198,#208,#214,#215));
#198 = ORIENTED_EDGE('',*,*,#199,.F.);
#199 = EDGE_CURVE('',#200,#202,#204,.T.);
#200 = VERTEX_POINT('',#201);
#201 = CARTESIAN_POINT('',(-1.2,-0.8,4.E-02));
#202 = VERTEX_POINT('',#203);
#203 = CARTESIAN_POINT('',(-1.2,-0.8,1.56));
#204 = LINE('',#205,#206);
#205 = CARTESIAN_POINT('',(-1.2,-0.8,0.));
#206 = VECTOR('',#207,1.);
#207 = DIRECTION('',(0.,0.,1.));
#208 = ORIENTED_EDGE('',*,*,#209,.F.);
#209 = EDGE_CURVE('',#124,#200,#210,.T.);
#210 = LINE('',#211,#212);
#211 = CARTESIAN_POINT('',(-1.6,-0.8,4.E-02));
#212 = VECTOR('',#213,1.);
#213 = DIRECTION('',(1.,0.,0.));
#214 = ORIENTED_EDGE('',*,*,#123,.T.);
#215 = ORIENTED_EDGE('',*,*,#216,.T.);
#216 = EDGE_CURVE('',#126,#202,#217,.T.);
#217 = LINE('',#218,#219);
#218 = CARTESIAN_POINT('',(-1.6,-0.8,1.56));
#219 = VECTOR('',#220,1.);
#220 = DIRECTION('',(1.,0.,0.));
#221 = PLANE('',#222);
#222 = AXIS2_PLACEMENT_3D('',#223,#224,#225);
#223 = CARTESIAN_POINT('',(-1.6,-0.8,0.));
#224 = DIRECTION('',(0.,1.,0.));
#225 = DIRECTION('',(0.,-0.,1.));
#226 = ADVANCED_FACE('',(#227),#246,.T.);
#227 = FACE_BOUND('',#228,.T.);
#228 = EDGE_LOOP('',(#229,#230,#238,#245));
#229 = ORIENTED_EDGE('',*,*,#133,.T.);
#230 = ORIENTED_EDGE('',*,*,#231,.T.);
#231 = EDGE_CURVE('',#134,#232,#234,.T.);
#232 = VERTEX_POINT('',#233);
#233 = CARTESIAN_POINT('',(-1.2,-0.76,0.));
#234 = LINE('',#235,#236);
#235 = CARTESIAN_POINT('',(-1.6,-0.76,0.));
#236 = VECTOR('',#237,1.);
#237 = DIRECTION('',(1.,0.,0.));
#238 = ORIENTED_EDGE('',*,*,#239,.F.);
#239 = EDGE_CURVE('',#200,#232,#240,.T.);
#240 = CIRCLE('',#241,4.E-02);
#241 = AXIS2_PLACEMENT_3D('',#242,#243,#244);
#242 = CARTESIAN_POINT('',(-1.2,-0.76,4.E-02));
#243 = DIRECTION('',(1.,0.,-0.));
#244 = DIRECTION('',(0.,0.,1.));
#245 = ORIENTED_EDGE('',*,*,#209,.F.);
#246 = CYLINDRICAL_SURFACE('',#247,4.E-02);
#247 = AXIS2_PLACEMENT_3D('',#248,#249,#250);
#248 = CARTESIAN_POINT('',(-1.6,-0.76,4.E-02));
#249 = DIRECTION('',(1.,0.,0.));
#250 = DIRECTION('',(0.,-1.,0.));
#251 = ADVANCED_FACE('',(#252),#271,.T.);
#252 = FACE_BOUND('',#253,.T.);
#253 = EDGE_LOOP('',(#254,#255,#264,#270));
#254 = ORIENTED_EDGE('',*,*,#216,.T.);
#255 = ORIENTED_EDGE('',*,*,#256,.T.);
#256 = EDGE_CURVE('',#202,#257,#259,.T.);
#257 = VERTEX_POINT('',#258);
#258 = CARTESIAN_POINT('',(-1.2,-0.76,1.6));
#259 = CIRCLE('',#260,4.E-02);
#260 = AXIS2_PLACEMENT_3D('',#261,#262,#263);
#261 = CARTESIAN_POINT('',(-1.2,-0.76,1.56));
#262 = DIRECTION('',(-1.,0.,0.));
#263 = DIRECTION('',(0.,0.,1.));
#264 = ORIENTED_EDGE('',*,*,#265,.F.);
#265 = EDGE_CURVE('',#177,#257,#266,.T.);
#266 = LINE('',#267,#268);
#267 = CARTESIAN_POINT('',(-1.6,-0.76,1.6));
#268 = VECTOR('',#269,1.);
#269 = DIRECTION('',(1.,0.,0.));
#270 = ORIENTED_EDGE('',*,*,#184,.F.);
#271 = CYLINDRICAL_SURFACE('',#272,4.E-02);
#272 = AXIS2_PLACEMENT_3D('',#273,#274,#275);
#273 = CARTESIAN_POINT('',(-1.6,-0.76,1.56));
#274 = DIRECTION('',(1.,0.,0.));
#275 = DIRECTION('',(0.,-1.,0.));
#276 = ADVANCED_FACE('',(#277),#295,.F.);
#277 = FACE_BOUND('',#278,.F.);
#278 = EDGE_LOOP('',(#279,#280,#281,#289));
#279 = ORIENTED_EDGE('',*,*,#142,.F.);
#280 = ORIENTED_EDGE('',*,*,#231,.T.);
#281 = ORIENTED_EDGE('',*,*,#282,.T.);
#282 = EDGE_CURVE('',#232,#283,#285,.T.);
#283 = VERTEX_POINT('',#284);
#284 = CARTESIAN_POINT('',(-1.2,0.76,0.));
#285 = LINE('',#286,#287);
#286 = CARTESIAN_POINT('',(-1.2,-0.8,0.));
#287 = VECTOR('',#288,1.);
#288 = DIRECTION('',(0.,1.,0.));
#289 = ORIENTED_EDGE('',*,*,#290,.F.);
#290 = EDGE_CURVE('',#143,#283,#291,.T.);
#291 = LINE('',#292,#293);
#292 = CARTESIAN_POINT('',(-1.6,0.76,0.));
#293 = VECTOR('',#294,1.);
#294 = DIRECTION('',(1.,0.,0.));
#295 = PLANE('',#296);
#296 = AXIS2_PLACEMENT_3D('',#297,#298,#299);
#297 = CARTESIAN_POINT('',(-1.6,-0.8,0.));
#298 = DIRECTION('',(0.,0.,1.));
#299 = DIRECTION('',(1.,0.,-0.));
#300 = ADVANCED_FACE('',(#301),#319,.T.);
#301 = FACE_BOUND('',#302,.T.);
#302 = EDGE_LOOP('',(#303,#304,#305,#313));
#303 = ORIENTED_EDGE('',*,*,#176,.F.);
#304 = ORIENTED_EDGE('',*,*,#265,.T.);
#305 = ORIENTED_EDGE('',*,*,#306,.T.);
#306 = EDGE_CURVE('',#257,#307,#309,.T.);
#307 = VERTEX_POINT('',#308);
#308 = CARTESIAN_POINT('',(-1.2,0.76,1.6));
#309 = LINE('',#310,#311);
#310 = CARTESIAN_POINT('',(-1.2,-0.8,1.6));
#311 = VECTOR('',#312,1.);
#312 = DIRECTION('',(0.,1.,0.));
#313 = ORIENTED_EDGE('',*,*,#314,.F.);
#314 = EDGE_CURVE('',#168,#307,#315,.T.);
#315 = LINE('',#316,#317);
#316 = CARTESIAN_POINT('',(-1.6,0.76,1.6));
#317 = VECTOR('',#318,1.);
#318 = DIRECTION('',(1.,0.,0.));
#319 = PLANE('',#320);
#320 = AXIS2_PLACEMENT_3D('',#321,#322,#323);
#321 = CARTESIAN_POINT('',(-1.6,-0.8,1.6));
#322 = DIRECTION('',(0.,0.,1.));
#323 = DIRECTION('',(1.,0.,-0.));
#324 = ADVANCED_FACE('',(#325),#344,.T.);
#325 = FACE_BOUND('',#326,.T.);
#326 = EDGE_LOOP('',(#327,#335,#342,#343));
#327 = ORIENTED_EDGE('',*,*,#328,.T.);
#328 = EDGE_CURVE('',#151,#329,#331,.T.);
#329 = VERTEX_POINT('',#330);
#330 = CARTESIAN_POINT('',(-1.2,0.8,4.E-02));
#331 = LINE('',#332,#333);
#332 = CARTESIAN_POINT('',(-1.6,0.8,4.E-02));
#333 = VECTOR('',#334,1.);
#334 = DIRECTION('',(1.,0.,0.));
#335 = ORIENTED_EDGE('',*,*,#336,.T.);
#336 = EDGE_CURVE('',#329,#283,#337,.T.);
#337 = CIRCLE('',#338,4.E-02);
#338 = AXIS2_PLACEMENT_3D('',#339,#340,#341);
#339 = CARTESIAN_POINT('',(-1.2,0.76,4.E-02));
#340 = DIRECTION('',(-1.,0.,0.));
#341 = DIRECTION('',(0.,0.,1.));
#342 = ORIENTED_EDGE('',*,*,#290,.F.);
#343 = ORIENTED_EDGE('',*,*,#150,.F.);
#344 = CYLINDRICAL_SURFACE('',#345,4.E-02);
#345 = AXIS2_PLACEMENT_3D('',#346,#347,#348);
#346 = CARTESIAN_POINT('',(-1.6,0.76,4.E-02));
#347 = DIRECTION('',(1.,0.,0.));
#348 = DIRECTION('',(-0.,1.,0.));
#349 = ADVANCED_FACE('',(#350),#369,.T.);
#350 = FACE_BOUND('',#351,.T.);
#351 = EDGE_LOOP('',(#352,#353,#354,#363));
#352 = ORIENTED_EDGE('',*,*,#167,.T.);
#353 = ORIENTED_EDGE('',*,*,#314,.T.);
#354 = ORIENTED_EDGE('',*,*,#355,.F.);
#355 = EDGE_CURVE('',#356,#307,#358,.T.);
#356 = VERTEX_POINT('',#357);
#357 = CARTESIAN_POINT('',(-1.2,0.8,1.56));
#358 = CIRCLE('',#359,4.E-02);
#359 = AXIS2_PLACEMENT_3D('',#360,#361,#362);
#360 = CARTESIAN_POINT('',(-1.2,0.76,1.56));
#361 = DIRECTION('',(1.,0.,-0.));
#362 = DIRECTION('',(0.,0.,1.));
#363 = ORIENTED_EDGE('',*,*,#364,.F.);
#364 = EDGE_CURVE('',#160,#356,#365,.T.);
#365 = LINE('',#366,#367);
#366 = CARTESIAN_POINT('',(-1.6,0.8,1.56));
#367 = VECTOR('',#368,1.);
#368 = DIRECTION('',(1.,0.,0.));
#369 = CYLINDRICAL_SURFACE('',#370,4.E-02);
#370 = AXIS2_PLACEMENT_3D('',#371,#372,#373);
#371 = CARTESIAN_POINT('',(-1.6,0.76,1.56));
#372 = DIRECTION('',(1.,0.,0.));
#373 = DIRECTION('',(-0.,1.,0.));
#374 = ADVANCED_FACE('',(#375),#386,.T.);
#375 = FACE_BOUND('',#376,.T.);
#376 = EDGE_LOOP('',(#377,#383,#384,#385));
#377 = ORIENTED_EDGE('',*,*,#378,.F.);
#378 = EDGE_CURVE('',#329,#356,#379,.T.);
#379 = LINE('',#380,#381);
#380 = CARTESIAN_POINT('',(-1.2,0.8,0.));
#381 = VECTOR('',#382,1.);
#382 = DIRECTION('',(0.,0.,1.));
#383 = ORIENTED_EDGE('',*,*,#328,.F.);
#384 = ORIENTED_EDGE('',*,*,#159,.T.);
#385 = ORIENTED_EDGE('',*,*,#364,.T.);
#386 = PLANE('',#387);
#387 = AXIS2_PLACEMENT_3D('',#388,#389,#390);
#388 = CARTESIAN_POINT('',(-1.6,0.8,0.));
#389 = DIRECTION('',(0.,1.,0.));
#390 = DIRECTION('',(0.,-0.,1.));
#391 = ADVANCED_FACE('',(#392,#402),#472,.T.);
#392 = FACE_BOUND('',#393,.T.);
#393 = EDGE_LOOP('',(#394,#395,#396,#397,#398,#399,#400,#401));
#394 = ORIENTED_EDGE('',*,*,#199,.F.);
#395 = ORIENTED_EDGE('',*,*,#239,.T.);
#396 = ORIENTED_EDGE('',*,*,#282,.T.);
#397 = ORIENTED_EDGE('',*,*,#336,.F.);
#398 = ORIENTED_EDGE('',*,*,#378,.T.);
#399 = ORIENTED_EDGE('',*,*,#355,.T.);
#400 = ORIENTED_EDGE('',*,*,#306,.F.);
#401 = ORIENTED_EDGE('',*,*,#256,.F.);
#402 = FACE_BOUND('',#403,.T.);
#403 = EDGE_LOOP('',(#404,#415,#423,#432,#440,#449,#457,#466));
#404 = ORIENTED_EDGE('',*,*,#405,.F.);
#405 = EDGE_CURVE('',#406,#408,#410,.T.);
#406 = VERTEX_POINT('',#407);
#407 = CARTESIAN_POINT('',(-1.2,-0.76,8.E-02));
#408 = VERTEX_POINT('',#409);
#409 = CARTESIAN_POINT('',(-1.2,-0.72,4.E-02));
#410 = CIRCLE('',#411,4.E-02);
#411 = AXIS2_PLACEMENT_3D('',#412,#413,#414);
#412 = CARTESIAN_POINT('',(-1.2,-0.72,8.E-02));
#413 = DIRECTION('',(1.,0.,-0.));
#414 = DIRECTION('',(0.,0.,1.));
#415 = ORIENTED_EDGE('',*,*,#416,.T.);
#416 = EDGE_CURVE('',#406,#417,#419,.T.);
#417 = VERTEX_POINT('',#418);
#418 = CARTESIAN_POINT('',(-1.2,-0.76,1.52));
#419 = LINE('',#420,#421);
#420 = CARTESIAN_POINT('',(-1.2,-0.76,4.E-02));
#421 = VECTOR('',#422,1.);
#422 = DIRECTION('',(0.,0.,1.));
#423 = ORIENTED_EDGE('',*,*,#424,.T.);
#424 = EDGE_CURVE('',#417,#425,#427,.T.);
#425 = VERTEX_POINT('',#426);
#426 = CARTESIAN_POINT('',(-1.2,-0.72,1.56));
#427 = CIRCLE('',#428,4.E-02);
#428 = AXIS2_PLACEMENT_3D('',#429,#430,#431);
#429 = CARTESIAN_POINT('',(-1.2,-0.72,1.52));
#430 = DIRECTION('',(-1.,0.,0.));
#431 = DIRECTION('',(0.,0.,1.));
#432 = ORIENTED_EDGE('',*,*,#433,.T.);
#433 = EDGE_CURVE('',#425,#434,#436,.T.);
#434 = VERTEX_POINT('',#435);
#435 = CARTESIAN_POINT('',(-1.2,0.72,1.56));
#436 = LINE('',#437,#438);
#437 = CARTESIAN_POINT('',(-1.2,-0.76,1.56));
#438 = VECTOR('',#439,1.);
#439 = DIRECTION('',(0.,1.,0.));
#440 = ORIENTED_EDGE('',*,*,#441,.F.);
#441 = EDGE_CURVE('',#442,#434,#444,.T.);
#442 = VERTEX_POINT('',#443);
#443 = CARTESIAN_POINT('',(-1.2,0.76,1.52));
#444 = CIRCLE('',#445,4.E-02);
#445 = AXIS2_PLACEMENT_3D('',#446,#447,#448);
#446 = CARTESIAN_POINT('',(-1.2,0.72,1.52));
#447 = DIRECTION('',(1.,0.,-0.));
#448 = DIRECTION('',(0.,0.,1.));
#449 = ORIENTED_EDGE('',*,*,#450,.F.);
#450 = EDGE_CURVE('',#451,#442,#453,.T.);
#451 = VERTEX_POINT('',#452);
#452 = CARTESIAN_POINT('',(-1.2,0.76,8.E-02));
#453 = LINE('',#454,#455);
#454 = CARTESIAN_POINT('',(-1.2,0.76,4.E-02));
#455 = VECTOR('',#456,1.);
#456 = DIRECTION('',(0.,0.,1.));
#457 = ORIENTED_EDGE('',*,*,#458,.T.);
#458 = EDGE_CURVE('',#451,#459,#461,.T.);
#459 = VERTEX_POINT('',#460);
#460 = CARTESIAN_POINT('',(-1.2,0.72,4.E-02));
#461 = CIRCLE('',#462,4.E-02);
#462 = AXIS2_PLACEMENT_3D('',#463,#464,#465);
#463 = CARTESIAN_POINT('',(-1.2,0.72,8.E-02));
#464 = DIRECTION('',(-1.,0.,0.));
#465 = DIRECTION('',(0.,0.,1.));
#466 = ORIENTED_EDGE('',*,*,#467,.F.);
#467 = EDGE_CURVE('',#408,#459,#468,.T.);
#468 = LINE('',#469,#470);
#469 = CARTESIAN_POINT('',(-1.2,-0.76,4.E-02));
#470 = VECTOR('',#471,1.);
#471 = DIRECTION('',(0.,1.,0.));
#472 = PLANE('',#473);
#473 = AXIS2_PLACEMENT_3D('',#474,#475,#476);
#474 = CARTESIAN_POINT('',(-1.2,-0.8,0.));
#475 = DIRECTION('',(1.,0.,0.));
#476 = DIRECTION('',(0.,0.,1.));
#477 = ADVANCED_FACE('',(#478),#504,.T.);
#478 = FACE_BOUND('',#479,.T.);
#479 = EDGE_LOOP('',(#480,#481,#489,#498));
#480 = ORIENTED_EDGE('',*,*,#405,.T.);
#481 = ORIENTED_EDGE('',*,*,#482,.T.);
#482 = EDGE_CURVE('',#408,#483,#485,.T.);
#483 = VERTEX_POINT('',#484);
#484 = CARTESIAN_POINT('',(1.2,-0.72,4.E-02));
#485 = LINE('',#486,#487);
#486 = CARTESIAN_POINT('',(-1.2,-0.72,4.E-02));
#487 = VECTOR('',#488,1.);
#488 = DIRECTION('',(1.,0.,0.));
#489 = ORIENTED_EDGE('',*,*,#490,.F.);
#490 = EDGE_CURVE('',#491,#483,#493,.T.);
#491 = VERTEX_POINT('',#492);
#492 = CARTESIAN_POINT('',(1.2,-0.76,8.E-02));
#493 = CIRCLE('',#494,4.E-02);
#494 = AXIS2_PLACEMENT_3D('',#495,#496,#497);
#495 = CARTESIAN_POINT('',(1.2,-0.72,8.E-02));
#496 = DIRECTION('',(1.,0.,-0.));
#497 = DIRECTION('',(0.,0.,1.));
#498 = ORIENTED_EDGE('',*,*,#499,.F.);
#499 = EDGE_CURVE('',#406,#491,#500,.T.);
#500 = LINE('',#501,#502);
#501 = CARTESIAN_POINT('',(-1.2,-0.76,8.E-02));
#502 = VECTOR('',#503,1.);
#503 = DIRECTION('',(1.,0.,0.));
#504 = CYLINDRICAL_SURFACE('',#505,4.E-02);
#505 = AXIS2_PLACEMENT_3D('',#506,#507,#508);
#506 = CARTESIAN_POINT('',(-1.2,-0.72,8.E-02));
#507 = DIRECTION('',(1.,0.,0.));
#508 = DIRECTION('',(0.,-1.,0.));
#509 = ADVANCED_FACE('',(#510),#528,.F.);
#510 = FACE_BOUND('',#511,.F.);
#511 = EDGE_LOOP('',(#512,#513,#514,#522));
#512 = ORIENTED_EDGE('',*,*,#467,.F.);
#513 = ORIENTED_EDGE('',*,*,#482,.T.);
#514 = ORIENTED_EDGE('',*,*,#515,.T.);
#515 = EDGE_CURVE('',#483,#516,#518,.T.);
#516 = VERTEX_POINT('',#517);
#517 = CARTESIAN_POINT('',(1.2,0.72,4.E-02));
#518 = LINE('',#519,#520);
#519 = CARTESIAN_POINT('',(1.2,-0.76,4.E-02));
#520 = VECTOR('',#521,1.);
#521 = DIRECTION('',(0.,1.,0.));
#522 = ORIENTED_EDGE('',*,*,#523,.F.);
#523 = EDGE_CURVE('',#459,#516,#524,.T.);
#524 = LINE('',#525,#526);
#525 = CARTESIAN_POINT('',(-1.2,0.72,4.E-02));
#526 = VECTOR('',#527,1.);
#527 = DIRECTION('',(1.,0.,0.));
#528 = PLANE('',#529);
#529 = AXIS2_PLACEMENT_3D('',#530,#531,#532);
#530 = CARTESIAN_POINT('',(-1.2,-0.76,4.E-02));
#531 = DIRECTION('',(0.,0.,1.));
#532 = DIRECTION('',(1.,0.,-0.));
#533 = ADVANCED_FACE('',(#534),#553,.T.);
#534 = FACE_BOUND('',#535,.T.);
#535 = EDGE_LOOP('',(#536,#544,#551,#552));
#536 = ORIENTED_EDGE('',*,*,#537,.T.);
#537 = EDGE_CURVE('',#451,#538,#540,.T.);
#538 = VERTEX_POINT('',#539);
#539 = CARTESIAN_POINT('',(1.2,0.76,8.E-02));
#540 = LINE('',#541,#542);
#541 = CARTESIAN_POINT('',(-1.2,0.76,8.E-02));
#542 = VECTOR('',#543,1.);
#543 = DIRECTION('',(1.,0.,0.));
#544 = ORIENTED_EDGE('',*,*,#545,.T.);
#545 = EDGE_CURVE('',#538,#516,#546,.T.);
#546 = CIRCLE('',#547,4.E-02);
#547 = AXIS2_PLACEMENT_3D('',#548,#549,#550);
#548 = CARTESIAN_POINT('',(1.2,0.72,8.E-02));
#549 = DIRECTION('',(-1.,0.,0.));
#550 = DIRECTION('',(0.,0.,1.));
#551 = ORIENTED_EDGE('',*,*,#523,.F.);
#552 = ORIENTED_EDGE('',*,*,#458,.F.);
#553 = CYLINDRICAL_SURFACE('',#554,4.E-02);
#554 = AXIS2_PLACEMENT_3D('',#555,#556,#557);
#555 = CARTESIAN_POINT('',(-1.2,0.72,8.E-02));
#556 = DIRECTION('',(1.,0.,0.));
#557 = DIRECTION('',(-0.,1.,0.));
#558 = ADVANCED_FACE('',(#559),#577,.T.);
#559 = FACE_BOUND('',#560,.T.);
#560 = EDGE_LOOP('',(#561,#569,#570,#571));
#561 = ORIENTED_EDGE('',*,*,#562,.F.);
#562 = EDGE_CURVE('',#538,#563,#565,.T.);
#563 = VERTEX_POINT('',#564);
#564 = CARTESIAN_POINT('',(1.2,0.76,1.52));
#565 = LINE('',#566,#567);
#566 = CARTESIAN_POINT('',(1.2,0.76,4.E-02));
#567 = VECTOR('',#568,1.);
#568 = DIRECTION('',(0.,0.,1.));
#569 = ORIENTED_EDGE('',*,*,#537,.F.);
#570 = ORIENTED_EDGE('',*,*,#450,.T.);
#571 = ORIENTED_EDGE('',*,*,#572,.T.);
#572 = EDGE_CURVE('',#442,#563,#573,.T.);
#573 = LINE('',#574,#575);
#574 = CARTESIAN_POINT('',(-1.2,0.76,1.52));
#575 = VECTOR('',#576,1.);
#576 = DIRECTION('',(1.,0.,0.));
#577 = PLANE('',#578);
#578 = AXIS2_PLACEMENT_3D('',#579,#580,#581);
#579 = CARTESIAN_POINT('',(-1.2,0.76,4.E-02));
#580 = DIRECTION('',(0.,1.,0.));
#581 = DIRECTION('',(0.,-0.,1.));
#582 = ADVANCED_FACE('',(#583),#602,.T.);
#583 = FACE_BOUND('',#584,.T.);
#584 = EDGE_LOOP('',(#585,#586,#594,#601));
#585 = ORIENTED_EDGE('',*,*,#441,.T.);
#586 = ORIENTED_EDGE('',*,*,#587,.T.);
#587 = EDGE_CURVE('',#434,#588,#590,.T.);
#588 = VERTEX_POINT('',#589);
#589 = CARTESIAN_POINT('',(1.2,0.72,1.56));
#590 = LINE('',#591,#592);
#591 = CARTESIAN_POINT('',(-1.2,0.72,1.56));
#592 = VECTOR('',#593,1.);
#593 = DIRECTION('',(1.,0.,0.));
#594 = ORIENTED_EDGE('',*,*,#595,.F.);
#595 = EDGE_CURVE('',#563,#588,#596,.T.);
#596 = CIRCLE('',#597,4.E-02);
#597 = AXIS2_PLACEMENT_3D('',#598,#599,#600);
#598 = CARTESIAN_POINT('',(1.2,0.72,1.52));
#599 = DIRECTION('',(1.,0.,-0.));
#600 = DIRECTION('',(0.,0.,1.));
#601 = ORIENTED_EDGE('',*,*,#572,.F.);
#602 = CYLINDRICAL_SURFACE('',#603,4.E-02);
#603 = AXIS2_PLACEMENT_3D('',#604,#605,#606);
#604 = CARTESIAN_POINT('',(-1.2,0.72,1.52));
#605 = DIRECTION('',(1.,0.,0.));
#606 = DIRECTION('',(-0.,1.,0.));
#607 = ADVANCED_FACE('',(#608),#626,.T.);
#608 = FACE_BOUND('',#609,.T.);
#609 = EDGE_LOOP('',(#610,#611,#619,#625));
#610 = ORIENTED_EDGE('',*,*,#433,.F.);
#611 = ORIENTED_EDGE('',*,*,#612,.T.);
#612 = EDGE_CURVE('',#425,#613,#615,.T.);
#613 = VERTEX_POINT('',#614);
#614 = CARTESIAN_POINT('',(1.2,-0.72,1.56));
#615 = LINE('',#616,#617);
#616 = CARTESIAN_POINT('',(-1.2,-0.72,1.56));
#617 = VECTOR('',#618,1.);
#618 = DIRECTION('',(1.,0.,0.));
#619 = ORIENTED_EDGE('',*,*,#620,.T.);
#620 = EDGE_CURVE('',#613,#588,#621,.T.);
#621 = LINE('',#622,#623);
#622 = CARTESIAN_POINT('',(1.2,-0.76,1.56));
#623 = VECTOR('',#624,1.);
#624 = DIRECTION('',(0.,1.,0.));
#625 = ORIENTED_EDGE('',*,*,#587,.F.);
#626 = PLANE('',#627);
#627 = AXIS2_PLACEMENT_3D('',#628,#629,#630);
#628 = CARTESIAN_POINT('',(-1.2,-0.76,1.56));
#629 = DIRECTION('',(0.,0.,1.));
#630 = DIRECTION('',(1.,0.,-0.));
#631 = ADVANCED_FACE('',(#632),#651,.T.);
#632 = FACE_BOUND('',#633,.T.);
#633 = EDGE_LOOP('',(#634,#642,#649,#650));
#634 = ORIENTED_EDGE('',*,*,#635,.T.);
#635 = EDGE_CURVE('',#417,#636,#638,.T.);
#636 = VERTEX_POINT('',#637);
#637 = CARTESIAN_POINT('',(1.2,-0.76,1.52));
#638 = LINE('',#639,#640);
#639 = CARTESIAN_POINT('',(-1.2,-0.76,1.52));
#640 = VECTOR('',#641,1.);
#641 = DIRECTION('',(1.,0.,0.));
#642 = ORIENTED_EDGE('',*,*,#643,.T.);
#643 = EDGE_CURVE('',#636,#613,#644,.T.);
#644 = CIRCLE('',#645,4.E-02);
#645 = AXIS2_PLACEMENT_3D('',#646,#647,#648);
#646 = CARTESIAN_POINT('',(1.2,-0.72,1.52));
#647 = DIRECTION('',(-1.,0.,0.));
#648 = DIRECTION('',(0.,0.,1.));
#649 = ORIENTED_EDGE('',*,*,#612,.F.);
#650 = ORIENTED_EDGE('',*,*,#424,.F.);
#651 = CYLINDRICAL_SURFACE('',#652,4.E-02);
#652 = AXIS2_PLACEMENT_3D('',#653,#654,#655);
#653 = CARTESIAN_POINT('',(-1.2,-0.72,1.52));
#654 = DIRECTION('',(1.,0.,0.));
#655 = DIRECTION('',(0.,-1.,0.));
#656 = ADVANCED_FACE('',(#657),#668,.F.);
#657 = FACE_BOUND('',#658,.F.);
#658 = EDGE_LOOP('',(#659,#665,#666,#667));
#659 = ORIENTED_EDGE('',*,*,#660,.F.);
#660 = EDGE_CURVE('',#491,#636,#661,.T.);
#661 = LINE('',#662,#663);
#662 = CARTESIAN_POINT('',(1.2,-0.76,4.E-02));
#663 = VECTOR('',#664,1.);
#664 = DIRECTION('',(0.,0.,1.));
#665 = ORIENTED_EDGE('',*,*,#499,.F.);
#666 = ORIENTED_EDGE('',*,*,#416,.T.);
#667 = ORIENTED_EDGE('',*,*,#635,.T.);
#668 = PLANE('',#669);
#669 = AXIS2_PLACEMENT_3D('',#670,#671,#672);
#670 = CARTESIAN_POINT('',(-1.2,-0.76,4.E-02));
#671 = DIRECTION('',(0.,1.,0.));
#672 = DIRECTION('',(0.,-0.,1.));
#673 = ADVANCED_FACE('',(#674,#744),#754,.F.);
#674 = FACE_BOUND('',#675,.F.);
#675 = EDGE_LOOP('',(#676,#686,#695,#703,#712,#720,#729,#737));
#676 = ORIENTED_EDGE('',*,*,#677,.F.);
#677 = EDGE_CURVE('',#678,#680,#682,.T.);
#678 = VERTEX_POINT('',#679);
#679 = CARTESIAN_POINT('',(1.2,-0.8,4.E-02));
#680 = VERTEX_POINT('',#681);
#681 = CARTESIAN_POINT('',(1.2,-0.8,1.56));
#682 = LINE('',#683,#684);
#683 = CARTESIAN_POINT('',(1.2,-0.8,0.));
#684 = VECTOR('',#685,1.);
#685 = DIRECTION('',(0.,0.,1.));
#686 = ORIENTED_EDGE('',*,*,#687,.T.);
#687 = EDGE_CURVE('',#678,#688,#690,.T.);
#688 = VERTEX_POINT('',#689);
#689 = CARTESIAN_POINT('',(1.2,-0.76,0.));
#690 = CIRCLE('',#691,4.E-02);
#691 = AXIS2_PLACEMENT_3D('',#692,#693,#694);
#692 = CARTESIAN_POINT('',(1.2,-0.76,4.E-02));
#693 = DIRECTION('',(1.,0.,-0.));
#694 = DIRECTION('',(0.,0.,1.));
#695 = ORIENTED_EDGE('',*,*,#696,.T.);
#696 = EDGE_CURVE('',#688,#697,#699,.T.);
#697 = VERTEX_POINT('',#698);
#698 = CARTESIAN_POINT('',(1.2,0.76,0.));
#699 = LINE('',#700,#701);
#700 = CARTESIAN_POINT('',(1.2,-0.8,0.));
#701 = VECTOR('',#702,1.);
#702 = DIRECTION('',(0.,1.,0.));
#703 = ORIENTED_EDGE('',*,*,#704,.F.);
#704 = EDGE_CURVE('',#705,#697,#707,.T.);
#705 = VERTEX_POINT('',#706);
#706 = CARTESIAN_POINT('',(1.2,0.8,4.E-02));
#707 = CIRCLE('',#708,4.E-02);
#708 = AXIS2_PLACEMENT_3D('',#709,#710,#711);
#709 = CARTESIAN_POINT('',(1.2,0.76,4.E-02));
#710 = DIRECTION('',(-1.,0.,0.));
#711 = DIRECTION('',(0.,0.,1.));
#712 = ORIENTED_EDGE('',*,*,#713,.T.);
#713 = EDGE_CURVE('',#705,#714,#716,.T.);
#714 = VERTEX_POINT('',#715);
#715 = CARTESIAN_POINT('',(1.2,0.8,1.56));
#716 = LINE('',#717,#718);
#717 = CARTESIAN_POINT('',(1.2,0.8,0.));
#718 = VECTOR('',#719,1.);
#719 = DIRECTION('',(0.,0.,1.));
#720 = ORIENTED_EDGE('',*,*,#721,.T.);
#721 = EDGE_CURVE('',#714,#722,#724,.T.);
#722 = VERTEX_POINT('',#723);
#723 = CARTESIAN_POINT('',(1.2,0.76,1.6));
#724 = CIRCLE('',#725,4.E-02);
#725 = AXIS2_PLACEMENT_3D('',#726,#727,#728);
#726 = CARTESIAN_POINT('',(1.2,0.76,1.56));
#727 = DIRECTION('',(1.,0.,-0.));
#728 = DIRECTION('',(0.,0.,1.));
#729 = ORIENTED_EDGE('',*,*,#730,.F.);
#730 = EDGE_CURVE('',#731,#722,#733,.T.);
#731 = VERTEX_POINT('',#732);
#732 = CARTESIAN_POINT('',(1.2,-0.76,1.6));
#733 = LINE('',#734,#735);
#734 = CARTESIAN_POINT('',(1.2,-0.8,1.6));
#735 = VECTOR('',#736,1.);
#736 = DIRECTION('',(0.,1.,0.));
#737 = ORIENTED_EDGE('',*,*,#738,.F.);
#738 = EDGE_CURVE('',#680,#731,#739,.T.);
#739 = CIRCLE('',#740,4.E-02);
#740 = AXIS2_PLACEMENT_3D('',#741,#742,#743);
#741 = CARTESIAN_POINT('',(1.2,-0.76,1.56));
#742 = DIRECTION('',(-1.,0.,0.));
#743 = DIRECTION('',(0.,0.,1.));
#744 = FACE_BOUND('',#745,.F.);
#745 = EDGE_LOOP('',(#746,#747,#748,#749,#750,#751,#752,#753));
#746 = ORIENTED_EDGE('',*,*,#490,.F.);
#747 = ORIENTED_EDGE('',*,*,#660,.T.);
#748 = ORIENTED_EDGE('',*,*,#643,.T.);
#749 = ORIENTED_EDGE('',*,*,#620,.T.);
#750 = ORIENTED_EDGE('',*,*,#595,.F.);
#751 = ORIENTED_EDGE('',*,*,#562,.F.);
#752 = ORIENTED_EDGE('',*,*,#545,.T.);
#753 = ORIENTED_EDGE('',*,*,#515,.F.);
#754 = PLANE('',#755);
#755 = AXIS2_PLACEMENT_3D('',#756,#757,#758);
#756 = CARTESIAN_POINT('',(1.2,-0.8,0.));
#757 = DIRECTION('',(1.,0.,0.));
#758 = DIRECTION('',(0.,0.,1.));
#759 = ADVANCED_FACE('',(#760),#785,.F.);
#760 = FACE_BOUND('',#761,.F.);
#761 = EDGE_LOOP('',(#762,#772,#778,#779));
#762 = ORIENTED_EDGE('',*,*,#763,.F.);
#763 = EDGE_CURVE('',#764,#766,#768,.T.);
#764 = VERTEX_POINT('',#765);
#765 = CARTESIAN_POINT('',(1.6,-0.8,4.E-02));
#766 = VERTEX_POINT('',#767);
#767 = CARTESIAN_POINT('',(1.6,-0.8,1.56));
#768 = LINE('',#769,#770);
#769 = CARTESIAN_POINT('',(1.6,-0.8,0.));
#770 = VECTOR('',#771,1.);
#771 = DIRECTION('',(0.,0.,1.));
#772 = ORIENTED_EDGE('',*,*,#773,.F.);
#773 = EDGE_CURVE('',#678,#764,#774,.T.);
#774 = LINE('',#775,#776);
#775 = CARTESIAN_POINT('',(1.2,-0.8,4.E-02));
#776 = VECTOR('',#777,1.);
#777 = DIRECTION('',(1.,0.,0.));
#778 = ORIENTED_EDGE('',*,*,#677,.T.);
#779 = ORIENTED_EDGE('',*,*,#780,.T.);
#780 = EDGE_CURVE('',#680,#766,#781,.T.);
#781 = LINE('',#782,#783);
#782 = CARTESIAN_POINT('',(1.2,-0.8,1.56));
#783 = VECTOR('',#784,1.);
#784 = DIRECTION('',(1.,0.,0.));
#785 = PLANE('',#786);
#786 = AXIS2_PLACEMENT_3D('',#787,#788,#789);
#787 = CARTESIAN_POINT('',(1.2,-0.8,0.));
#788 = DIRECTION('',(0.,1.,0.));
#789 = DIRECTION('',(0.,-0.,1.));
#790 = ADVANCED_FACE('',(#791),#810,.T.);
#791 = FACE_BOUND('',#792,.T.);
#792 = EDGE_LOOP('',(#793,#794,#802,#809));
#793 = ORIENTED_EDGE('',*,*,#687,.T.);
#794 = ORIENTED_EDGE('',*,*,#795,.T.);
#795 = EDGE_CURVE('',#688,#796,#798,.T.);
#796 = VERTEX_POINT('',#797);
#797 = CARTESIAN_POINT('',(1.6,-0.76,0.));
#798 = LINE('',#799,#800);
#799 = CARTESIAN_POINT('',(1.2,-0.76,0.));
#800 = VECTOR('',#801,1.);
#801 = DIRECTION('',(1.,0.,0.));
#802 = ORIENTED_EDGE('',*,*,#803,.F.);
#803 = EDGE_CURVE('',#764,#796,#804,.T.);
#804 = CIRCLE('',#805,4.E-02);
#805 = AXIS2_PLACEMENT_3D('',#806,#807,#808);
#806 = CARTESIAN_POINT('',(1.6,-0.76,4.E-02));
#807 = DIRECTION('',(1.,0.,-0.));
#808 = DIRECTION('',(0.,0.,1.));
#809 = ORIENTED_EDGE('',*,*,#773,.F.);
#810 = CYLINDRICAL_SURFACE('',#811,4.E-02);
#811 = AXIS2_PLACEMENT_3D('',#812,#813,#814);
#812 = CARTESIAN_POINT('',(1.2,-0.76,4.E-02));
#813 = DIRECTION('',(1.,0.,0.));
#814 = DIRECTION('',(0.,-1.,0.));
#815 = ADVANCED_FACE('',(#816),#835,.T.);
#816 = FACE_BOUND('',#817,.T.);
#817 = EDGE_LOOP('',(#818,#819,#828,#834));
#818 = ORIENTED_EDGE('',*,*,#780,.T.);
#819 = ORIENTED_EDGE('',*,*,#820,.T.);
#820 = EDGE_CURVE('',#766,#821,#823,.T.);
#821 = VERTEX_POINT('',#822);
#822 = CARTESIAN_POINT('',(1.6,-0.76,1.6));
#823 = CIRCLE('',#824,4.E-02);
#824 = AXIS2_PLACEMENT_3D('',#825,#826,#827);
#825 = CARTESIAN_POINT('',(1.6,-0.76,1.56));
#826 = DIRECTION('',(-1.,0.,0.));
#827 = DIRECTION('',(0.,0.,1.));
#828 = ORIENTED_EDGE('',*,*,#829,.F.);
#829 = EDGE_CURVE('',#731,#821,#830,.T.);
#830 = LINE('',#831,#832);
#831 = CARTESIAN_POINT('',(1.2,-0.76,1.6));
#832 = VECTOR('',#833,1.);
#833 = DIRECTION('',(1.,0.,0.));
#834 = ORIENTED_EDGE('',*,*,#738,.F.);
#835 = CYLINDRICAL_SURFACE('',#836,4.E-02);
#836 = AXIS2_PLACEMENT_3D('',#837,#838,#839);
#837 = CARTESIAN_POINT('',(1.2,-0.76,1.56));
#838 = DIRECTION('',(1.,0.,0.));
#839 = DIRECTION('',(0.,-1.,0.));
#840 = ADVANCED_FACE('',(#841),#859,.F.);
#841 = FACE_BOUND('',#842,.F.);
#842 = EDGE_LOOP('',(#843,#844,#845,#853));
#843 = ORIENTED_EDGE('',*,*,#696,.F.);
#844 = ORIENTED_EDGE('',*,*,#795,.T.);
#845 = ORIENTED_EDGE('',*,*,#846,.T.);
#846 = EDGE_CURVE('',#796,#847,#849,.T.);
#847 = VERTEX_POINT('',#848);
#848 = CARTESIAN_POINT('',(1.6,0.76,0.));
#849 = LINE('',#850,#851);
#850 = CARTESIAN_POINT('',(1.6,-0.8,0.));
#851 = VECTOR('',#852,1.);
#852 = DIRECTION('',(0.,1.,0.));
#853 = ORIENTED_EDGE('',*,*,#854,.F.);
#854 = EDGE_CURVE('',#697,#847,#855,.T.);
#855 = LINE('',#856,#857);
#856 = CARTESIAN_POINT('',(1.2,0.76,0.));
#857 = VECTOR('',#858,1.);
#858 = DIRECTION('',(1.,0.,0.));
#859 = PLANE('',#860);
#860 = AXIS2_PLACEMENT_3D('',#861,#862,#863);
#861 = CARTESIAN_POINT('',(1.2,-0.8,0.));
#862 = DIRECTION('',(0.,0.,1.));
#863 = DIRECTION('',(1.,0.,-0.));
#864 = ADVANCED_FACE('',(#865),#883,.T.);
#865 = FACE_BOUND('',#866,.T.);
#866 = EDGE_LOOP('',(#867,#868,#869,#877));
#867 = ORIENTED_EDGE('',*,*,#730,.F.);
#868 = ORIENTED_EDGE('',*,*,#829,.T.);
#869 = ORIENTED_EDGE('',*,*,#870,.T.);
#870 = EDGE_CURVE('',#821,#871,#873,.T.);
#871 = VERTEX_POINT('',#872);
#872 = CARTESIAN_POINT('',(1.6,0.76,1.6));
#873 = LINE('',#874,#875);
#874 = CARTESIAN_POINT('',(1.6,-0.8,1.6));
#875 = VECTOR('',#876,1.);
#876 = DIRECTION('',(0.,1.,0.));
#877 = ORIENTED_EDGE('',*,*,#878,.F.);
#878 = EDGE_CURVE('',#722,#871,#879,.T.);
#879 = LINE('',#880,#881);
#880 = CARTESIAN_POINT('',(1.2,0.76,1.6));
#881 = VECTOR('',#882,1.);
#882 = DIRECTION('',(1.,0.,0.));
#883 = PLANE('',#884);
#884 = AXIS2_PLACEMENT_3D('',#885,#886,#887);
#885 = CARTESIAN_POINT('',(1.2,-0.8,1.6));
#886 = DIRECTION('',(0.,0.,1.));
#887 = DIRECTION('',(1.,0.,-0.));
#888 = ADVANCED_FACE('',(#889),#908,.T.);
#889 = FACE_BOUND('',#890,.T.);
#890 = EDGE_LOOP('',(#891,#899,#906,#907));
#891 = ORIENTED_EDGE('',*,*,#892,.T.);
#892 = EDGE_CURVE('',#705,#893,#895,.T.);
#893 = VERTEX_POINT('',#894);
#894 = CARTESIAN_POINT('',(1.6,0.8,4.E-02));
#895 = LINE('',#896,#897);
#896 = CARTESIAN_POINT('',(1.2,0.8,4.E-02));
#897 = VECTOR('',#898,1.);
#898 = DIRECTION('',(1.,0.,0.));
#899 = ORIENTED_EDGE('',*,*,#900,.T.);
#900 = EDGE_CURVE('',#893,#847,#901,.T.);
#901 = CIRCLE('',#902,4.E-02);
#902 = AXIS2_PLACEMENT_3D('',#903,#904,#905);
#903 = CARTESIAN_POINT('',(1.6,0.76,4.E-02));
#904 = DIRECTION('',(-1.,0.,0.));
#905 = DIRECTION('',(0.,0.,1.));
#906 = ORIENTED_EDGE('',*,*,#854,.F.);
#907 = ORIENTED_EDGE('',*,*,#704,.F.);
#908 = CYLINDRICAL_SURFACE('',#909,4.E-02);
#909 = AXIS2_PLACEMENT_3D('',#910,#911,#912);
#910 = CARTESIAN_POINT('',(1.2,0.76,4.E-02));
#911 = DIRECTION('',(1.,0.,0.));
#912 = DIRECTION('',(-0.,1.,0.));
#913 = ADVANCED_FACE('',(#914),#933,.T.);
#914 = FACE_BOUND('',#915,.T.);
#915 = EDGE_LOOP('',(#916,#917,#918,#927));
#916 = ORIENTED_EDGE('',*,*,#721,.T.);
#917 = ORIENTED_EDGE('',*,*,#878,.T.);
#918 = ORIENTED_EDGE('',*,*,#919,.F.);
#919 = EDGE_CURVE('',#920,#871,#922,.T.);
#920 = VERTEX_POINT('',#921);
#921 = CARTESIAN_POINT('',(1.6,0.8,1.56));
#922 = CIRCLE('',#923,4.E-02);
#923 = AXIS2_PLACEMENT_3D('',#924,#925,#926);
#924 = CARTESIAN_POINT('',(1.6,0.76,1.56));
#925 = DIRECTION('',(1.,0.,-0.));
#926 = DIRECTION('',(0.,0.,1.));
#927 = ORIENTED_EDGE('',*,*,#928,.F.);
#928 = EDGE_CURVE('',#714,#920,#929,.T.);
#929 = LINE('',#930,#931);
#930 = CARTESIAN_POINT('',(1.2,0.8,1.56));
#931 = VECTOR('',#932,1.);
#932 = DIRECTION('',(1.,0.,0.));
#933 = CYLINDRICAL_SURFACE('',#934,4.E-02);
#934 = AXIS2_PLACEMENT_3D('',#935,#936,#937);
#935 = CARTESIAN_POINT('',(1.2,0.76,1.56));
#936 = DIRECTION('',(1.,0.,0.));
#937 = DIRECTION('',(-0.,1.,0.));
#938 = ADVANCED_FACE('',(#939),#950,.T.);
#939 = FACE_BOUND('',#940,.T.);
#940 = EDGE_LOOP('',(#941,#947,#948,#949));
#941 = ORIENTED_EDGE('',*,*,#942,.F.);
#942 = EDGE_CURVE('',#893,#920,#943,.T.);
#943 = LINE('',#944,#945);
#944 = CARTESIAN_POINT('',(1.6,0.8,0.));
#945 = VECTOR('',#946,1.);
#946 = DIRECTION('',(0.,0.,1.));
#947 = ORIENTED_EDGE('',*,*,#892,.F.);
#948 = ORIENTED_EDGE('',*,*,#713,.T.);
#949 = ORIENTED_EDGE('',*,*,#928,.T.);
#950 = PLANE('',#951);
#951 = AXIS2_PLACEMENT_3D('',#952,#953,#954);
#952 = CARTESIAN_POINT('',(1.2,0.8,0.));
#953 = DIRECTION('',(0.,1.,0.));
#954 = DIRECTION('',(0.,-0.,1.));
#955 = ADVANCED_FACE('',(#956),#966,.T.);
#956 = FACE_BOUND('',#957,.T.);
#957 = EDGE_LOOP('',(#958,#959,#960,#961,#962,#963,#964,#965));
#958 = ORIENTED_EDGE('',*,*,#763,.F.);
#959 = ORIENTED_EDGE('',*,*,#803,.T.);
#960 = ORIENTED_EDGE('',*,*,#846,.T.);
#961 = ORIENTED_EDGE('',*,*,#900,.F.);
#962 = ORIENTED_EDGE('',*,*,#942,.T.);
#963 = ORIENTED_EDGE('',*,*,#919,.T.);
#964 = ORIENTED_EDGE('',*,*,#870,.F.);
#965 = ORIENTED_EDGE('',*,*,#820,.F.);
#966 = PLANE('',#967);
#967 = AXIS2_PLACEMENT_3D('',#968,#969,#970);
#968 = CARTESIAN_POINT('',(1.6,-0.8,0.));
#969 = DIRECTION('',(1.,0.,0.));
#970 = DIRECTION('',(0.,0.,1.));
#971 = ( GEOMETRIC_REPRESENTATION_CONTEXT(3) 
GLOBAL_UNCERTAINTY_ASSIGNED_CONTEXT((#975)) GLOBAL_UNIT_ASSIGNED_CONTEXT
((#972,#973,#974)) REPRESENTATION_CONTEXT('Context #1',
  '3D Context with UNIT and UNCERTAINTY') );
#972 = ( LENGTH_UNIT() NAMED_UNIT(*) SI_UNIT(.MILLI.,.METRE.) );
#973 = ( NAMED_UNIT(*) PLANE_ANGLE_UNIT() SI_UNIT($,.RADIAN.) );
#974 = ( NAMED_UNIT(*) SI_UNIT($,.STERADIAN.) SOLID_ANGLE_UNIT() );
#975 = UNCERTAINTY_MEASURE_WITH_UNIT(LENGTH_MEASURE(1.E-07),#972,
  'distance_accuracy_value','confusion accuracy');
#976 = CONTEXT_DEPENDENT_SHAPE_REPRESENTATION(#977,#979);
#977 = ( REPRESENTATION_RELATIONSHIP('','',#116,#10) 
REPRESENTATION_RELATIONSHIP_WITH_TRANSFORMATION(#978) 
SHAPE_REPRESENTATION_RELATIONSHIP() );
#978 = ITEM_DEFINED_TRANSFORMATION('','',#11,#15);
#979 = PRODUCT_DEFINITION_SHAPE('Placement','Placement of an item',#980
  );
#980 = NEXT_ASSEMBLY_USAGE_OCCURRENCE('1','C1','',#5,#111,$);
#981 = PRODUCT_RELATED_PRODUCT_CATEGORY('part',$,(#113));
#982 = SHAPE_DEFINITION_REPRESENTATION(#983,#989);
#983 = PRODUCT_DEFINITION_SHAPE('','',#984);
#984 = PRODUCT_DEFINITION('design','',#985,#988);
#985 = PRODUCT_DEFINITION_FORMATION('','',#986);
#986 = PRODUCT('C_0603_1608Metric','C_0603_1608Metric','',(#987));
#987 = PRODUCT_CONTEXT('',#2,'mechanical');
#988 = PRODUCT_DEFINITION_CONTEXT('part definition',#2,'design');
#989 = ADVANCED_BREP_SHAPE_REPRESENTATION('',(#11,#990),#1844);
#990 = MANIFOLD_SOLID_BREP('',#991);
#991 = CLOSED_SHELL('',(#992,#1068,#1099,#1124,#1149,#1173,#1197,#1222,
    #1247,#1264,#1350,#1382,#1406,#1431,#1455,#1480,#1504,#1529,#1546,
    #1632,#1663,#1688,#1713,#1737,#1761,#1786,#1811,#1828));
#992 = ADVANCED_FACE('',(#993),#1063,.F.);
#993 = FACE_BOUND('',#994,.F.);
#994 = EDGE_LOOP('',(#995,#1005,#1014,#1022,#1031,#1039,#1048,#1056));
#995 = ORIENTED_EDGE('',*,*,#996,.F.);
#996 = EDGE_CURVE('',#997,#999,#1001,.T.);
#997 = VERTEX_POINT('',#998);
#998 = CARTESIAN_POINT('',(-0.8,-0.4,3.E-02));
#999 = VERTEX_POINT('',#1000);
#1000 = CARTESIAN_POINT('',(-0.8,-0.4,0.77));
#1001 = LINE('',#1002,#1003);
#1002 = CARTESIAN_POINT('',(-0.8,-0.4,0.));
#1003 = VECTOR('',#1004,1.);
#1004 = DIRECTION('',(0.,0.,1.));
#1005 = ORIENTED_EDGE('',*,*,#1006,.T.);
#1006 = EDGE_CURVE('',#997,#1007,#1009,.T.);
#1007 = VERTEX_POINT('',#1008);
#1008 = CARTESIAN_POINT('',(-0.8,-0.37,0.));
#1009 = CIRCLE('',#1010,3.E-02);
#1010 = AXIS2_PLACEMENT_3D('',#1011,#1012,#1013);
#1011 = CARTESIAN_POINT('',(-0.8,-0.37,3.E-02));
#1012 = DIRECTION('',(1.,0.,-0.));
#1013 = DIRECTION('',(0.,0.,1.));
#1014 = ORIENTED_EDGE('',*,*,#1015,.T.);
#1015 = EDGE_CURVE('',#1007,#1016,#1018,.T.);
#1016 = VERTEX_POINT('',#1017);
#1017 = CARTESIAN_POINT('',(-0.8,0.37,0.));
#1018 = LINE('',#1019,#1020);
#1019 = CARTESIAN_POINT('',(-0.8,-0.4,0.));
#1020 = VECTOR('',#1021,1.);
#1021 = DIRECTION('',(0.,1.,0.));
#1022 = ORIENTED_EDGE('',*,*,#1023,.F.);
#1023 = EDGE_CURVE('',#1024,#1016,#1026,.T.);
#1024 = VERTEX_POINT('',#1025);
#1025 = CARTESIAN_POINT('',(-0.8,0.4,3.E-02));
#1026 = CIRCLE('',#1027,3.E-02);
#1027 = AXIS2_PLACEMENT_3D('',#1028,#1029,#1030);
#1028 = CARTESIAN_POINT('',(-0.8,0.37,3.E-02));
#1029 = DIRECTION('',(-1.,0.,0.));
#1030 = DIRECTION('',(0.,0.,1.));
#1031 = ORIENTED_EDGE('',*,*,#1032,.T.);
#1032 = EDGE_CURVE('',#1024,#1033,#1035,.T.);
#1033 = VERTEX_POINT('',#1034);
#1034 = CARTESIAN_POINT('',(-0.8,0.4,0.77));
#1035 = LINE('',#1036,#1037);
#1036 = CARTESIAN_POINT('',(-0.8,0.4,0.));
#1037 = VECTOR('',#1038,1.);
#1038 = DIRECTION('',(0.,0.,1.));
#1039 = ORIENTED_EDGE('',*,*,#1040,.T.);
#1040 = EDGE_CURVE('',#1033,#1041,#1043,.T.);
#1041 = VERTEX_POINT('',#1042);
#1042 = CARTESIAN_POINT('',(-0.8,0.37,0.8));
#1043 = CIRCLE('',#1044,3.E-02);
#1044 = AXIS2_PLACEMENT_3D('',#1045,#1046,#1047);
#1045 = CARTESIAN_POINT('',(-0.8,0.37,0.77));
#1046 = DIRECTION('',(1.,0.,-0.));
#1047 = DIRECTION('',(0.,0.,1.));
#1048 = ORIENTED_EDGE('',*,*,#1049,.F.);
#1049 = EDGE_CURVE('',#1050,#1041,#1052,.T.);
#1050 = VERTEX_POINT('',#1051);
#1051 = CARTESIAN_POINT('',(-0.8,-0.37,0.8));
#1052 = LINE('',#1053,#1054);
#1053 = CARTESIAN_POINT('',(-0.8,-0.4,0.8));
#1054 = VECTOR('',#1055,1.);
#1055 = DIRECTION('',(0.,1.,0.));
#1056 = ORIENTED_EDGE('',*,*,#1057,.F.);
#1057 = EDGE_CURVE('',#999,#1050,#1058,.T.);
#1058 = CIRCLE('',#1059,3.E-02);
#1059 = AXIS2_PLACEMENT_3D('',#1060,#1061,#1062);
#1060 = CARTESIAN_POINT('',(-0.8,-0.37,0.77));
#1061 = DIRECTION('',(-1.,0.,0.));
#1062 = DIRECTION('',(0.,0.,1.));
#1063 = PLANE('',#1064);
#1064 = AXIS2_PLACEMENT_3D('',#1065,#1066,#1067);
#1065 = CARTESIAN_POINT('',(-0.8,-0.4,0.));
#1066 = DIRECTION('',(1.,0.,0.));
#1067 = DIRECTION('',(0.,0.,1.));
#1068 = ADVANCED_FACE('',(#1069),#1094,.F.);
#1069 = FACE_BOUND('',#1070,.F.);
#1070 = EDGE_LOOP('',(#1071,#1081,#1087,#1088));
#1071 = ORIENTED_EDGE('',*,*,#1072,.F.);
#1072 = EDGE_CURVE('',#1073,#1075,#1077,.T.);
#1073 = VERTEX_POINT('',#1074);
#1074 = CARTESIAN_POINT('',(-0.5,-0.4,3.E-02));
#1075 = VERTEX_POINT('',#1076);
#1076 = CARTESIAN_POINT('',(-0.5,-0.4,0.77));
#1077 = LINE('',#1078,#1079);
#1078 = CARTESIAN_POINT('',(-0.5,-0.4,0.));
#1079 = VECTOR('',#1080,1.);
#1080 = DIRECTION('',(0.,0.,1.));
#1081 = ORIENTED_EDGE('',*,*,#1082,.F.);
#1082 = EDGE_CURVE('',#997,#1073,#1083,.T.);
#1083 = LINE('',#1084,#1085);
#1084 = CARTESIAN_POINT('',(-0.8,-0.4,3.E-02));
#1085 = VECTOR('',#1086,1.);
#1086 = DIRECTION('',(1.,0.,0.));
#1087 = ORIENTED_EDGE('',*,*,#996,.T.);
#1088 = ORIENTED_EDGE('',*,*,#1089,.T.);
#1089 = EDGE_CURVE('',#999,#1075,#1090,.T.);
#1090 = LINE('',#1091,#1092);
#1091 = CARTESIAN_POINT('',(-0.8,-0.4,0.77));
#1092 = VECTOR('',#1093,1.);
#1093 = DIRECTION('',(1.,0.,0.));
#1094 = PLANE('',#1095);
#1095 = AXIS2_PLACEMENT_3D('',#1096,#1097,#1098);
#1096 = CARTESIAN_POINT('',(-0.8,-0.4,0.));
#1097 = DIRECTION('',(0.,1.,0.));
#1098 = DIRECTION('',(0.,-0.,1.));
#1099 = ADVANCED_FACE('',(#1100),#1119,.T.);
#1100 = FACE_BOUND('',#1101,.T.);
#1101 = EDGE_LOOP('',(#1102,#1103,#1111,#1118));
#1102 = ORIENTED_EDGE('',*,*,#1006,.T.);
#1103 = ORIENTED_EDGE('',*,*,#1104,.T.);
#1104 = EDGE_CURVE('',#1007,#1105,#1107,.T.);
#1105 = VERTEX_POINT('',#1106);
#1106 = CARTESIAN_POINT('',(-0.5,-0.37,0.));
#1107 = LINE('',#1108,#1109);
#1108 = CARTESIAN_POINT('',(-0.8,-0.37,0.));
#1109 = VECTOR('',#1110,1.);
#1110 = DIRECTION('',(1.,0.,0.));
#1111 = ORIENTED_EDGE('',*,*,#1112,.F.);
#1112 = EDGE_CURVE('',#1073,#1105,#1113,.T.);
#1113 = CIRCLE('',#1114,3.E-02);
#1114 = AXIS2_PLACEMENT_3D('',#1115,#1116,#1117);
#1115 = CARTESIAN_POINT('',(-0.5,-0.37,3.E-02));
#1116 = DIRECTION('',(1.,0.,-0.));
#1117 = DIRECTION('',(0.,0.,1.));
#1118 = ORIENTED_EDGE('',*,*,#1082,.F.);
#1119 = CYLINDRICAL_SURFACE('',#1120,3.E-02);
#1120 = AXIS2_PLACEMENT_3D('',#1121,#1122,#1123);
#1121 = CARTESIAN_POINT('',(-0.8,-0.37,3.E-02));
#1122 = DIRECTION('',(1.,0.,0.));
#1123 = DIRECTION('',(0.,-1.,0.));
#1124 = ADVANCED_FACE('',(#1125),#1144,.T.);
#1125 = FACE_BOUND('',#1126,.T.);
#1126 = EDGE_LOOP('',(#1127,#1128,#1137,#1143));
#1127 = ORIENTED_EDGE('',*,*,#1089,.T.);
#1128 = ORIENTED_EDGE('',*,*,#1129,.T.);
#1129 = EDGE_CURVE('',#1075,#1130,#1132,.T.);
#1130 = VERTEX_POINT('',#1131);
#1131 = CARTESIAN_POINT('',(-0.5,-0.37,0.8));
#1132 = CIRCLE('',#1133,3.E-02);
#1133 = AXIS2_PLACEMENT_3D('',#1134,#1135,#1136);
#1134 = CARTESIAN_POINT('',(-0.5,-0.37,0.77));
#1135 = DIRECTION('',(-1.,0.,0.));
#1136 = DIRECTION('',(0.,0.,1.));
#1137 = ORIENTED_EDGE('',*,*,#1138,.F.);
#1138 = EDGE_CURVE('',#1050,#1130,#1139,.T.);
#1139 = LINE('',#1140,#1141);
#1140 = CARTESIAN_POINT('',(-0.8,-0.37,0.8));
#1141 = VECTOR('',#1142,1.);
#1142 = DIRECTION('',(1.,0.,0.));
#1143 = ORIENTED_EDGE('',*,*,#1057,.F.);
#1144 = CYLINDRICAL_SURFACE('',#1145,3.E-02);
#1145 = AXIS2_PLACEMENT_3D('',#1146,#1147,#1148);
#1146 = CARTESIAN_POINT('',(-0.8,-0.37,0.77));
#1147 = DIRECTION('',(1.,0.,0.));
#1148 = DIRECTION('',(0.,-1.,0.));
#1149 = ADVANCED_FACE('',(#1150),#1168,.F.);
#1150 = FACE_BOUND('',#1151,.F.);
#1151 = EDGE_LOOP('',(#1152,#1153,#1154,#1162));
#1152 = ORIENTED_EDGE('',*,*,#1015,.F.);
#1153 = ORIENTED_EDGE('',*,*,#1104,.T.);
#1154 = ORIENTED_EDGE('',*,*,#1155,.T.);
#1155 = EDGE_CURVE('',#1105,#1156,#1158,.T.);
#1156 = VERTEX_POINT('',#1157);
#1157 = CARTESIAN_POINT('',(-0.5,0.37,0.));
#1158 = LINE('',#1159,#1160);
#1159 = CARTESIAN_POINT('',(-0.5,-0.4,0.));
#1160 = VECTOR('',#1161,1.);
#1161 = DIRECTION('',(0.,1.,0.));
#1162 = ORIENTED_EDGE('',*,*,#1163,.F.);
#1163 = EDGE_CURVE('',#1016,#1156,#1164,.T.);
#1164 = LINE('',#1165,#1166);
#1165 = CARTESIAN_POINT('',(-0.8,0.37,0.));
#1166 = VECTOR('',#1167,1.);
#1167 = DIRECTION('',(1.,0.,0.));
#1168 = PLANE('',#1169);
#1169 = AXIS2_PLACEMENT_3D('',#1170,#1171,#1172);
#1170 = CARTESIAN_POINT('',(-0.8,-0.4,0.));
#1171 = DIRECTION('',(0.,0.,1.));
#1172 = DIRECTION('',(1.,0.,-0.));
#1173 = ADVANCED_FACE('',(#1174),#1192,.T.);
#1174 = FACE_BOUND('',#1175,.T.);
#1175 = EDGE_LOOP('',(#1176,#1177,#1178,#1186));
#1176 = ORIENTED_EDGE('',*,*,#1049,.F.);
#1177 = ORIENTED_EDGE('',*,*,#1138,.T.);
#1178 = ORIENTED_EDGE('',*,*,#1179,.T.);
#1179 = EDGE_CURVE('',#1130,#1180,#1182,.T.);
#1180 = VERTEX_POINT('',#1181);
#1181 = CARTESIAN_POINT('',(-0.5,0.37,0.8));
#1182 = LINE('',#1183,#1184);
#1183 = CARTESIAN_POINT('',(-0.5,-0.4,0.8));
#1184 = VECTOR('',#1185,1.);
#1185 = DIRECTION('',(0.,1.,0.));
#1186 = ORIENTED_EDGE('',*,*,#1187,.F.);
#1187 = EDGE_CURVE('',#1041,#1180,#1188,.T.);
#1188 = LINE('',#1189,#1190);
#1189 = CARTESIAN_POINT('',(-0.8,0.37,0.8));
#1190 = VECTOR('',#1191,1.);
#1191 = DIRECTION('',(1.,0.,0.));
#1192 = PLANE('',#1193);
#1193 = AXIS2_PLACEMENT_3D('',#1194,#1195,#1196);
#1194 = CARTESIAN_POINT('',(-0.8,-0.4,0.8));
#1195 = DIRECTION('',(0.,0.,1.));
#1196 = DIRECTION('',(1.,0.,-0.));
#1197 = ADVANCED_FACE('',(#1198),#1217,.T.);
#1198 = FACE_BOUND('',#1199,.T.);
#1199 = EDGE_LOOP('',(#1200,#1208,#1215,#1216));
#1200 = ORIENTED_EDGE('',*,*,#1201,.T.);
#1201 = EDGE_CURVE('',#1024,#1202,#1204,.T.);
#1202 = VERTEX_POINT('',#1203);
#1203 = CARTESIAN_POINT('',(-0.5,0.4,3.E-02));
#1204 = LINE('',#1205,#1206);
#1205 = CARTESIAN_POINT('',(-0.8,0.4,3.E-02));
#1206 = VECTOR('',#1207,1.);
#1207 = DIRECTION('',(1.,0.,0.));
#1208 = ORIENTED_EDGE('',*,*,#1209,.T.);
#1209 = EDGE_CURVE('',#1202,#1156,#1210,.T.);
#1210 = CIRCLE('',#1211,3.E-02);
#1211 = AXIS2_PLACEMENT_3D('',#1212,#1213,#1214);
#1212 = CARTESIAN_POINT('',(-0.5,0.37,3.E-02));
#1213 = DIRECTION('',(-1.,0.,0.));
#1214 = DIRECTION('',(0.,0.,1.));
#1215 = ORIENTED_EDGE('',*,*,#1163,.F.);
#1216 = ORIENTED_EDGE('',*,*,#1023,.F.);
#1217 = CYLINDRICAL_SURFACE('',#1218,3.E-02);
#1218 = AXIS2_PLACEMENT_3D('',#1219,#1220,#1221);
#1219 = CARTESIAN_POINT('',(-0.8,0.37,3.E-02));
#1220 = DIRECTION('',(1.,0.,0.));
#1221 = DIRECTION('',(-0.,1.,0.));
#1222 = ADVANCED_FACE('',(#1223),#1242,.T.);
#1223 = FACE_BOUND('',#1224,.T.);
#1224 = EDGE_LOOP('',(#1225,#1226,#1227,#1236));
#1225 = ORIENTED_EDGE('',*,*,#1040,.T.);
#1226 = ORIENTED_EDGE('',*,*,#1187,.T.);
#1227 = ORIENTED_EDGE('',*,*,#1228,.F.);
#1228 = EDGE_CURVE('',#1229,#1180,#1231,.T.);
#1229 = VERTEX_POINT('',#1230);
#1230 = CARTESIAN_POINT('',(-0.5,0.4,0.77));
#1231 = CIRCLE('',#1232,3.E-02);
#1232 = AXIS2_PLACEMENT_3D('',#1233,#1234,#1235);
#1233 = CARTESIAN_POINT('',(-0.5,0.37,0.77));
#1234 = DIRECTION('',(1.,0.,-0.));
#1235 = DIRECTION('',(0.,0.,1.));
#1236 = ORIENTED_EDGE('',*,*,#1237,.F.);
#1237 = EDGE_CURVE('',#1033,#1229,#1238,.T.);
#1238 = LINE('',#1239,#1240);
#1239 = CARTESIAN_POINT('',(-0.8,0.4,0.77));
#1240 = VECTOR('',#1241,1.);
#1241 = DIRECTION('',(1.,0.,0.));
#1242 = CYLINDRICAL_SURFACE('',#1243,3.E-02);
#1243 = AXIS2_PLACEMENT_3D('',#1244,#1245,#1246);
#1244 = CARTESIAN_POINT('',(-0.8,0.37,0.77));
#1245 = DIRECTION('',(1.,0.,0.));
#1246 = DIRECTION('',(-0.,1.,0.));
#1247 = ADVANCED_FACE('',(#1248),#1259,.T.);
#1248 = FACE_BOUND('',#1249,.T.);
#1249 = EDGE_LOOP('',(#1250,#1256,#1257,#1258));
#1250 = ORIENTED_EDGE('',*,*,#1251,.F.);
#1251 = EDGE_CURVE('',#1202,#1229,#1252,.T.);
#1252 = LINE('',#1253,#1254);
#1253 = CARTESIAN_POINT('',(-0.5,0.4,0.));
#1254 = VECTOR('',#1255,1.);
#1255 = DIRECTION('',(0.,0.,1.));
#1256 = ORIENTED_EDGE('',*,*,#1201,.F.);
#1257 = ORIENTED_EDGE('',*,*,#1032,.T.);
#1258 = ORIENTED_EDGE('',*,*,#1237,.T.);
#1259 = PLANE('',#1260);
#1260 = AXIS2_PLACEMENT_3D('',#1261,#1262,#1263);
#1261 = CARTESIAN_POINT('',(-0.8,0.4,0.));
#1262 = DIRECTION('',(0.,1.,0.));
#1263 = DIRECTION('',(0.,-0.,1.));
#1264 = ADVANCED_FACE('',(#1265,#1275),#1345,.T.);
#1265 = FACE_BOUND('',#1266,.T.);
#1266 = EDGE_LOOP('',(#1267,#1268,#1269,#1270,#1271,#1272,#1273,#1274));
#1267 = ORIENTED_EDGE('',*,*,#1072,.F.);
#1268 = ORIENTED_EDGE('',*,*,#1112,.T.);
#1269 = ORIENTED_EDGE('',*,*,#1155,.T.);
#1270 = ORIENTED_EDGE('',*,*,#1209,.F.);
#1271 = ORIENTED_EDGE('',*,*,#1251,.T.);
#1272 = ORIENTED_EDGE('',*,*,#1228,.T.);
#1273 = ORIENTED_EDGE('',*,*,#1179,.F.);
#1274 = ORIENTED_EDGE('',*,*,#1129,.F.);
#1275 = FACE_BOUND('',#1276,.T.);
#1276 = EDGE_LOOP('',(#1277,#1288,#1296,#1305,#1313,#1322,#1330,#1339));
#1277 = ORIENTED_EDGE('',*,*,#1278,.F.);
#1278 = EDGE_CURVE('',#1279,#1281,#1283,.T.);
#1279 = VERTEX_POINT('',#1280);
#1280 = CARTESIAN_POINT('',(-0.5,-0.37,6.E-02));
#1281 = VERTEX_POINT('',#1282);
#1282 = CARTESIAN_POINT('',(-0.5,-0.34,3.E-02));
#1283 = CIRCLE('',#1284,3.E-02);
#1284 = AXIS2_PLACEMENT_3D('',#1285,#1286,#1287);
#1285 = CARTESIAN_POINT('',(-0.5,-0.34,6.E-02));
#1286 = DIRECTION('',(1.,0.,-0.));
#1287 = DIRECTION('',(0.,0.,1.));
#1288 = ORIENTED_EDGE('',*,*,#1289,.T.);
#1289 = EDGE_CURVE('',#1279,#1290,#1292,.T.);
#1290 = VERTEX_POINT('',#1291);
#1291 = CARTESIAN_POINT('',(-0.5,-0.37,0.74));
#1292 = LINE('',#1293,#1294);
#1293 = CARTESIAN_POINT('',(-0.5,-0.37,3.E-02));
#1294 = VECTOR('',#1295,1.);
#1295 = DIRECTION('',(0.,0.,1.));
#1296 = ORIENTED_EDGE('',*,*,#1297,.T.);
#1297 = EDGE_CURVE('',#1290,#1298,#1300,.T.);
#1298 = VERTEX_POINT('',#1299);
#1299 = CARTESIAN_POINT('',(-0.5,-0.34,0.77));
#1300 = CIRCLE('',#1301,3.E-02);
#1301 = AXIS2_PLACEMENT_3D('',#1302,#1303,#1304);
#1302 = CARTESIAN_POINT('',(-0.5,-0.34,0.74));
#1303 = DIRECTION('',(-1.,0.,0.));
#1304 = DIRECTION('',(0.,0.,1.));
#1305 = ORIENTED_EDGE('',*,*,#1306,.T.);
#1306 = EDGE_CURVE('',#1298,#1307,#1309,.T.);
#1307 = VERTEX_POINT('',#1308);
#1308 = CARTESIAN_POINT('',(-0.5,0.34,0.77));
#1309 = LINE('',#1310,#1311);
#1310 = CARTESIAN_POINT('',(-0.5,-0.37,0.77));
#1311 = VECTOR('',#1312,1.);
#1312 = DIRECTION('',(0.,1.,0.));
#1313 = ORIENTED_EDGE('',*,*,#1314,.F.);
#1314 = EDGE_CURVE('',#1315,#1307,#1317,.T.);
#1315 = VERTEX_POINT('',#1316);
#1316 = CARTESIAN_POINT('',(-0.5,0.37,0.74));
#1317 = CIRCLE('',#1318,3.E-02);
#1318 = AXIS2_PLACEMENT_3D('',#1319,#1320,#1321);
#1319 = CARTESIAN_POINT('',(-0.5,0.34,0.74));
#1320 = DIRECTION('',(1.,0.,-0.));
#1321 = DIRECTION('',(0.,0.,1.));
#1322 = ORIENTED_EDGE('',*,*,#1323,.F.);
#1323 = EDGE_CURVE('',#1324,#1315,#1326,.T.);
#1324 = VERTEX_POINT('',#1325);
#1325 = CARTESIAN_POINT('',(-0.5,0.37,6.E-02));
#1326 = LINE('',#1327,#1328);
#1327 = CARTESIAN_POINT('',(-0.5,0.37,3.E-02));
#1328 = VECTOR('',#1329,1.);
#1329 = DIRECTION('',(0.,0.,1.));
#1330 = ORIENTED_EDGE('',*,*,#1331,.T.);
#1331 = EDGE_CURVE('',#1324,#1332,#1334,.T.);
#1332 = VERTEX_POINT('',#1333);
#1333 = CARTESIAN_POINT('',(-0.5,0.34,3.E-02));
#1334 = CIRCLE('',#1335,3.E-02);
#1335 = AXIS2_PLACEMENT_3D('',#1336,#1337,#1338);
#1336 = CARTESIAN_POINT('',(-0.5,0.34,6.E-02));
#1337 = DIRECTION('',(-1.,0.,0.));
#1338 = DIRECTION('',(0.,0.,1.));
#1339 = ORIENTED_EDGE('',*,*,#1340,.F.);
#1340 = EDGE_CURVE('',#1281,#1332,#1341,.T.);
#1341 = LINE('',#1342,#1343);
#1342 = CARTESIAN_POINT('',(-0.5,-0.37,3.E-02));
#1343 = VECTOR('',#1344,1.);
#1344 = DIRECTION('',(0.,1.,0.));
#1345 = PLANE('',#1346);
#1346 = AXIS2_PLACEMENT_3D('',#1347,#1348,#1349);
#1347 = CARTESIAN_POINT('',(-0.5,-0.4,0.));
#1348 = DIRECTION('',(1.,0.,0.));
#1349 = DIRECTION('',(0.,0.,1.));
#1350 = ADVANCED_FACE('',(#1351),#1377,.T.);
#1351 = FACE_BOUND('',#1352,.T.);
#1352 = EDGE_LOOP('',(#1353,#1354,#1362,#1371));
#1353 = ORIENTED_EDGE('',*,*,#1278,.T.);
#1354 = ORIENTED_EDGE('',*,*,#1355,.T.);
#1355 = EDGE_CURVE('',#1281,#1356,#1358,.T.);
#1356 = VERTEX_POINT('',#1357);
#1357 = CARTESIAN_POINT('',(0.5,-0.34,3.E-02));
#1358 = LINE('',#1359,#1360);
#1359 = CARTESIAN_POINT('',(-0.5,-0.34,3.E-02));
#1360 = VECTOR('',#1361,1.);
#1361 = DIRECTION('',(1.,0.,0.));
#1362 = ORIENTED_EDGE('',*,*,#1363,.F.);
#1363 = EDGE_CURVE('',#1364,#1356,#1366,.T.);
#1364 = VERTEX_POINT('',#1365);
#1365 = CARTESIAN_POINT('',(0.5,-0.37,6.E-02));
#1366 = CIRCLE('',#1367,3.E-02);
#1367 = AXIS2_PLACEMENT_3D('',#1368,#1369,#1370);
#1368 = CARTESIAN_POINT('',(0.5,-0.34,6.E-02));
#1369 = DIRECTION('',(1.,0.,-0.));
#1370 = DIRECTION('',(0.,0.,1.));
#1371 = ORIENTED_EDGE('',*,*,#1372,.F.);
#1372 = EDGE_CURVE('',#1279,#1364,#1373,.T.);
#1373 = LINE('',#1374,#1375);
#1374 = CARTESIAN_POINT('',(-0.5,-0.37,6.E-02));
#1375 = VECTOR('',#1376,1.);
#1376 = DIRECTION('',(1.,0.,0.));
#1377 = CYLINDRICAL_SURFACE('',#1378,3.E-02);
#1378 = AXIS2_PLACEMENT_3D('',#1379,#1380,#1381);
#1379 = CARTESIAN_POINT('',(-0.5,-0.34,6.E-02));
#1380 = DIRECTION('',(1.,0.,0.));
#1381 = DIRECTION('',(0.,-1.,0.));
#1382 = ADVANCED_FACE('',(#1383),#1401,.F.);
#1383 = FACE_BOUND('',#1384,.F.);
#1384 = EDGE_LOOP('',(#1385,#1386,#1387,#1395));
#1385 = ORIENTED_EDGE('',*,*,#1340,.F.);
#1386 = ORIENTED_EDGE('',*,*,#1355,.T.);
#1387 = ORIENTED_EDGE('',*,*,#1388,.T.);
#1388 = EDGE_CURVE('',#1356,#1389,#1391,.T.);
#1389 = VERTEX_POINT('',#1390);
#1390 = CARTESIAN_POINT('',(0.5,0.34,3.E-02));
#1391 = LINE('',#1392,#1393);
#1392 = CARTESIAN_POINT('',(0.5,-0.37,3.E-02));
#1393 = VECTOR('',#1394,1.);
#1394 = DIRECTION('',(0.,1.,0.));
#1395 = ORIENTED_EDGE('',*,*,#1396,.F.);
#1396 = EDGE_CURVE('',#1332,#1389,#1397,.T.);
#1397 = LINE('',#1398,#1399);
#1398 = CARTESIAN_POINT('',(-0.5,0.34,3.E-02));
#1399 = VECTOR('',#1400,1.);
#1400 = DIRECTION('',(1.,0.,0.));
#1401 = PLANE('',#1402);
#1402 = AXIS2_PLACEMENT_3D('',#1403,#1404,#1405);
#1403 = CARTESIAN_POINT('',(-0.5,-0.37,3.E-02));
#1404 = DIRECTION('',(0.,0.,1.));
#1405 = DIRECTION('',(1.,0.,-0.));
#1406 = ADVANCED_FACE('',(#1407),#1426,.T.);
#1407 = FACE_BOUND('',#1408,.T.);
#1408 = EDGE_LOOP('',(#1409,#1417,#1424,#1425));
#1409 = ORIENTED_EDGE('',*,*,#1410,.T.);
#1410 = EDGE_CURVE('',#1324,#1411,#1413,.T.);
#1411 = VERTEX_POINT('',#1412);
#1412 = CARTESIAN_POINT('',(0.5,0.37,6.E-02));
#1413 = LINE('',#1414,#1415);
#1414 = CARTESIAN_POINT('',(-0.5,0.37,6.E-02));
#1415 = VECTOR('',#1416,1.);
#1416 = DIRECTION('',(1.,0.,0.));
#1417 = ORIENTED_EDGE('',*,*,#1418,.T.);
#1418 = EDGE_CURVE('',#1411,#1389,#1419,.T.);
#1419 = CIRCLE('',#1420,3.E-02);
#1420 = AXIS2_PLACEMENT_3D('',#1421,#1422,#1423);
#1421 = CARTESIAN_POINT('',(0.5,0.34,6.E-02));
#1422 = DIRECTION('',(-1.,0.,0.));
#1423 = DIRECTION('',(0.,0.,1.));
#1424 = ORIENTED_EDGE('',*,*,#1396,.F.);
#1425 = ORIENTED_EDGE('',*,*,#1331,.F.);
#1426 = CYLINDRICAL_SURFACE('',#1427,3.E-02);
#1427 = AXIS2_PLACEMENT_3D('',#1428,#1429,#1430);
#1428 = CARTESIAN_POINT('',(-0.5,0.34,6.E-02));
#1429 = DIRECTION('',(1.,0.,0.));
#1430 = DIRECTION('',(-0.,1.,0.));
#1431 = ADVANCED_FACE('',(#1432),#1450,.T.);
#1432 = FACE_BOUND('',#1433,.T.);
#1433 = EDGE_LOOP('',(#1434,#1442,#1443,#1444));
#1434 = ORIENTED_EDGE('',*,*,#1435,.F.);
#1435 = EDGE_CURVE('',#1411,#1436,#1438,.T.);
#1436 = VERTEX_POINT('',#1437);
#1437 = CARTESIAN_POINT('',(0.5,0.37,0.74));
#1438 = LINE('',#1439,#1440);
#1439 = CARTESIAN_POINT('',(0.5,0.37,3.E-02));
#1440 = VECTOR('',#1441,1.);
#1441 = DIRECTION('',(0.,0.,1.));
#1442 = ORIENTED_EDGE('',*,*,#1410,.F.);
#1443 = ORIENTED_EDGE('',*,*,#1323,.T.);
#1444 = ORIENTED_EDGE('',*,*,#1445,.T.);
#1445 = EDGE_CURVE('',#1315,#1436,#1446,.T.);
#1446 = LINE('',#1447,#1448);
#1447 = CARTESIAN_POINT('',(-0.5,0.37,0.74));
#1448 = VECTOR('',#1449,1.);
#1449 = DIRECTION('',(1.,0.,0.));
#1450 = PLANE('',#1451);
#1451 = AXIS2_PLACEMENT_3D('',#1452,#1453,#1454);
#1452 = CARTESIAN_POINT('',(-0.5,0.37,3.E-02));
#1453 = DIRECTION('',(0.,1.,0.));
#1454 = DIRECTION('',(0.,-0.,1.));
#1455 = ADVANCED_FACE('',(#1456),#1475,.T.);
#1456 = FACE_BOUND('',#1457,.T.);
#1457 = EDGE_LOOP('',(#1458,#1459,#1467,#1474));
#1458 = ORIENTED_EDGE('',*,*,#1314,.T.);
#1459 = ORIENTED_EDGE('',*,*,#1460,.T.);
#1460 = EDGE_CURVE('',#1307,#1461,#1463,.T.);
#1461 = VERTEX_POINT('',#1462);
#1462 = CARTESIAN_POINT('',(0.5,0.34,0.77));
#1463 = LINE('',#1464,#1465);
#1464 = CARTESIAN_POINT('',(-0.5,0.34,0.77));
#1465 = VECTOR('',#1466,1.);
#1466 = DIRECTION('',(1.,0.,0.));
#1467 = ORIENTED_EDGE('',*,*,#1468,.F.);
#1468 = EDGE_CURVE('',#1436,#1461,#1469,.T.);
#1469 = CIRCLE('',#1470,3.E-02);
#1470 = AXIS2_PLACEMENT_3D('',#1471,#1472,#1473);
#1471 = CARTESIAN_POINT('',(0.5,0.34,0.74));
#1472 = DIRECTION('',(1.,0.,-0.));
#1473 = DIRECTION('',(0.,0.,1.));
#1474 = ORIENTED_EDGE('',*,*,#1445,.F.);
#1475 = CYLINDRICAL_SURFACE('',#1476,3.E-02);
#1476 = AXIS2_PLACEMENT_3D('',#1477,#1478,#1479);
#1477 = CARTESIAN_POINT('',(-0.5,0.34,0.74));
#1478 = DIRECTION('',(1.,0.,0.));
#1479 = DIRECTION('',(-0.,1.,0.));
#1480 = ADVANCED_FACE('',(#1481),#1499,.T.);
#1481 = FACE_BOUND('',#1482,.T.);
#1482 = EDGE_LOOP('',(#1483,#1484,#1492,#1498));
#1483 = ORIENTED_EDGE('',*,*,#1306,.F.);
#1484 = ORIENTED_EDGE('',*,*,#1485,.T.);
#1485 = EDGE_CURVE('',#1298,#1486,#1488,.T.);
#1486 = VERTEX_POINT('',#1487);
#1487 = CARTESIAN_POINT('',(0.5,-0.34,0.77));
#1488 = LINE('',#1489,#1490);
#1489 = CARTESIAN_POINT('',(-0.5,-0.34,0.77));
#1490 = VECTOR('',#1491,1.);
#1491 = DIRECTION('',(1.,0.,0.));
#1492 = ORIENTED_EDGE('',*,*,#1493,.T.);
#1493 = EDGE_CURVE('',#1486,#1461,#1494,.T.);
#1494 = LINE('',#1495,#1496);
#1495 = CARTESIAN_POINT('',(0.5,-0.37,0.77));
#1496 = VECTOR('',#1497,1.);
#1497 = DIRECTION('',(0.,1.,0.));
#1498 = ORIENTED_EDGE('',*,*,#1460,.F.);
#1499 = PLANE('',#1500);
#1500 = AXIS2_PLACEMENT_3D('',#1501,#1502,#1503);
#1501 = CARTESIAN_POINT('',(-0.5,-0.37,0.77));
#1502 = DIRECTION('',(0.,0.,1.));
#1503 = DIRECTION('',(1.,0.,-0.));
#1504 = ADVANCED_FACE('',(#1505),#1524,.T.);
#1505 = FACE_BOUND('',#1506,.T.);
#1506 = EDGE_LOOP('',(#1507,#1515,#1522,#1523));
#1507 = ORIENTED_EDGE('',*,*,#1508,.T.);
#1508 = EDGE_CURVE('',#1290,#1509,#1511,.T.);
#1509 = VERTEX_POINT('',#1510);
#1510 = CARTESIAN_POINT('',(0.5,-0.37,0.74));
#1511 = LINE('',#1512,#1513);
#1512 = CARTESIAN_POINT('',(-0.5,-0.37,0.74));
#1513 = VECTOR('',#1514,1.);
#1514 = DIRECTION('',(1.,0.,0.));
#1515 = ORIENTED_EDGE('',*,*,#1516,.T.);
#1516 = EDGE_CURVE('',#1509,#1486,#1517,.T.);
#1517 = CIRCLE('',#1518,3.E-02);
#1518 = AXIS2_PLACEMENT_3D('',#1519,#1520,#1521);
#1519 = CARTESIAN_POINT('',(0.5,-0.34,0.74));
#1520 = DIRECTION('',(-1.,0.,0.));
#1521 = DIRECTION('',(0.,0.,1.));
#1522 = ORIENTED_EDGE('',*,*,#1485,.F.);
#1523 = ORIENTED_EDGE('',*,*,#1297,.F.);
#1524 = CYLINDRICAL_SURFACE('',#1525,3.E-02);
#1525 = AXIS2_PLACEMENT_3D('',#1526,#1527,#1528);
#1526 = CARTESIAN_POINT('',(-0.5,-0.34,0.74));
#1527 = DIRECTION('',(1.,0.,0.));
#1528 = DIRECTION('',(0.,-1.,0.));
#1529 = ADVANCED_FACE('',(#1530),#1541,.F.);
#1530 = FACE_BOUND('',#1531,.F.);
#1531 = EDGE_LOOP('',(#1532,#1538,#1539,#1540));
#1532 = ORIENTED_EDGE('',*,*,#1533,.F.);
#1533 = EDGE_CURVE('',#1364,#1509,#1534,.T.);
#1534 = LINE('',#1535,#1536);
#1535 = CARTESIAN_POINT('',(0.5,-0.37,3.E-02));
#1536 = VECTOR('',#1537,1.);
#1537 = DIRECTION('',(0.,0.,1.));
#1538 = ORIENTED_EDGE('',*,*,#1372,.F.);
#1539 = ORIENTED_EDGE('',*,*,#1289,.T.);
#1540 = ORIENTED_EDGE('',*,*,#1508,.T.);
#1541 = PLANE('',#1542);
#1542 = AXIS2_PLACEMENT_3D('',#1543,#1544,#1545);
#1543 = CARTESIAN_POINT('',(-0.5,-0.37,3.E-02));
#1544 = DIRECTION('',(0.,1.,0.));
#1545 = DIRECTION('',(0.,-0.,1.));
#1546 = ADVANCED_FACE('',(#1547,#1617),#1627,.F.);
#1547 = FACE_BOUND('',#1548,.F.);
#1548 = EDGE_LOOP('',(#1549,#1559,#1568,#1576,#1585,#1593,#1602,#1610));
#1549 = ORIENTED_EDGE('',*,*,#1550,.F.);
#1550 = EDGE_CURVE('',#1551,#1553,#1555,.T.);
#1551 = VERTEX_POINT('',#1552);
#1552 = CARTESIAN_POINT('',(0.5,-0.4,3.E-02));
#1553 = VERTEX_POINT('',#1554);
#1554 = CARTESIAN_POINT('',(0.5,-0.4,0.77));
#1555 = LINE('',#1556,#1557);
#1556 = CARTESIAN_POINT('',(0.5,-0.4,0.));
#1557 = VECTOR('',#1558,1.);
#1558 = DIRECTION('',(0.,0.,1.));
#1559 = ORIENTED_EDGE('',*,*,#1560,.T.);
#1560 = EDGE_CURVE('',#1551,#1561,#1563,.T.);
#1561 = VERTEX_POINT('',#1562);
#1562 = CARTESIAN_POINT('',(0.5,-0.37,0.));
#1563 = CIRCLE('',#1564,3.E-02);
#1564 = AXIS2_PLACEMENT_3D('',#1565,#1566,#1567);
#1565 = CARTESIAN_POINT('',(0.5,-0.37,3.E-02));
#1566 = DIRECTION('',(1.,0.,-0.));
#1567 = DIRECTION('',(0.,0.,1.));
#1568 = ORIENTED_EDGE('',*,*,#1569,.T.);
#1569 = EDGE_CURVE('',#1561,#1570,#1572,.T.);
#1570 = VERTEX_POINT('',#1571);
#1571 = CARTESIAN_POINT('',(0.5,0.37,0.));
#1572 = LINE('',#1573,#1574);
#1573 = CARTESIAN_POINT('',(0.5,-0.4,0.));
#1574 = VECTOR('',#1575,1.);
#1575 = DIRECTION('',(0.,1.,0.));
#1576 = ORIENTED_EDGE('',*,*,#1577,.F.);
#1577 = EDGE_CURVE('',#1578,#1570,#1580,.T.);
#1578 = VERTEX_POINT('',#1579);
#1579 = CARTESIAN_POINT('',(0.5,0.4,3.E-02));
#1580 = CIRCLE('',#1581,3.E-02);
#1581 = AXIS2_PLACEMENT_3D('',#1582,#1583,#1584);
#1582 = CARTESIAN_POINT('',(0.5,0.37,3.E-02));
#1583 = DIRECTION('',(-1.,0.,0.));
#1584 = DIRECTION('',(0.,0.,1.));
#1585 = ORIENTED_EDGE('',*,*,#1586,.T.);
#1586 = EDGE_CURVE('',#1578,#1587,#1589,.T.);
#1587 = VERTEX_POINT('',#1588);
#1588 = CARTESIAN_POINT('',(0.5,0.4,0.77));
#1589 = LINE('',#1590,#1591);
#1590 = CARTESIAN_POINT('',(0.5,0.4,0.));
#1591 = VECTOR('',#1592,1.);
#1592 = DIRECTION('',(0.,0.,1.));
#1593 = ORIENTED_EDGE('',*,*,#1594,.T.);
#1594 = EDGE_CURVE('',#1587,#1595,#1597,.T.);
#1595 = VERTEX_POINT('',#1596);
#1596 = CARTESIAN_POINT('',(0.5,0.37,0.8));
#1597 = CIRCLE('',#1598,3.E-02);
#1598 = AXIS2_PLACEMENT_3D('',#1599,#1600,#1601);
#1599 = CARTESIAN_POINT('',(0.5,0.37,0.77));
#1600 = DIRECTION('',(1.,0.,-0.));
#1601 = DIRECTION('',(0.,0.,1.));
#1602 = ORIENTED_EDGE('',*,*,#1603,.F.);
#1603 = EDGE_CURVE('',#1604,#1595,#1606,.T.);
#1604 = VERTEX_POINT('',#1605);
#1605 = CARTESIAN_POINT('',(0.5,-0.37,0.8));
#1606 = LINE('',#1607,#1608);
#1607 = CARTESIAN_POINT('',(0.5,-0.4,0.8));
#1608 = VECTOR('',#1609,1.);
#1609 = DIRECTION('',(0.,1.,0.));
#1610 = ORIENTED_EDGE('',*,*,#1611,.F.);
#1611 = EDGE_CURVE('',#1553,#1604,#1612,.T.);
#1612 = CIRCLE('',#1613,3.E-02);
#1613 = AXIS2_PLACEMENT_3D('',#1614,#1615,#1616);
#1614 = CARTESIAN_POINT('',(0.5,-0.37,0.77));
#1615 = DIRECTION('',(-1.,0.,0.));
#1616 = DIRECTION('',(0.,0.,1.));
#1617 = FACE_BOUND('',#1618,.F.);
#1618 = EDGE_LOOP('',(#1619,#1620,#1621,#1622,#1623,#1624,#1625,#1626));
#1619 = ORIENTED_EDGE('',*,*,#1363,.F.);
#1620 = ORIENTED_EDGE('',*,*,#1533,.T.);
#1621 = ORIENTED_EDGE('',*,*,#1516,.T.);
#1622 = ORIENTED_EDGE('',*,*,#1493,.T.);
#1623 = ORIENTED_EDGE('',*,*,#1468,.F.);
#1624 = ORIENTED_EDGE('',*,*,#1435,.F.);
#1625 = ORIENTED_EDGE('',*,*,#1418,.T.);
#1626 = ORIENTED_EDGE('',*,*,#1388,.F.);
#1627 = PLANE('',#1628);
#1628 = AXIS2_PLACEMENT_3D('',#1629,#1630,#1631);
#1629 = CARTESIAN_POINT('',(0.5,-0.4,0.));
#1630 = DIRECTION('',(1.,0.,0.));
#1631 = DIRECTION('',(0.,0.,1.));
#1632 = ADVANCED_FACE('',(#1633),#1658,.F.);
#1633 = FACE_BOUND('',#1634,.F.);
#1634 = EDGE_LOOP('',(#1635,#1645,#1651,#1652));
#1635 = ORIENTED_EDGE('',*,*,#1636,.F.);
#1636 = EDGE_CURVE('',#1637,#1639,#1641,.T.);
#1637 = VERTEX_POINT('',#1638);
#1638 = CARTESIAN_POINT('',(0.8,-0.4,3.E-02));
#1639 = VERTEX_POINT('',#1640);
#1640 = CARTESIAN_POINT('',(0.8,-0.4,0.77));
#1641 = LINE('',#1642,#1643);
#1642 = CARTESIAN_POINT('',(0.8,-0.4,0.));
#1643 = VECTOR('',#1644,1.);
#1644 = DIRECTION('',(0.,0.,1.));
#1645 = ORIENTED_EDGE('',*,*,#1646,.F.);
#1646 = EDGE_CURVE('',#1551,#1637,#1647,.T.);
#1647 = LINE('',#1648,#1649);
#1648 = CARTESIAN_POINT('',(0.5,-0.4,3.E-02));
#1649 = VECTOR('',#1650,1.);
#1650 = DIRECTION('',(1.,0.,0.));
#1651 = ORIENTED_EDGE('',*,*,#1550,.T.);
#1652 = ORIENTED_EDGE('',*,*,#1653,.T.);
#1653 = EDGE_CURVE('',#1553,#1639,#1654,.T.);
#1654 = LINE('',#1655,#1656);
#1655 = CARTESIAN_POINT('',(0.5,-0.4,0.77));
#1656 = VECTOR('',#1657,1.);
#1657 = DIRECTION('',(1.,0.,0.));
#1658 = PLANE('',#1659);
#1659 = AXIS2_PLACEMENT_3D('',#1660,#1661,#1662);
#1660 = CARTESIAN_POINT('',(0.5,-0.4,0.));
#1661 = DIRECTION('',(0.,1.,0.));
#1662 = DIRECTION('',(0.,-0.,1.));
#1663 = ADVANCED_FACE('',(#1664),#1683,.T.);
#1664 = FACE_BOUND('',#1665,.T.);
#1665 = EDGE_LOOP('',(#1666,#1667,#1675,#1682));
#1666 = ORIENTED_EDGE('',*,*,#1560,.T.);
#1667 = ORIENTED_EDGE('',*,*,#1668,.T.);
#1668 = EDGE_CURVE('',#1561,#1669,#1671,.T.);
#1669 = VERTEX_POINT('',#1670);
#1670 = CARTESIAN_POINT('',(0.8,-0.37,0.));
#1671 = LINE('',#1672,#1673);
#1672 = CARTESIAN_POINT('',(0.5,-0.37,0.));
#1673 = VECTOR('',#1674,1.);
#1674 = DIRECTION('',(1.,0.,0.));
#1675 = ORIENTED_EDGE('',*,*,#1676,.F.);
#1676 = EDGE_CURVE('',#1637,#1669,#1677,.T.);
#1677 = CIRCLE('',#1678,3.E-02);
#1678 = AXIS2_PLACEMENT_3D('',#1679,#1680,#1681);
#1679 = CARTESIAN_POINT('',(0.8,-0.37,3.E-02));
#1680 = DIRECTION('',(1.,0.,-0.));
#1681 = DIRECTION('',(0.,0.,1.));
#1682 = ORIENTED_EDGE('',*,*,#1646,.F.);
#1683 = CYLINDRICAL_SURFACE('',#1684,3.E-02);
#1684 = AXIS2_PLACEMENT_3D('',#1685,#1686,#1687);
#1685 = CARTESIAN_POINT('',(0.5,-0.37,3.E-02));
#1686 = DIRECTION('',(1.,0.,0.));
#1687 = DIRECTION('',(0.,-1.,0.));
#1688 = ADVANCED_FACE('',(#1689),#1708,.T.);
#1689 = FACE_BOUND('',#1690,.T.);
#1690 = EDGE_LOOP('',(#1691,#1692,#1701,#1707));
#1691 = ORIENTED_EDGE('',*,*,#1653,.T.);
#1692 = ORIENTED_EDGE('',*,*,#1693,.T.);
#1693 = EDGE_CURVE('',#1639,#1694,#1696,.T.);
#1694 = VERTEX_POINT('',#1695);
#1695 = CARTESIAN_POINT('',(0.8,-0.37,0.8));
#1696 = CIRCLE('',#1697,3.E-02);
#1697 = AXIS2_PLACEMENT_3D('',#1698,#1699,#1700);
#1698 = CARTESIAN_POINT('',(0.8,-0.37,0.77));
#1699 = DIRECTION('',(-1.,0.,0.));
#1700 = DIRECTION('',(0.,0.,1.));
#1701 = ORIENTED_EDGE('',*,*,#1702,.F.);
#1702 = EDGE_CURVE('',#1604,#1694,#1703,.T.);
#1703 = LINE('',#1704,#1705);
#1704 = CARTESIAN_POINT('',(0.5,-0.37,0.8));
#1705 = VECTOR('',#1706,1.);
#1706 = DIRECTION('',(1.,0.,0.));
#1707 = ORIENTED_EDGE('',*,*,#1611,.F.);
#1708 = CYLINDRICAL_SURFACE('',#1709,3.E-02);
#1709 = AXIS2_PLACEMENT_3D('',#1710,#1711,#1712);
#1710 = CARTESIAN_POINT('',(0.5,-0.37,0.77));
#1711 = DIRECTION('',(1.,0.,0.));
#1712 = DIRECTION('',(0.,-1.,0.));
#1713 = ADVANCED_FACE('',(#1714),#1732,.F.);
#1714 = FACE_BOUND('',#1715,.F.);
#1715 = EDGE_LOOP('',(#1716,#1717,#1718,#1726));
#1716 = ORIENTED_EDGE('',*,*,#1569,.F.);
#1717 = ORIENTED_EDGE('',*,*,#1668,.T.);
#1718 = ORIENTED_EDGE('',*,*,#1719,.T.);
#1719 = EDGE_CURVE('',#1669,#1720,#1722,.T.);
#1720 = VERTEX_POINT('',#1721);
#1721 = CARTESIAN_POINT('',(0.8,0.37,0.));
#1722 = LINE('',#1723,#1724);
#1723 = CARTESIAN_POINT('',(0.8,-0.4,0.));
#1724 = VECTOR('',#1725,1.);
#1725 = DIRECTION('',(0.,1.,0.));
#1726 = ORIENTED_EDGE('',*,*,#1727,.F.);
#1727 = EDGE_CURVE('',#1570,#1720,#1728,.T.);
#1728 = LINE('',#1729,#1730);
#1729 = CARTESIAN_POINT('',(0.5,0.37,0.));
#1730 = VECTOR('',#1731,1.);
#1731 = DIRECTION('',(1.,0.,0.));
#1732 = PLANE('',#1733);
#1733 = AXIS2_PLACEMENT_3D('',#1734,#1735,#1736);
#1734 = CARTESIAN_POINT('',(0.5,-0.4,0.));
#1735 = DIRECTION('',(0.,0.,1.));
#1736 = DIRECTION('',(1.,0.,-0.));
#1737 = ADVANCED_FACE('',(#1738),#1756,.T.);
#1738 = FACE_BOUND('',#1739,.T.);
#1739 = EDGE_LOOP('',(#1740,#1741,#1742,#1750));
#1740 = ORIENTED_EDGE('',*,*,#1603,.F.);
#1741 = ORIENTED_EDGE('',*,*,#1702,.T.);
#1742 = ORIENTED_EDGE('',*,*,#1743,.T.);
#1743 = EDGE_CURVE('',#1694,#1744,#1746,.T.);
#1744 = VERTEX_POINT('',#1745);
#1745 = CARTESIAN_POINT('',(0.8,0.37,0.8));
#1746 = LINE('',#1747,#1748);
#1747 = CARTESIAN_POINT('',(0.8,-0.4,0.8));
#1748 = VECTOR('',#1749,1.);
#1749 = DIRECTION('',(0.,1.,0.));
#1750 = ORIENTED_EDGE('',*,*,#1751,.F.);
#1751 = EDGE_CURVE('',#1595,#1744,#1752,.T.);
#1752 = LINE('',#1753,#1754);
#1753 = CARTESIAN_POINT('',(0.5,0.37,0.8));
#1754 = VECTOR('',#1755,1.);
#1755 = DIRECTION('',(1.,0.,0.));
#1756 = PLANE('',#1757);
#1757 = AXIS2_PLACEMENT_3D('',#1758,#1759,#1760);
#1758 = CARTESIAN_POINT('',(0.5,-0.4,0.8));
#1759 = DIRECTION('',(0.,0.,1.));
#1760 = DIRECTION('',(1.,0.,-0.));
#1761 = ADVANCED_FACE('',(#1762),#1781,.T.);
#1762 = FACE_BOUND('',#1763,.T.);
#1763 = EDGE_LOOP('',(#1764,#1772,#1779,#1780));
#1764 = ORIENTED_EDGE('',*,*,#1765,.T.);
#1765 = EDGE_CURVE('',#1578,#1766,#1768,.T.);
#1766 = VERTEX_POINT('',#1767);
#1767 = CARTESIAN_POINT('',(0.8,0.4,3.E-02));
#1768 = LINE('',#1769,#1770);
#1769 = CARTESIAN_POINT('',(0.5,0.4,3.E-02));
#1770 = VECTOR('',#1771,1.);
#1771 = DIRECTION('',(1.,0.,0.));
#1772 = ORIENTED_EDGE('',*,*,#1773,.T.);
#1773 = EDGE_CURVE('',#1766,#1720,#1774,.T.);
#1774 = CIRCLE('',#1775,3.E-02);
#1775 = AXIS2_PLACEMENT_3D('',#1776,#1777,#1778);
#1776 = CARTESIAN_POINT('',(0.8,0.37,3.E-02));
#1777 = DIRECTION('',(-1.,0.,0.));
#1778 = DIRECTION('',(0.,0.,1.));
#1779 = ORIENTED_EDGE('',*,*,#1727,.F.);
#1780 = ORIENTED_EDGE('',*,*,#1577,.F.);
#1781 = CYLINDRICAL_SURFACE('',#1782,3.E-02);
#1782 = AXIS2_PLACEMENT_3D('',#1783,#1784,#1785);
#1783 = CARTESIAN_POINT('',(0.5,0.37,3.E-02));
#1784 = DIRECTION('',(1.,0.,0.));
#1785 = DIRECTION('',(-0.,1.,0.));
#1786 = ADVANCED_FACE('',(#1787),#1806,.T.);
#1787 = FACE_BOUND('',#1788,.T.);
#1788 = EDGE_LOOP('',(#1789,#1790,#1791,#1800));
#1789 = ORIENTED_EDGE('',*,*,#1594,.T.);
#1790 = ORIENTED_EDGE('',*,*,#1751,.T.);
#1791 = ORIENTED_EDGE('',*,*,#1792,.F.);
#1792 = EDGE_CURVE('',#1793,#1744,#1795,.T.);
#1793 = VERTEX_POINT('',#1794);
#1794 = CARTESIAN_POINT('',(0.8,0.4,0.77));
#1795 = CIRCLE('',#1796,3.E-02);
#1796 = AXIS2_PLACEMENT_3D('',#1797,#1798,#1799);
#1797 = CARTESIAN_POINT('',(0.8,0.37,0.77));
#1798 = DIRECTION('',(1.,0.,-0.));
#1799 = DIRECTION('',(0.,0.,1.));
#1800 = ORIENTED_EDGE('',*,*,#1801,.F.);
#1801 = EDGE_CURVE('',#1587,#1793,#1802,.T.);
#1802 = LINE('',#1803,#1804);
#1803 = CARTESIAN_POINT('',(0.5,0.4,0.77));
#1804 = VECTOR('',#1805,1.);
#1805 = DIRECTION('',(1.,0.,0.));
#1806 = CYLINDRICAL_SURFACE('',#1807,3.E-02);
#1807 = AXIS2_PLACEMENT_3D('',#1808,#1809,#1810);
#1808 = CARTESIAN_POINT('',(0.5,0.37,0.77));
#1809 = DIRECTION('',(1.,0.,0.));
#1810 = DIRECTION('',(-0.,1.,0.));
#1811 = ADVANCED_FACE('',(#1812),#1823,.T.);
#1812 = FACE_BOUND('',#1813,.T.);
#1813 = EDGE_LOOP('',(#1814,#1820,#1821,#1822));
#1814 = ORIENTED_EDGE('',*,*,#1815,.F.);
#1815 = EDGE_CURVE('',#1766,#1793,#1816,.T.);
#1816 = LINE('',#1817,#1818);
#1817 = CARTESIAN_POINT('',(0.8,0.4,0.));
#1818 = VECTOR('',#1819,1.);
#1819 = DIRECTION('',(0.,0.,1.));
#1820 = ORIENTED_EDGE('',*,*,#1765,.F.);
#1821 = ORIENTED_EDGE('',*,*,#1586,.T.);
#1822 = ORIENTED_EDGE('',*,*,#1801,.T.);
#1823 = PLANE('',#1824);
#1824 = AXIS2_PLACEMENT_3D('',#1825,#1826,#1827);
#1825 = CARTESIAN_POINT('',(0.5,0.4,0.));
#1826 = DIRECTION('',(0.,1.,0.));
#1827 = DIRECTION('',(0.,-0.,1.));
#1828 = ADVANCED_FACE('',(#1829),#1839,.T.);
#1829 = FACE_BOUND('',#1830,.T.);
#1830 = EDGE_LOOP('',(#1831,#1832,#1833,#1834,#1835,#1836,#1837,#1838));
#1831 = ORIENTED_EDGE('',*,*,#1636,.F.);
#1832 = ORIENTED_EDGE('',*,*,#1676,.T.);
#1833 = ORIENTED_EDGE('',*,*,#1719,.T.);
#1834 = ORIENTED_EDGE('',*,*,#1773,.F.);
#1835 = ORIENTED_EDGE('',*,*,#1815,.T.);
#1836 = ORIENTED_EDGE('',*,*,#1792,.T.);
#1837 = ORIENTED_EDGE('',*,*,#1743,.F.);
#1838 = ORIENTED_EDGE('',*,*,#1693,.F.);
#1839 = PLANE('',#1840);
#1840 = AXIS2_PLACEMENT_3D('',#1841,#1842,#1843);
#1841 = CARTESIAN_POINT('',(0.8,-0.4,0.));
#1842 = DIRECTION('',(1.,0.,0.));
#1843 = DIRECTION('',(0.,0.,1.));
#1844 = ( GEOMETRIC_REPRESENTATION_CONTEXT(3) 
GLOBAL_UNCERTAINTY_ASSIGNED_CONTEXT((#1848)) 
GLOBAL_UNIT_ASSIGNED_CONTEXT((#1845,#1846,#1847)) REPRESENTATION_CONTEXT
('Context #1','3D Context with UNIT and UNCERTAINTY') );
#1845 = ( LENGTH_UNIT() NAMED_UNIT(*) SI_UNIT(.MILLI.,.METRE.) );
#1846 = ( NAMED_UNIT(*) PLANE_ANGLE_UNIT() SI_UNIT($,.RADIAN.) );
#1847 = ( NAMED_UNIT(*) SI_UNIT($,.STERADIAN.) SOLID_ANGLE_UNIT() );
#1848 = UNCERTAINTY_MEASURE_WITH_UNIT(LENGTH_MEASURE(1.E-07),#1845,
  'distance_accuracy_value','confusion accuracy');
#1849 = CONTEXT_DEPENDENT_SHAPE_REPRESENTATION(#1850,#1852);
#1850 = ( REPRESENTATION_RELATIONSHIP('','',#989,#10) 
REPRESENTATION_RELATIONSHIP_WITH_TRANSFORMATION(#1851) 
SHAPE_REPRESENTATION_RELATIONSHIP() );
#1851 = ITEM_DEFINED_TRANSFORMATION('','',#11,#19);
#1852 = PRODUCT_DEFINITION_SHAPE('Placement','Placement of an item',
  #1853);
#1853 = NEXT_ASSEMBLY_USAGE_OCCURRENCE('2','C5','',#5,#984,$);
#1854 = PRODUCT_RELATED_PRODUCT_CATEGORY('part',$,(#986));
#1855 = CONTEXT_DEPENDENT_SHAPE_REPRESENTATION(#1856,#1858);
#1856 = ( REPRESENTATION_RELATIONSHIP('','',#989,#10) 
REPRESENTATION_RELATIONSHIP_WITH_TRANSFORMATION(#1857) 
SHAPE_REPRESENTATION_RELATIONSHIP() );
#1857 = ITEM_DEFINED_TRANSFORMATION('','',#11,#23);
#1858 = PRODUCT_DEFINITION_SHAPE('Placement','Placement of an item',
  #1859);
#1859 = NEXT_ASSEMBLY_USAGE_OCCURRENCE('3','C7','',#5,#984,$);
#1860 = CONTEXT_DEPENDENT_SHAPE_REPRESENTATION(#1861,#1863);
#1861 = ( REPRESENTATION_RELATIONSHIP('','',#989,#10) 
REPRESENTATION_RELATIONSHIP_WITH_TRANSFORMATION(#1862) 
SHAPE_REPRESENTATION_RELATIONSHIP() );
#1862 = ITEM_DEFINED_TRANSFORMATION('','',#11,#27);
#1863 = PRODUCT_DEFINITION_SHAPE('Placement','Placement of an item',
  #1864);
#1864 = NEXT_ASSEMBLY_USAGE_OCCURRENCE('4','C6','',#5,#984,$);
#1865 = SHAPE_DEFINITION_REPRESENTATION(#1866,#1872);
#1866 = PRODUCT_DEFINITION_SHAPE('','',#1867);
#1867 = PRODUCT_DEFINITION('design','',#1868,#1871);
#1868 = PRODUCT_DEFINITION_FORMATION('','',#1869);
#1869 = PRODUCT('SOIC-8-1EP_3.9x4.9mm_P1.27mm_EP2.29x3mm',
  'SOIC-8-1EP_3.9x4.9mm_P1.27mm_EP2.29x3mm','',(#1870));
#1870 = PRODUCT_CONTEXT('',#2,'mechanical');
#1871 = PRODUCT_DEFINITION_CONTEXT('part definition',#2,'design');
#1872 = ADVANCED_BREP_SHAPE_REPRESENTATION('',(#11,#1873),#6485);
#1873 = MANIFOLD_SOLID_BREP('',#1874);
#1874 = CLOSED_SHELL('',(#1875,#1913,#2010,#2033,#2062,#2085,#2172,#2259
    ,#2282,#2305,#2322,#2353,#2377,#2401,#2418,#2441,#2529,#2545,#2575,
    #2606,#2637,#2668,#2699,#2730,#2761,#2792,#2809,#2826,#2857,#2888,
    #2919,#2950,#2981,#3012,#3043,#3073,#3096,#3119,#3136,#3148,#3193,
    #3279,#3302,#3325,#3348,#3435,#3473,#3522,#3614,#3639,#3723,#3745,
    #3837,#3862,#3946,#3968,#4060,#4085,#4169,#4186,#4271,#4296,#4373,
    #4458,#4483,#4560,#4577,#4669,#4694,#4778,#4800,#4892,#4917,#5001,
    #5023,#5115,#5140,#5224,#5241,#5260,#5279,#5298,#5344,#5360,#5379,
    #5398,#5417,#5433,#5450,#5462,#5479,#5496,#5513,#5530,#5547,#5564,
    #5581,#5593,#5610,#5627,#5644,#5661,#5678,#5695,#5712,#5724,#5741,
    #5758,#5775,#5792,#5809,#5826,#5843,#5855,#5872,#5889,#5906,#5923,
    #5940,#5957,#5969,#5986,#6003,#6020,#6037,#6054,#6071,#6083,#6100,
    #6117,#6134,#6151,#6168,#6185,#6202,#6214,#6231,#6248,#6265,#6282,
    #6299,#6316,#6333,#6345,#6362,#6379,#6396,#6413,#6430,#6447,#6464,
    #6476));
#1875 = ADVANCED_FACE('',(#1876),#1908,.F.);
#1876 = FACE_BOUND('',#1877,.F.);
#1877 = EDGE_LOOP('',(#1878,#1888,#1895,#1903));
#1878 = ORIENTED_EDGE('',*,*,#1879,.T.);
#1879 = EDGE_CURVE('',#1880,#1882,#1884,.T.);
#1880 = VERTEX_POINT('',#1881);
#1881 = CARTESIAN_POINT('',(-1.649421017995,2.347842035991,5.E-02));
#1882 = VERTEX_POINT('',#1883);
#1883 = CARTESIAN_POINT('',(1.649421017995,2.347842035991,5.E-02));
#1884 = LINE('',#1885,#1886);
#1885 = CARTESIAN_POINT('',(-1.649421017995,2.347842035991,5.E-02));
#1886 = VECTOR('',#1887,1.);
#1887 = DIRECTION('',(1.,1.110223024625E-16,0.));
#1888 = ORIENTED_EDGE('',*,*,#1889,.T.);
#1889 = EDGE_CURVE('',#1882,#1890,#1892,.T.);
#1890 = VERTEX_POINT('',#1891);
#1891 = CARTESIAN_POINT('',(1.7005,2.45,0.695));
#1892 = B_SPLINE_CURVE_WITH_KNOTS('',1,(#1893,#1894),.UNSPECIFIED.,.F.,
  .F.,(2,2),(0.,1.),.PIECEWISE_BEZIER_KNOTS.);
#1893 = CARTESIAN_POINT('',(1.649421017995,2.347842035991,5.E-02));
#1894 = CARTESIAN_POINT('',(1.7005,2.45,0.695));
#1895 = ORIENTED_EDGE('',*,*,#1896,.F.);
#1896 = EDGE_CURVE('',#1897,#1890,#1899,.T.);
#1897 = VERTEX_POINT('',#1898);
#1898 = CARTESIAN_POINT('',(-1.7005,2.45,0.695));
#1899 = LINE('',#1900,#1901);
#1900 = CARTESIAN_POINT('',(-1.7005,2.45,0.695));
#1901 = VECTOR('',#1902,1.);
#1902 = DIRECTION('',(1.,1.110223024625E-16,0.));
#1903 = ORIENTED_EDGE('',*,*,#1904,.F.);
#1904 = EDGE_CURVE('',#1880,#1897,#1905,.T.);
#1905 = B_SPLINE_CURVE_WITH_KNOTS('',1,(#1906,#1907),.UNSPECIFIED.,.F.,
  .F.,(2,2),(0.,1.),.PIECEWISE_BEZIER_KNOTS.);
#1906 = CARTESIAN_POINT('',(-1.649421017995,2.347842035991,5.E-02));
#1907 = CARTESIAN_POINT('',(-1.7005,2.45,0.695));
#1908 = B_SPLINE_SURFACE_WITH_KNOTS('',1,1,(
    (#1909,#1910)
    ,(#1911,#1912
    )),.UNSPECIFIED.,.F.,.F.,.F.,(2,2),(2,2),(0.,3.401),(0.,1.),
  .PIECEWISE_BEZIER_KNOTS.);
#1909 = CARTESIAN_POINT('',(-1.649421017995,2.347842035991,5.E-02));
#1910 = CARTESIAN_POINT('',(-1.7005,2.45,0.695));
#1911 = CARTESIAN_POINT('',(1.649421017995,2.347842035991,5.E-02));
#1912 = CARTESIAN_POINT('',(1.7005,2.45,0.695));
#1913 = ADVANCED_FACE('',(#1914,#1971),#2005,.T.);
#1914 = FACE_BOUND('',#1915,.T.);
#1915 = EDGE_LOOP('',(#1916,#1917,#1925,#1933,#1941,#1949,#1957,#1965));
#1916 = ORIENTED_EDGE('',*,*,#1879,.T.);
#1917 = ORIENTED_EDGE('',*,*,#1918,.T.);
#1918 = EDGE_CURVE('',#1882,#1919,#1921,.T.);
#1919 = VERTEX_POINT('',#1920);
#1920 = CARTESIAN_POINT('',(1.847842035991,2.149421017995,5.E-02));
#1921 = LINE('',#1922,#1923);
#1922 = CARTESIAN_POINT('',(1.649421017995,2.347842035991,5.E-02));
#1923 = VECTOR('',#1924,1.);
#1924 = DIRECTION('',(0.707106781187,-0.707106781187,0.));
#1925 = ORIENTED_EDGE('',*,*,#1926,.T.);
#1926 = EDGE_CURVE('',#1919,#1927,#1929,.T.);
#1927 = VERTEX_POINT('',#1928);
#1928 = CARTESIAN_POINT('',(1.847842035991,-2.149421017995,5.E-02));
#1929 = LINE('',#1930,#1931);
#1930 = CARTESIAN_POINT('',(1.847842035991,2.149421017995,5.E-02));
#1931 = VECTOR('',#1932,1.);
#1932 = DIRECTION('',(1.110223024625E-16,-1.,0.));
#1933 = ORIENTED_EDGE('',*,*,#1934,.T.);
#1934 = EDGE_CURVE('',#1927,#1935,#1937,.T.);
#1935 = VERTEX_POINT('',#1936);
#1936 = CARTESIAN_POINT('',(1.649421017995,-2.347842035991,5.E-02));
#1937 = LINE('',#1938,#1939);
#1938 = CARTESIAN_POINT('',(1.847842035991,-2.149421017995,5.E-02));
#1939 = VECTOR('',#1940,1.);
#1940 = DIRECTION('',(-0.707106781187,-0.707106781187,0.));
#1941 = ORIENTED_EDGE('',*,*,#1942,.T.);
#1942 = EDGE_CURVE('',#1935,#1943,#1945,.T.);
#1943 = VERTEX_POINT('',#1944);
#1944 = CARTESIAN_POINT('',(-1.649421017995,-2.347842035991,5.E-02));
#1945 = LINE('',#1946,#1947);
#1946 = CARTESIAN_POINT('',(1.649421017995,-2.347842035991,5.E-02));
#1947 = VECTOR('',#1948,1.);
#1948 = DIRECTION('',(-1.,-1.110223024625E-16,0.));
#1949 = ORIENTED_EDGE('',*,*,#1950,.T.);
#1950 = EDGE_CURVE('',#1943,#1951,#1953,.T.);
#1951 = VERTEX_POINT('',#1952);
#1952 = CARTESIAN_POINT('',(-1.847842035991,-2.149421017995,5.E-02));
#1953 = LINE('',#1954,#1955);
#1954 = CARTESIAN_POINT('',(-1.649421017995,-2.347842035991,5.E-02));
#1955 = VECTOR('',#1956,1.);
#1956 = DIRECTION('',(-0.707106781187,0.707106781187,0.));
#1957 = ORIENTED_EDGE('',*,*,#1958,.T.);
#1958 = EDGE_CURVE('',#1951,#1959,#1961,.T.);
#1959 = VERTEX_POINT('',#1960);
#1960 = CARTESIAN_POINT('',(-1.847842035991,2.149421017995,5.E-02));
#1961 = LINE('',#1962,#1963);
#1962 = CARTESIAN_POINT('',(-1.847842035991,-2.149421017995,5.E-02));
#1963 = VECTOR('',#1964,1.);
#1964 = DIRECTION('',(-1.110223024625E-16,1.,0.));
#1965 = ORIENTED_EDGE('',*,*,#1966,.T.);
#1966 = EDGE_CURVE('',#1959,#1880,#1967,.T.);
#1967 = LINE('',#1968,#1969);
#1968 = CARTESIAN_POINT('',(-1.847842035991,2.149421017995,5.E-02));
#1969 = VECTOR('',#1970,1.);
#1970 = DIRECTION('',(0.707106781187,0.707106781187,0.));
#1971 = FACE_BOUND('',#1972,.T.);
#1972 = EDGE_LOOP('',(#1973,#1983,#1991,#1999));
#1973 = ORIENTED_EDGE('',*,*,#1974,.F.);
#1974 = EDGE_CURVE('',#1975,#1977,#1979,.T.);
#1975 = VERTEX_POINT('',#1976);
#1976 = CARTESIAN_POINT('',(1.145,1.5,5.E-02));
#1977 = VERTEX_POINT('',#1978);
#1978 = CARTESIAN_POINT('',(1.145,-1.5,5.E-02));
#1979 = LINE('',#1980,#1981);
#1980 = CARTESIAN_POINT('',(1.145,1.5,5.E-02));
#1981 = VECTOR('',#1982,1.);
#1982 = DIRECTION('',(1.110223024625E-16,-1.,0.));
#1983 = ORIENTED_EDGE('',*,*,#1984,.F.);
#1984 = EDGE_CURVE('',#1985,#1975,#1987,.T.);
#1985 = VERTEX_POINT('',#1986);
#1986 = CARTESIAN_POINT('',(-1.145,1.5,5.E-02));
#1987 = LINE('',#1988,#1989);
#1988 = CARTESIAN_POINT('',(-1.145,1.5,5.E-02));
#1989 = VECTOR('',#1990,1.);
#1990 = DIRECTION('',(1.,1.110223024625E-16,0.));
#1991 = ORIENTED_EDGE('',*,*,#1992,.T.);
#1992 = EDGE_CURVE('',#1985,#1993,#1995,.T.);
#1993 = VERTEX_POINT('',#1994);
#1994 = CARTESIAN_POINT('',(-1.145,-1.5,5.E-02));
#1995 = LINE('',#1996,#1997);
#1996 = CARTESIAN_POINT('',(-1.145,1.5,5.E-02));
#1997 = VECTOR('',#1998,1.);
#1998 = DIRECTION('',(1.110223024625E-16,-1.,0.));
#1999 = ORIENTED_EDGE('',*,*,#2000,.T.);
#2000 = EDGE_CURVE('',#1993,#1977,#2001,.T.);
#2001 = LINE('',#2002,#2003);
#2002 = CARTESIAN_POINT('',(-1.145,-1.5,5.E-02));
#2003 = VECTOR('',#2004,1.);
#2004 = DIRECTION('',(1.,1.110223024625E-16,0.));
#2005 = PLANE('',#2006);
#2006 = AXIS2_PLACEMENT_3D('',#2007,#2008,#2009);
#2007 = CARTESIAN_POINT('',(-1.649421017995,2.347842035991,5.E-02));
#2008 = DIRECTION('',(0.,0.,-1.));
#2009 = DIRECTION('',(0.574848939807,-0.8182595532,0.));
#2010 = ADVANCED_FACE('',(#2011),#2028,.F.);
#2011 = FACE_BOUND('',#2012,.F.);
#2012 = EDGE_LOOP('',(#2013,#2014,#2021,#2027));
#2013 = ORIENTED_EDGE('',*,*,#1918,.T.);
#2014 = ORIENTED_EDGE('',*,*,#2015,.T.);
#2015 = EDGE_CURVE('',#1919,#2016,#2018,.T.);
#2016 = VERTEX_POINT('',#2017);
#2017 = CARTESIAN_POINT('',(1.95,2.2005,0.695));
#2018 = B_SPLINE_CURVE_WITH_KNOTS('',1,(#2019,#2020),.UNSPECIFIED.,.F.,
  .F.,(2,2),(0.,1.),.PIECEWISE_BEZIER_KNOTS.);
#2019 = CARTESIAN_POINT('',(1.847842035991,2.149421017995,5.E-02));
#2020 = CARTESIAN_POINT('',(1.95,2.2005,0.695));
#2021 = ORIENTED_EDGE('',*,*,#2022,.F.);
#2022 = EDGE_CURVE('',#1890,#2016,#2023,.T.);
#2023 = LINE('',#2024,#2025);
#2024 = CARTESIAN_POINT('',(1.7005,2.45,0.695));
#2025 = VECTOR('',#2026,1.);
#2026 = DIRECTION('',(0.707106781187,-0.707106781187,0.));
#2027 = ORIENTED_EDGE('',*,*,#1889,.F.);
#2028 = B_SPLINE_SURFACE_WITH_KNOTS('',1,1,(
    (#2029,#2030)
    ,(#2031,#2032
    )),.UNSPECIFIED.,.F.,.F.,.F.,(2,2),(2,2),(0.,0.352846283812),(0.,1.)
  ,.PIECEWISE_BEZIER_KNOTS.);
#2029 = CARTESIAN_POINT('',(1.649421017995,2.347842035991,5.E-02));
#2030 = CARTESIAN_POINT('',(1.7005,2.45,0.695));
#2031 = CARTESIAN_POINT('',(1.847842035991,2.149421017995,5.E-02));
#2032 = CARTESIAN_POINT('',(1.95,2.2005,0.695));
#2033 = ADVANCED_FACE('',(#2034),#2057,.F.);
#2034 = FACE_BOUND('',#2035,.F.);
#2035 = EDGE_LOOP('',(#2036,#2037,#2044,#2052));
#2036 = ORIENTED_EDGE('',*,*,#1896,.T.);
#2037 = ORIENTED_EDGE('',*,*,#2038,.T.);
#2038 = EDGE_CURVE('',#1890,#2039,#2041,.T.);
#2039 = VERTEX_POINT('',#2040);
#2040 = CARTESIAN_POINT('',(1.7005,2.45,0.905));
#2041 = B_SPLINE_CURVE_WITH_KNOTS('',1,(#2042,#2043),.UNSPECIFIED.,.F.,
  .F.,(2,2),(0.,1.),.PIECEWISE_BEZIER_KNOTS.);
#2042 = CARTESIAN_POINT('',(1.7005,2.45,0.695));
#2043 = CARTESIAN_POINT('',(1.7005,2.45,0.905));
#2044 = ORIENTED_EDGE('',*,*,#2045,.F.);
#2045 = EDGE_CURVE('',#2046,#2039,#2048,.T.);
#2046 = VERTEX_POINT('',#2047);
#2047 = CARTESIAN_POINT('',(-1.7005,2.45,0.905));
#2048 = LINE('',#2049,#2050);
#2049 = CARTESIAN_POINT('',(-1.7005,2.45,0.905));
#2050 = VECTOR('',#2051,1.);
#2051 = DIRECTION('',(1.,1.110223024625E-16,0.));
#2052 = ORIENTED_EDGE('',*,*,#2053,.F.);
#2053 = EDGE_CURVE('',#1897,#2046,#2054,.T.);
#2054 = B_SPLINE_CURVE_WITH_KNOTS('',1,(#2055,#2056),.UNSPECIFIED.,.F.,
  .F.,(2,2),(0.,1.),.PIECEWISE_BEZIER_KNOTS.);
#2055 = CARTESIAN_POINT('',(-1.7005,2.45,0.695));
#2056 = CARTESIAN_POINT('',(-1.7005,2.45,0.905));
#2057 = PLANE('',#2058);
#2058 = AXIS2_PLACEMENT_3D('',#2059,#2060,#2061);
#2059 = CARTESIAN_POINT('',(-1.7005,2.45,0.905));
#2060 = DIRECTION('',(1.110223024625E-16,-1.,0.));
#2061 = DIRECTION('',(1.,1.110223024625E-16,0.));
#2062 = ADVANCED_FACE('',(#2063),#2080,.F.);
#2063 = FACE_BOUND('',#2064,.F.);
#2064 = EDGE_LOOP('',(#2065,#2066,#2067,#2075));
#2065 = ORIENTED_EDGE('',*,*,#1966,.T.);
#2066 = ORIENTED_EDGE('',*,*,#1904,.T.);
#2067 = ORIENTED_EDGE('',*,*,#2068,.F.);
#2068 = EDGE_CURVE('',#2069,#1897,#2071,.T.);
#2069 = VERTEX_POINT('',#2070);
#2070 = CARTESIAN_POINT('',(-1.95,2.2005,0.695));
#2071 = LINE('',#2072,#2073);
#2072 = CARTESIAN_POINT('',(-1.95,2.2005,0.695));
#2073 = VECTOR('',#2074,1.);
#2074 = DIRECTION('',(0.707106781187,0.707106781187,0.));
#2075 = ORIENTED_EDGE('',*,*,#2076,.F.);
#2076 = EDGE_CURVE('',#1959,#2069,#2077,.T.);
#2077 = B_SPLINE_CURVE_WITH_KNOTS('',1,(#2078,#2079),.UNSPECIFIED.,.F.,
  .F.,(2,2),(0.,1.),.PIECEWISE_BEZIER_KNOTS.);
#2078 = CARTESIAN_POINT('',(-1.847842035991,2.149421017995,5.E-02));
#2079 = CARTESIAN_POINT('',(-1.95,2.2005,0.695));
#2080 = B_SPLINE_SURFACE_WITH_KNOTS('',1,1,(
    (#2081,#2082)
    ,(#2083,#2084
    )),.UNSPECIFIED.,.F.,.F.,.F.,(2,2),(2,2),(0.,0.352846283812),(0.,1.)
  ,.PIECEWISE_BEZIER_KNOTS.);
#2081 = CARTESIAN_POINT('',(-1.847842035991,2.149421017995,5.E-02));
#2082 = CARTESIAN_POINT('',(-1.95,2.2005,0.695));
#2083 = CARTESIAN_POINT('',(-1.649421017995,2.347842035991,5.E-02));
#2084 = CARTESIAN_POINT('',(-1.7005,2.45,0.695));
#2085 = ADVANCED_FACE('',(#2086),#2167,.F.);
#2086 = FACE_BOUND('',#2087,.F.);
#2087 = EDGE_LOOP('',(#2088,#2089,#2090,#2098,#2106,#2114,#2122,#2130,
    #2138,#2146,#2154,#2162));
#2088 = ORIENTED_EDGE('',*,*,#1958,.T.);
#2089 = ORIENTED_EDGE('',*,*,#2076,.T.);
#2090 = ORIENTED_EDGE('',*,*,#2091,.F.);
#2091 = EDGE_CURVE('',#2092,#2069,#2094,.T.);
#2092 = VERTEX_POINT('',#2093);
#2093 = CARTESIAN_POINT('',(-1.95,2.11,0.695));
#2094 = LINE('',#2095,#2096);
#2095 = CARTESIAN_POINT('',(-1.95,-2.2005,0.695));
#2096 = VECTOR('',#2097,1.);
#2097 = DIRECTION('',(-1.110223024625E-16,1.,0.));
#2098 = ORIENTED_EDGE('',*,*,#2099,.F.);
#2099 = EDGE_CURVE('',#2100,#2092,#2102,.T.);
#2100 = VERTEX_POINT('',#2101);
#2101 = CARTESIAN_POINT('',(-1.95,1.7,0.695));
#2102 = LINE('',#2103,#2104);
#2103 = CARTESIAN_POINT('',(-1.95,-2.2005,0.695));
#2104 = VECTOR('',#2105,1.);
#2105 = DIRECTION('',(-1.110223024625E-16,1.,0.));
#2106 = ORIENTED_EDGE('',*,*,#2107,.F.);
#2107 = EDGE_CURVE('',#2108,#2100,#2110,.T.);
#2108 = VERTEX_POINT('',#2109);
#2109 = CARTESIAN_POINT('',(-1.95,0.84,0.695));
#2110 = LINE('',#2111,#2112);
#2111 = CARTESIAN_POINT('',(-1.95,-2.2005,0.695));
#2112 = VECTOR('',#2113,1.);
#2113 = DIRECTION('',(-1.110223024625E-16,1.,0.));
#2114 = ORIENTED_EDGE('',*,*,#2115,.F.);
#2115 = EDGE_CURVE('',#2116,#2108,#2118,.T.);
#2116 = VERTEX_POINT('',#2117);
#2117 = CARTESIAN_POINT('',(-1.95,0.43,0.695));
#2118 = LINE('',#2119,#2120);
#2119 = CARTESIAN_POINT('',(-1.95,-2.2005,0.695));
#2120 = VECTOR('',#2121,1.);
#2121 = DIRECTION('',(-1.110223024625E-16,1.,0.));
#2122 = ORIENTED_EDGE('',*,*,#2123,.F.);
#2123 = EDGE_CURVE('',#2124,#2116,#2126,.T.);
#2124 = VERTEX_POINT('',#2125);
#2125 = CARTESIAN_POINT('',(-1.95,-0.43,0.695));
#2126 = LINE('',#2127,#2128);
#2127 = CARTESIAN_POINT('',(-1.95,-2.2005,0.695));
#2128 = VECTOR('',#2129,1.);
#2129 = DIRECTION('',(-1.110223024625E-16,1.,0.));
#2130 = ORIENTED_EDGE('',*,*,#2131,.F.);
#2131 = EDGE_CURVE('',#2132,#2124,#2134,.T.);
#2132 = VERTEX_POINT('',#2133);
#2133 = CARTESIAN_POINT('',(-1.95,-0.84,0.695));
#2134 = LINE('',#2135,#2136);
#2135 = CARTESIAN_POINT('',(-1.95,-2.2005,0.695));
#2136 = VECTOR('',#2137,1.);
#2137 = DIRECTION('',(-1.110223024625E-16,1.,0.));
#2138 = ORIENTED_EDGE('',*,*,#2139,.F.);
#2139 = EDGE_CURVE('',#2140,#2132,#2142,.T.);
#2140 = VERTEX_POINT('',#2141);
#2141 = CARTESIAN_POINT('',(-1.95,-1.7,0.695));
#2142 = LINE('',#2143,#2144);
#2143 = CARTESIAN_POINT('',(-1.95,-2.2005,0.695));
#2144 = VECTOR('',#2145,1.);
#2145 = DIRECTION('',(-1.110223024625E-16,1.,0.));
#2146 = ORIENTED_EDGE('',*,*,#2147,.F.);
#2147 = EDGE_CURVE('',#2148,#2140,#2150,.T.);
#2148 = VERTEX_POINT('',#2149);
#2149 = CARTESIAN_POINT('',(-1.95,-2.11,0.695));
#2150 = LINE('',#2151,#2152);
#2151 = CARTESIAN_POINT('',(-1.95,-2.2005,0.695));
#2152 = VECTOR('',#2153,1.);
#2153 = DIRECTION('',(-1.110223024625E-16,1.,0.));
#2154 = ORIENTED_EDGE('',*,*,#2155,.F.);
#2155 = EDGE_CURVE('',#2156,#2148,#2158,.T.);
#2156 = VERTEX_POINT('',#2157);
#2157 = CARTESIAN_POINT('',(-1.95,-2.2005,0.695));
#2158 = LINE('',#2159,#2160);
#2159 = CARTESIAN_POINT('',(-1.95,-2.2005,0.695));
#2160 = VECTOR('',#2161,1.);
#2161 = DIRECTION('',(-1.110223024625E-16,1.,0.));
#2162 = ORIENTED_EDGE('',*,*,#2163,.F.);
#2163 = EDGE_CURVE('',#1951,#2156,#2164,.T.);
#2164 = B_SPLINE_CURVE_WITH_KNOTS('',1,(#2165,#2166),.UNSPECIFIED.,.F.,
  .F.,(2,2),(0.,1.),.PIECEWISE_BEZIER_KNOTS.);
#2165 = CARTESIAN_POINT('',(-1.847842035991,-2.149421017995,5.E-02));
#2166 = CARTESIAN_POINT('',(-1.95,-2.2005,0.695));
#2167 = B_SPLINE_SURFACE_WITH_KNOTS('',1,1,(
    (#2168,#2169)
    ,(#2170,#2171
    )),.UNSPECIFIED.,.F.,.F.,.F.,(2,2),(2,2),(0.,4.401),(0.,1.),
  .PIECEWISE_BEZIER_KNOTS.);
#2168 = CARTESIAN_POINT('',(-1.847842035991,-2.149421017995,5.E-02));
#2169 = CARTESIAN_POINT('',(-1.95,-2.2005,0.695));
#2170 = CARTESIAN_POINT('',(-1.847842035991,2.149421017995,5.E-02));
#2171 = CARTESIAN_POINT('',(-1.95,2.2005,0.695));
#2172 = ADVANCED_FACE('',(#2173),#2254,.F.);
#2173 = FACE_BOUND('',#2174,.F.);
#2174 = EDGE_LOOP('',(#2175,#2176,#2183,#2191,#2199,#2207,#2215,#2223,
    #2231,#2239,#2247,#2253));
#2175 = ORIENTED_EDGE('',*,*,#1926,.T.);
#2176 = ORIENTED_EDGE('',*,*,#2177,.T.);
#2177 = EDGE_CURVE('',#1927,#2178,#2180,.T.);
#2178 = VERTEX_POINT('',#2179);
#2179 = CARTESIAN_POINT('',(1.95,-2.2005,0.695));
#2180 = B_SPLINE_CURVE_WITH_KNOTS('',1,(#2181,#2182),.UNSPECIFIED.,.F.,
  .F.,(2,2),(0.,1.),.PIECEWISE_BEZIER_KNOTS.);
#2181 = CARTESIAN_POINT('',(1.847842035991,-2.149421017995,5.E-02));
#2182 = CARTESIAN_POINT('',(1.95,-2.2005,0.695));
#2183 = ORIENTED_EDGE('',*,*,#2184,.F.);
#2184 = EDGE_CURVE('',#2185,#2178,#2187,.T.);
#2185 = VERTEX_POINT('',#2186);
#2186 = CARTESIAN_POINT('',(1.95,-2.11,0.695));
#2187 = LINE('',#2188,#2189);
#2188 = CARTESIAN_POINT('',(1.95,2.2005,0.695));
#2189 = VECTOR('',#2190,1.);
#2190 = DIRECTION('',(1.110223024625E-16,-1.,0.));
#2191 = ORIENTED_EDGE('',*,*,#2192,.F.);
#2192 = EDGE_CURVE('',#2193,#2185,#2195,.T.);
#2193 = VERTEX_POINT('',#2194);
#2194 = CARTESIAN_POINT('',(1.95,-1.7,0.695));
#2195 = LINE('',#2196,#2197);
#2196 = CARTESIAN_POINT('',(1.95,2.2005,0.695));
#2197 = VECTOR('',#2198,1.);
#2198 = DIRECTION('',(1.110223024625E-16,-1.,0.));
#2199 = ORIENTED_EDGE('',*,*,#2200,.F.);
#2200 = EDGE_CURVE('',#2201,#2193,#2203,.T.);
#2201 = VERTEX_POINT('',#2202);
#2202 = CARTESIAN_POINT('',(1.95,-0.84,0.695));
#2203 = LINE('',#2204,#2205);
#2204 = CARTESIAN_POINT('',(1.95,2.2005,0.695));
#2205 = VECTOR('',#2206,1.);
#2206 = DIRECTION('',(1.110223024625E-16,-1.,0.));
#2207 = ORIENTED_EDGE('',*,*,#2208,.F.);
#2208 = EDGE_CURVE('',#2209,#2201,#2211,.T.);
#2209 = VERTEX_POINT('',#2210);
#2210 = CARTESIAN_POINT('',(1.95,-0.43,0.695));
#2211 = LINE('',#2212,#2213);
#2212 = CARTESIAN_POINT('',(1.95,2.2005,0.695));
#2213 = VECTOR('',#2214,1.);
#2214 = DIRECTION('',(1.110223024625E-16,-1.,0.));
#2215 = ORIENTED_EDGE('',*,*,#2216,.F.);
#2216 = EDGE_CURVE('',#2217,#2209,#2219,.T.);
#2217 = VERTEX_POINT('',#2218);
#2218 = CARTESIAN_POINT('',(1.95,0.43,0.695));
#2219 = LINE('',#2220,#2221);
#2220 = CARTESIAN_POINT('',(1.95,2.2005,0.695));
#2221 = VECTOR('',#2222,1.);
#2222 = DIRECTION('',(1.110223024625E-16,-1.,0.));
#2223 = ORIENTED_EDGE('',*,*,#2224,.F.);
#2224 = EDGE_CURVE('',#2225,#2217,#2227,.T.);
#2225 = VERTEX_POINT('',#2226);
#2226 = CARTESIAN_POINT('',(1.95,0.84,0.695));
#2227 = LINE('',#2228,#2229);
#2228 = CARTESIAN_POINT('',(1.95,2.2005,0.695));
#2229 = VECTOR('',#2230,1.);
#2230 = DIRECTION('',(1.110223024625E-16,-1.,0.));
#2231 = ORIENTED_EDGE('',*,*,#2232,.F.);
#2232 = EDGE_CURVE('',#2233,#2225,#2235,.T.);
#2233 = VERTEX_POINT('',#2234);
#2234 = CARTESIAN_POINT('',(1.95,1.7,0.695));
#2235 = LINE('',#2236,#2237);
#2236 = CARTESIAN_POINT('',(1.95,2.2005,0.695));
#2237 = VECTOR('',#2238,1.);
#2238 = DIRECTION('',(1.110223024625E-16,-1.,0.));
#2239 = ORIENTED_EDGE('',*,*,#2240,.F.);
#2240 = EDGE_CURVE('',#2241,#2233,#2243,.T.);
#2241 = VERTEX_POINT('',#2242);
#2242 = CARTESIAN_POINT('',(1.95,2.11,0.695));
#2243 = LINE('',#2244,#2245);
#2244 = CARTESIAN_POINT('',(1.95,2.2005,0.695));
#2245 = VECTOR('',#2246,1.);
#2246 = DIRECTION('',(1.110223024625E-16,-1.,0.));
#2247 = ORIENTED_EDGE('',*,*,#2248,.F.);
#2248 = EDGE_CURVE('',#2016,#2241,#2249,.T.);
#2249 = LINE('',#2250,#2251);
#2250 = CARTESIAN_POINT('',(1.95,2.2005,0.695));
#2251 = VECTOR('',#2252,1.);
#2252 = DIRECTION('',(1.110223024625E-16,-1.,0.));
#2253 = ORIENTED_EDGE('',*,*,#2015,.F.);
#2254 = B_SPLINE_SURFACE_WITH_KNOTS('',1,1,(
    (#2255,#2256)
    ,(#2257,#2258
    )),.UNSPECIFIED.,.F.,.F.,.F.,(2,2),(2,2),(0.,4.401),(0.,1.),
  .PIECEWISE_BEZIER_KNOTS.);
#2255 = CARTESIAN_POINT('',(1.847842035991,2.149421017995,5.E-02));
#2256 = CARTESIAN_POINT('',(1.95,2.2005,0.695));
#2257 = CARTESIAN_POINT('',(1.847842035991,-2.149421017995,5.E-02));
#2258 = CARTESIAN_POINT('',(1.95,-2.2005,0.695));
#2259 = ADVANCED_FACE('',(#2260),#2277,.F.);
#2260 = FACE_BOUND('',#2261,.F.);
#2261 = EDGE_LOOP('',(#2262,#2263,#2264,#2272));
#2262 = ORIENTED_EDGE('',*,*,#1950,.T.);
#2263 = ORIENTED_EDGE('',*,*,#2163,.T.);
#2264 = ORIENTED_EDGE('',*,*,#2265,.F.);
#2265 = EDGE_CURVE('',#2266,#2156,#2268,.T.);
#2266 = VERTEX_POINT('',#2267);
#2267 = CARTESIAN_POINT('',(-1.7005,-2.45,0.695));
#2268 = LINE('',#2269,#2270);
#2269 = CARTESIAN_POINT('',(-1.7005,-2.45,0.695));
#2270 = VECTOR('',#2271,1.);
#2271 = DIRECTION('',(-0.707106781187,0.707106781187,0.));
#2272 = ORIENTED_EDGE('',*,*,#2273,.F.);
#2273 = EDGE_CURVE('',#1943,#2266,#2274,.T.);
#2274 = B_SPLINE_CURVE_WITH_KNOTS('',1,(#2275,#2276),.UNSPECIFIED.,.F.,
  .F.,(2,2),(0.,1.),.PIECEWISE_BEZIER_KNOTS.);
#2275 = CARTESIAN_POINT('',(-1.649421017995,-2.347842035991,5.E-02));
#2276 = CARTESIAN_POINT('',(-1.7005,-2.45,0.695));
#2277 = B_SPLINE_SURFACE_WITH_KNOTS('',1,1,(
    (#2278,#2279)
    ,(#2280,#2281
    )),.UNSPECIFIED.,.F.,.F.,.F.,(2,2),(2,2),(0.,0.352846283812),(0.,1.)
  ,.PIECEWISE_BEZIER_KNOTS.);
#2278 = CARTESIAN_POINT('',(-1.649421017995,-2.347842035991,5.E-02));
#2279 = CARTESIAN_POINT('',(-1.7005,-2.45,0.695));
#2280 = CARTESIAN_POINT('',(-1.847842035991,-2.149421017995,5.E-02));
#2281 = CARTESIAN_POINT('',(-1.95,-2.2005,0.695));
#2282 = ADVANCED_FACE('',(#2283),#2300,.F.);
#2283 = FACE_BOUND('',#2284,.F.);
#2284 = EDGE_LOOP('',(#2285,#2286,#2293,#2299));
#2285 = ORIENTED_EDGE('',*,*,#1934,.T.);
#2286 = ORIENTED_EDGE('',*,*,#2287,.T.);
#2287 = EDGE_CURVE('',#1935,#2288,#2290,.T.);
#2288 = VERTEX_POINT('',#2289);
#2289 = CARTESIAN_POINT('',(1.7005,-2.45,0.695));
#2290 = B_SPLINE_CURVE_WITH_KNOTS('',1,(#2291,#2292),.UNSPECIFIED.,.F.,
  .F.,(2,2),(0.,1.),.PIECEWISE_BEZIER_KNOTS.);
#2291 = CARTESIAN_POINT('',(1.649421017995,-2.347842035991,5.E-02));
#2292 = CARTESIAN_POINT('',(1.7005,-2.45,0.695));
#2293 = ORIENTED_EDGE('',*,*,#2294,.F.);
#2294 = EDGE_CURVE('',#2178,#2288,#2295,.T.);
#2295 = LINE('',#2296,#2297);
#2296 = CARTESIAN_POINT('',(1.95,-2.2005,0.695));
#2297 = VECTOR('',#2298,1.);
#2298 = DIRECTION('',(-0.707106781187,-0.707106781187,0.));
#2299 = ORIENTED_EDGE('',*,*,#2177,.F.);
#2300 = B_SPLINE_SURFACE_WITH_KNOTS('',1,1,(
    (#2301,#2302)
    ,(#2303,#2304
    )),.UNSPECIFIED.,.F.,.F.,.F.,(2,2),(2,2),(0.,0.352846283812),(0.,1.)
  ,.PIECEWISE_BEZIER_KNOTS.);
#2301 = CARTESIAN_POINT('',(1.847842035991,-2.149421017995,5.E-02));
#2302 = CARTESIAN_POINT('',(1.95,-2.2005,0.695));
#2303 = CARTESIAN_POINT('',(1.649421017995,-2.347842035991,5.E-02));
#2304 = CARTESIAN_POINT('',(1.7005,-2.45,0.695));
#2305 = ADVANCED_FACE('',(#2306),#2317,.F.);
#2306 = FACE_BOUND('',#2307,.F.);
#2307 = EDGE_LOOP('',(#2308,#2309,#2310,#2316));
#2308 = ORIENTED_EDGE('',*,*,#1942,.T.);
#2309 = ORIENTED_EDGE('',*,*,#2273,.T.);
#2310 = ORIENTED_EDGE('',*,*,#2311,.F.);
#2311 = EDGE_CURVE('',#2288,#2266,#2312,.T.);
#2312 = LINE('',#2313,#2314);
#2313 = CARTESIAN_POINT('',(1.7005,-2.45,0.695));
#2314 = VECTOR('',#2315,1.);
#2315 = DIRECTION('',(-1.,-1.110223024625E-16,0.));
#2316 = ORIENTED_EDGE('',*,*,#2287,.F.);
#2317 = B_SPLINE_SURFACE_WITH_KNOTS('',1,1,(
    (#2318,#2319)
    ,(#2320,#2321
    )),.UNSPECIFIED.,.F.,.F.,.F.,(2,2),(2,2),(0.,3.401),(0.,1.),
  .PIECEWISE_BEZIER_KNOTS.);
#2318 = CARTESIAN_POINT('',(1.649421017995,-2.347842035991,5.E-02));
#2319 = CARTESIAN_POINT('',(1.7005,-2.45,0.695));
#2320 = CARTESIAN_POINT('',(-1.649421017995,-2.347842035991,5.E-02));
#2321 = CARTESIAN_POINT('',(-1.7005,-2.45,0.695));
#2322 = ADVANCED_FACE('',(#2323),#2348,.T.);
#2323 = FACE_BOUND('',#2324,.T.);
#2324 = EDGE_LOOP('',(#2325,#2335,#2341,#2342));
#2325 = ORIENTED_EDGE('',*,*,#2326,.F.);
#2326 = EDGE_CURVE('',#2327,#2329,#2331,.T.);
#2327 = VERTEX_POINT('',#2328);
#2328 = CARTESIAN_POINT('',(1.145,1.5,0.));
#2329 = VERTEX_POINT('',#2330);
#2330 = CARTESIAN_POINT('',(1.145,-1.5,0.));
#2331 = LINE('',#2332,#2333);
#2332 = CARTESIAN_POINT('',(1.145,1.5,0.));
#2333 = VECTOR('',#2334,1.);
#2334 = DIRECTION('',(1.110223024625E-16,-1.,0.));
#2335 = ORIENTED_EDGE('',*,*,#2336,.T.);
#2336 = EDGE_CURVE('',#2327,#1975,#2337,.T.);
#2337 = LINE('',#2338,#2339);
#2338 = CARTESIAN_POINT('',(1.145,1.5,0.));
#2339 = VECTOR('',#2340,1.);
#2340 = DIRECTION('',(0.,0.,1.));
#2341 = ORIENTED_EDGE('',*,*,#1974,.T.);
#2342 = ORIENTED_EDGE('',*,*,#2343,.F.);
#2343 = EDGE_CURVE('',#2329,#1977,#2344,.T.);
#2344 = LINE('',#2345,#2346);
#2345 = CARTESIAN_POINT('',(1.145,-1.5,0.));
#2346 = VECTOR('',#2347,1.);
#2347 = DIRECTION('',(0.,0.,1.));
#2348 = PLANE('',#2349);
#2349 = AXIS2_PLACEMENT_3D('',#2350,#2351,#2352);
#2350 = CARTESIAN_POINT('',(1.145,1.5,0.));
#2351 = DIRECTION('',(1.,1.110223024625E-16,0.));
#2352 = DIRECTION('',(0.,-0.,1.));
#2353 = ADVANCED_FACE('',(#2354),#2372,.T.);
#2354 = FACE_BOUND('',#2355,.T.);
#2355 = EDGE_LOOP('',(#2356,#2364,#2370,#2371));
#2356 = ORIENTED_EDGE('',*,*,#2357,.F.);
#2357 = EDGE_CURVE('',#2358,#1993,#2360,.T.);
#2358 = VERTEX_POINT('',#2359);
#2359 = CARTESIAN_POINT('',(-1.145,-1.5,0.));
#2360 = LINE('',#2361,#2362);
#2361 = CARTESIAN_POINT('',(-1.145,-1.5,0.));
#2362 = VECTOR('',#2363,1.);
#2363 = DIRECTION('',(0.,0.,1.));
#2364 = ORIENTED_EDGE('',*,*,#2365,.T.);
#2365 = EDGE_CURVE('',#2358,#2329,#2366,.T.);
#2366 = LINE('',#2367,#2368);
#2367 = CARTESIAN_POINT('',(-1.145,-1.5,0.));
#2368 = VECTOR('',#2369,1.);
#2369 = DIRECTION('',(1.,1.110223024625E-16,0.));
#2370 = ORIENTED_EDGE('',*,*,#2343,.T.);
#2371 = ORIENTED_EDGE('',*,*,#2000,.F.);
#2372 = PLANE('',#2373);
#2373 = AXIS2_PLACEMENT_3D('',#2374,#2375,#2376);
#2374 = CARTESIAN_POINT('',(-1.145,-1.5,0.));
#2375 = DIRECTION('',(1.110223024625E-16,-1.,0.));
#2376 = DIRECTION('',(0.,0.,1.));
#2377 = ADVANCED_FACE('',(#2378),#2396,.F.);
#2378 = FACE_BOUND('',#2379,.F.);
#2379 = EDGE_LOOP('',(#2380,#2388,#2394,#2395));
#2380 = ORIENTED_EDGE('',*,*,#2381,.F.);
#2381 = EDGE_CURVE('',#2382,#2358,#2384,.T.);
#2382 = VERTEX_POINT('',#2383);
#2383 = CARTESIAN_POINT('',(-1.145,1.5,0.));
#2384 = LINE('',#2385,#2386);
#2385 = CARTESIAN_POINT('',(-1.145,1.5,0.));
#2386 = VECTOR('',#2387,1.);
#2387 = DIRECTION('',(1.110223024625E-16,-1.,0.));
#2388 = ORIENTED_EDGE('',*,*,#2389,.T.);
#2389 = EDGE_CURVE('',#2382,#1985,#2390,.T.);
#2390 = LINE('',#2391,#2392);
#2391 = CARTESIAN_POINT('',(-1.145,1.5,0.));
#2392 = VECTOR('',#2393,1.);
#2393 = DIRECTION('',(0.,0.,1.));
#2394 = ORIENTED_EDGE('',*,*,#1992,.T.);
#2395 = ORIENTED_EDGE('',*,*,#2357,.F.);
#2396 = PLANE('',#2397);
#2397 = AXIS2_PLACEMENT_3D('',#2398,#2399,#2400);
#2398 = CARTESIAN_POINT('',(-1.145,1.5,0.));
#2399 = DIRECTION('',(1.,1.110223024625E-16,0.));
#2400 = DIRECTION('',(0.,-0.,1.));
#2401 = ADVANCED_FACE('',(#2402),#2413,.F.);
#2402 = FACE_BOUND('',#2403,.F.);
#2403 = EDGE_LOOP('',(#2404,#2405,#2411,#2412));
#2404 = ORIENTED_EDGE('',*,*,#2389,.F.);
#2405 = ORIENTED_EDGE('',*,*,#2406,.T.);
#2406 = EDGE_CURVE('',#2382,#2327,#2407,.T.);
#2407 = LINE('',#2408,#2409);
#2408 = CARTESIAN_POINT('',(-1.145,1.5,0.));
#2409 = VECTOR('',#2410,1.);
#2410 = DIRECTION('',(1.,1.110223024625E-16,0.));
#2411 = ORIENTED_EDGE('',*,*,#2336,.T.);
#2412 = ORIENTED_EDGE('',*,*,#1984,.F.);
#2413 = PLANE('',#2414);
#2414 = AXIS2_PLACEMENT_3D('',#2415,#2416,#2417);
#2415 = CARTESIAN_POINT('',(-1.145,1.5,0.));
#2416 = DIRECTION('',(1.110223024625E-16,-1.,0.));
#2417 = DIRECTION('',(0.,0.,1.));
#2418 = ADVANCED_FACE('',(#2419),#2436,.F.);
#2419 = FACE_BOUND('',#2420,.F.);
#2420 = EDGE_LOOP('',(#2421,#2422,#2429,#2435));
#2421 = ORIENTED_EDGE('',*,*,#2022,.T.);
#2422 = ORIENTED_EDGE('',*,*,#2423,.T.);
#2423 = EDGE_CURVE('',#2016,#2424,#2426,.T.);
#2424 = VERTEX_POINT('',#2425);
#2425 = CARTESIAN_POINT('',(1.95,2.2005,0.905));
#2426 = B_SPLINE_CURVE_WITH_KNOTS('',1,(#2427,#2428),.UNSPECIFIED.,.F.,
  .F.,(2,2),(0.,1.),.PIECEWISE_BEZIER_KNOTS.);
#2427 = CARTESIAN_POINT('',(1.95,2.2005,0.695));
#2428 = CARTESIAN_POINT('',(1.95,2.2005,0.905));
#2429 = ORIENTED_EDGE('',*,*,#2430,.F.);
#2430 = EDGE_CURVE('',#2039,#2424,#2431,.T.);
#2431 = LINE('',#2432,#2433);
#2432 = CARTESIAN_POINT('',(1.7005,2.45,0.905));
#2433 = VECTOR('',#2434,1.);
#2434 = DIRECTION('',(0.707106781187,-0.707106781187,0.));
#2435 = ORIENTED_EDGE('',*,*,#2038,.F.);
#2436 = PLANE('',#2437);
#2437 = AXIS2_PLACEMENT_3D('',#2438,#2439,#2440);
#2438 = CARTESIAN_POINT('',(1.7005,2.45,0.905));
#2439 = DIRECTION('',(-0.707106781187,-0.707106781187,0.));
#2440 = DIRECTION('',(0.707106781187,-0.707106781187,0.));
#2441 = ADVANCED_FACE('',(#2442),#2524,.F.);
#2442 = FACE_BOUND('',#2443,.F.);
#2443 = EDGE_LOOP('',(#2444,#2452,#2453,#2454,#2462,#2470,#2478,#2486,
    #2494,#2502,#2510,#2518));
#2444 = ORIENTED_EDGE('',*,*,#2445,.T.);
#2445 = EDGE_CURVE('',#2446,#2046,#2448,.T.);
#2446 = VERTEX_POINT('',#2447);
#2447 = CARTESIAN_POINT('',(-1.95,2.2005,0.905));
#2448 = LINE('',#2449,#2450);
#2449 = CARTESIAN_POINT('',(-1.95,2.2005,0.905));
#2450 = VECTOR('',#2451,1.);
#2451 = DIRECTION('',(0.707106781187,0.707106781187,0.));
#2452 = ORIENTED_EDGE('',*,*,#2045,.T.);
#2453 = ORIENTED_EDGE('',*,*,#2430,.T.);
#2454 = ORIENTED_EDGE('',*,*,#2455,.T.);
#2455 = EDGE_CURVE('',#2424,#2456,#2458,.T.);
#2456 = VERTEX_POINT('',#2457);
#2457 = CARTESIAN_POINT('',(1.95,2.11,0.905));
#2458 = LINE('',#2459,#2460);
#2459 = CARTESIAN_POINT('',(1.95,2.2005,0.905));
#2460 = VECTOR('',#2461,1.);
#2461 = DIRECTION('',(1.110223024625E-16,-1.,0.));
#2462 = ORIENTED_EDGE('',*,*,#2463,.T.);
#2463 = EDGE_CURVE('',#2456,#2464,#2466,.T.);
#2464 = VERTEX_POINT('',#2465);
#2465 = CARTESIAN_POINT('',(1.9495,2.11,0.905));
#2466 = LINE('',#2467,#2468);
#2467 = CARTESIAN_POINT('',(2.25,2.11,0.905));
#2468 = VECTOR('',#2469,1.);
#2469 = DIRECTION('',(-1.,-1.110223024625E-16,0.));
#2470 = ORIENTED_EDGE('',*,*,#2471,.F.);
#2471 = EDGE_CURVE('',#2472,#2464,#2474,.T.);
#2472 = VERTEX_POINT('',#2473);
#2473 = CARTESIAN_POINT('',(1.9495,2.20025,0.905));
#2474 = LINE('',#2475,#2476);
#2475 = CARTESIAN_POINT('',(1.9495,2.20025,0.905));
#2476 = VECTOR('',#2477,1.);
#2477 = DIRECTION('',(1.110223024625E-16,-1.,0.));
#2478 = ORIENTED_EDGE('',*,*,#2479,.F.);
#2479 = EDGE_CURVE('',#2480,#2472,#2482,.T.);
#2480 = VERTEX_POINT('',#2481);
#2481 = CARTESIAN_POINT('',(1.70025,2.4495,0.905));
#2482 = LINE('',#2483,#2484);
#2483 = CARTESIAN_POINT('',(1.70025,2.4495,0.905));
#2484 = VECTOR('',#2485,1.);
#2485 = DIRECTION('',(0.707106781187,-0.707106781187,0.));
#2486 = ORIENTED_EDGE('',*,*,#2487,.F.);
#2487 = EDGE_CURVE('',#2488,#2480,#2490,.T.);
#2488 = VERTEX_POINT('',#2489);
#2489 = CARTESIAN_POINT('',(-1.70025,2.4495,0.905));
#2490 = LINE('',#2491,#2492);
#2491 = CARTESIAN_POINT('',(-1.70025,2.4495,0.905));
#2492 = VECTOR('',#2493,1.);
#2493 = DIRECTION('',(1.,1.110223024625E-16,0.));
#2494 = ORIENTED_EDGE('',*,*,#2495,.F.);
#2495 = EDGE_CURVE('',#2496,#2488,#2498,.T.);
#2496 = VERTEX_POINT('',#2497);
#2497 = CARTESIAN_POINT('',(-1.9495,2.20025,0.905));
#2498 = LINE('',#2499,#2500);
#2499 = CARTESIAN_POINT('',(-1.9495,2.20025,0.905));
#2500 = VECTOR('',#2501,1.);
#2501 = DIRECTION('',(0.707106781187,0.707106781187,0.));
#2502 = ORIENTED_EDGE('',*,*,#2503,.F.);
#2503 = EDGE_CURVE('',#2504,#2496,#2506,.T.);
#2504 = VERTEX_POINT('',#2505);
#2505 = CARTESIAN_POINT('',(-1.9495,2.11,0.905));
#2506 = LINE('',#2507,#2508);
#2507 = CARTESIAN_POINT('',(-1.9495,-2.20025,0.905));
#2508 = VECTOR('',#2509,1.);
#2509 = DIRECTION('',(-1.110223024625E-16,1.,0.));
#2510 = ORIENTED_EDGE('',*,*,#2511,.F.);
#2511 = EDGE_CURVE('',#2512,#2504,#2514,.T.);
#2512 = VERTEX_POINT('',#2513);
#2513 = CARTESIAN_POINT('',(-1.95,2.11,0.905));
#2514 = LINE('',#2515,#2516);
#2515 = CARTESIAN_POINT('',(-2.25,2.11,0.905));
#2516 = VECTOR('',#2517,1.);
#2517 = DIRECTION('',(1.,-1.144237745222E-17,0.));
#2518 = ORIENTED_EDGE('',*,*,#2519,.T.);
#2519 = EDGE_CURVE('',#2512,#2446,#2520,.T.);
#2520 = LINE('',#2521,#2522);
#2521 = CARTESIAN_POINT('',(-1.95,-2.2005,0.905));
#2522 = VECTOR('',#2523,1.);
#2523 = DIRECTION('',(-1.110223024625E-16,1.,0.));
#2524 = PLANE('',#2525);
#2525 = AXIS2_PLACEMENT_3D('',#2526,#2527,#2528);
#2526 = CARTESIAN_POINT('',(-3.398748225007E-16,2.44975,0.905));
#2527 = DIRECTION('',(5.214436594795E-32,-6.649901845667E-24,-1.));
#2528 = DIRECTION('',(1.,1.692993148776E-16,5.214436482213E-32));
#2529 = ADVANCED_FACE('',(#2530),#2540,.F.);
#2530 = FACE_BOUND('',#2531,.F.);
#2531 = EDGE_LOOP('',(#2532,#2533,#2534,#2535));
#2532 = ORIENTED_EDGE('',*,*,#2068,.T.);
#2533 = ORIENTED_EDGE('',*,*,#2053,.T.);
#2534 = ORIENTED_EDGE('',*,*,#2445,.F.);
#2535 = ORIENTED_EDGE('',*,*,#2536,.F.);
#2536 = EDGE_CURVE('',#2069,#2446,#2537,.T.);
#2537 = B_SPLINE_CURVE_WITH_KNOTS('',1,(#2538,#2539),.UNSPECIFIED.,.F.,
  .F.,(2,2),(0.,1.),.PIECEWISE_BEZIER_KNOTS.);
#2538 = CARTESIAN_POINT('',(-1.95,2.2005,0.695));
#2539 = CARTESIAN_POINT('',(-1.95,2.2005,0.905));
#2540 = PLANE('',#2541);
#2541 = AXIS2_PLACEMENT_3D('',#2542,#2543,#2544);
#2542 = CARTESIAN_POINT('',(-1.95,2.2005,0.905));
#2543 = DIRECTION('',(0.707106781187,-0.707106781187,0.));
#2544 = DIRECTION('',(0.707106781187,0.707106781187,0.));
#2545 = ADVANCED_FACE('',(#2546),#2570,.F.);
#2546 = FACE_BOUND('',#2547,.F.);
#2547 = EDGE_LOOP('',(#2548,#2555,#2556,#2564));
#2548 = ORIENTED_EDGE('',*,*,#2549,.F.);
#2549 = EDGE_CURVE('',#2156,#2550,#2552,.T.);
#2550 = VERTEX_POINT('',#2551);
#2551 = CARTESIAN_POINT('',(-1.95,-2.2005,0.905));
#2552 = B_SPLINE_CURVE_WITH_KNOTS('',1,(#2553,#2554),.UNSPECIFIED.,.F.,
  .F.,(2,2),(0.,1.),.PIECEWISE_BEZIER_KNOTS.);
#2553 = CARTESIAN_POINT('',(-1.95,-2.2005,0.695));
#2554 = CARTESIAN_POINT('',(-1.95,-2.2005,0.905));
#2555 = ORIENTED_EDGE('',*,*,#2155,.T.);
#2556 = ORIENTED_EDGE('',*,*,#2557,.T.);
#2557 = EDGE_CURVE('',#2148,#2558,#2560,.T.);
#2558 = VERTEX_POINT('',#2559);
#2559 = CARTESIAN_POINT('',(-1.95,-2.11,0.905));
#2560 = LINE('',#2561,#2562);
#2561 = CARTESIAN_POINT('',(-1.95,-2.11,0.679881042197));
#2562 = VECTOR('',#2563,1.);
#2563 = DIRECTION('',(0.,0.,1.));
#2564 = ORIENTED_EDGE('',*,*,#2565,.F.);
#2565 = EDGE_CURVE('',#2550,#2558,#2566,.T.);
#2566 = LINE('',#2567,#2568);
#2567 = CARTESIAN_POINT('',(-1.95,-2.2005,0.905));
#2568 = VECTOR('',#2569,1.);
#2569 = DIRECTION('',(-1.110223024625E-16,1.,0.));
#2570 = PLANE('',#2571);
#2571 = AXIS2_PLACEMENT_3D('',#2572,#2573,#2574);
#2572 = CARTESIAN_POINT('',(-1.95,-2.2005,0.905));
#2573 = DIRECTION('',(1.,1.110223024625E-16,0.));
#2574 = DIRECTION('',(-1.110223024625E-16,1.,0.));
#2575 = ADVANCED_FACE('',(#2576),#2601,.F.);
#2576 = FACE_BOUND('',#2577,.F.);
#2577 = EDGE_LOOP('',(#2578,#2586,#2587,#2595));
#2578 = ORIENTED_EDGE('',*,*,#2579,.F.);
#2579 = EDGE_CURVE('',#2148,#2580,#2582,.T.);
#2580 = VERTEX_POINT('',#2581);
#2581 = CARTESIAN_POINT('',(-2.25,-2.11,0.695));
#2582 = LINE('',#2583,#2584);
#2583 = CARTESIAN_POINT('',(-1.949,-2.11,0.695));
#2584 = VECTOR('',#2585,1.);
#2585 = DIRECTION('',(-1.,1.144237745222E-17,0.));
#2586 = ORIENTED_EDGE('',*,*,#2147,.T.);
#2587 = ORIENTED_EDGE('',*,*,#2588,.T.);
#2588 = EDGE_CURVE('',#2140,#2589,#2591,.T.);
#2589 = VERTEX_POINT('',#2590);
#2590 = CARTESIAN_POINT('',(-2.25,-1.7,0.695));
#2591 = LINE('',#2592,#2593);
#2592 = CARTESIAN_POINT('',(-1.949,-1.7,0.695));
#2593 = VECTOR('',#2594,1.);
#2594 = DIRECTION('',(-1.,1.144237745222E-17,0.));
#2595 = ORIENTED_EDGE('',*,*,#2596,.F.);
#2596 = EDGE_CURVE('',#2580,#2589,#2597,.T.);
#2597 = LINE('',#2598,#2599);
#2598 = CARTESIAN_POINT('',(-2.25,-2.11,0.695));
#2599 = VECTOR('',#2600,1.);
#2600 = DIRECTION('',(1.144237745222E-17,1.,0.));
#2601 = PLANE('',#2602);
#2602 = AXIS2_PLACEMENT_3D('',#2603,#2604,#2605);
#2603 = CARTESIAN_POINT('',(-1.949,-2.11,0.695));
#2604 = DIRECTION('',(0.,0.,1.));
#2605 = DIRECTION('',(-1.,1.144237745222E-17,0.));
#2606 = ADVANCED_FACE('',(#2607),#2632,.F.);
#2607 = FACE_BOUND('',#2608,.F.);
#2608 = EDGE_LOOP('',(#2609,#2617,#2618,#2626));
#2609 = ORIENTED_EDGE('',*,*,#2610,.F.);
#2610 = EDGE_CURVE('',#2140,#2611,#2613,.T.);
#2611 = VERTEX_POINT('',#2612);
#2612 = CARTESIAN_POINT('',(-1.95,-1.7,0.905));
#2613 = LINE('',#2614,#2615);
#2614 = CARTESIAN_POINT('',(-1.95,-1.7,0.679881042197));
#2615 = VECTOR('',#2616,1.);
#2616 = DIRECTION('',(0.,0.,1.));
#2617 = ORIENTED_EDGE('',*,*,#2139,.T.);
#2618 = ORIENTED_EDGE('',*,*,#2619,.T.);
#2619 = EDGE_CURVE('',#2132,#2620,#2622,.T.);
#2620 = VERTEX_POINT('',#2621);
#2621 = CARTESIAN_POINT('',(-1.95,-0.84,0.905));
#2622 = LINE('',#2623,#2624);
#2623 = CARTESIAN_POINT('',(-1.95,-0.84,0.679881042197));
#2624 = VECTOR('',#2625,1.);
#2625 = DIRECTION('',(0.,0.,1.));
#2626 = ORIENTED_EDGE('',*,*,#2627,.F.);
#2627 = EDGE_CURVE('',#2611,#2620,#2628,.T.);
#2628 = LINE('',#2629,#2630);
#2629 = CARTESIAN_POINT('',(-1.95,-2.2005,0.905));
#2630 = VECTOR('',#2631,1.);
#2631 = DIRECTION('',(-1.110223024625E-16,1.,0.));
#2632 = PLANE('',#2633);
#2633 = AXIS2_PLACEMENT_3D('',#2634,#2635,#2636);
#2634 = CARTESIAN_POINT('',(-1.95,-2.2005,0.905));
#2635 = DIRECTION('',(1.,1.110223024625E-16,0.));
#2636 = DIRECTION('',(-1.110223024625E-16,1.,0.));
#2637 = ADVANCED_FACE('',(#2638),#2663,.F.);
#2638 = FACE_BOUND('',#2639,.F.);
#2639 = EDGE_LOOP('',(#2640,#2648,#2649,#2657));
#2640 = ORIENTED_EDGE('',*,*,#2641,.F.);
#2641 = EDGE_CURVE('',#2132,#2642,#2644,.T.);
#2642 = VERTEX_POINT('',#2643);
#2643 = CARTESIAN_POINT('',(-2.25,-0.84,0.695));
#2644 = LINE('',#2645,#2646);
#2645 = CARTESIAN_POINT('',(-1.949,-0.84,0.695));
#2646 = VECTOR('',#2647,1.);
#2647 = DIRECTION('',(-1.,1.144237745222E-17,0.));
#2648 = ORIENTED_EDGE('',*,*,#2131,.T.);
#2649 = ORIENTED_EDGE('',*,*,#2650,.T.);
#2650 = EDGE_CURVE('',#2124,#2651,#2653,.T.);
#2651 = VERTEX_POINT('',#2652);
#2652 = CARTESIAN_POINT('',(-2.25,-0.43,0.695));
#2653 = LINE('',#2654,#2655);
#2654 = CARTESIAN_POINT('',(-1.949,-0.43,0.695));
#2655 = VECTOR('',#2656,1.);
#2656 = DIRECTION('',(-1.,1.144237745222E-17,0.));
#2657 = ORIENTED_EDGE('',*,*,#2658,.F.);
#2658 = EDGE_CURVE('',#2642,#2651,#2659,.T.);
#2659 = LINE('',#2660,#2661);
#2660 = CARTESIAN_POINT('',(-2.25,-0.84,0.695));
#2661 = VECTOR('',#2662,1.);
#2662 = DIRECTION('',(1.144237745222E-17,1.,0.));
#2663 = PLANE('',#2664);
#2664 = AXIS2_PLACEMENT_3D('',#2665,#2666,#2667);
#2665 = CARTESIAN_POINT('',(-1.949,-0.84,0.695));
#2666 = DIRECTION('',(0.,0.,1.));
#2667 = DIRECTION('',(-1.,1.144237745222E-17,0.));
#2668 = ADVANCED_FACE('',(#2669),#2694,.F.);
#2669 = FACE_BOUND('',#2670,.F.);
#2670 = EDGE_LOOP('',(#2671,#2679,#2680,#2688));
#2671 = ORIENTED_EDGE('',*,*,#2672,.F.);
#2672 = EDGE_CURVE('',#2124,#2673,#2675,.T.);
#2673 = VERTEX_POINT('',#2674);
#2674 = CARTESIAN_POINT('',(-1.95,-0.43,0.905));
#2675 = LINE('',#2676,#2677);
#2676 = CARTESIAN_POINT('',(-1.95,-0.43,0.679881042197));
#2677 = VECTOR('',#2678,1.);
#2678 = DIRECTION('',(0.,0.,1.));
#2679 = ORIENTED_EDGE('',*,*,#2123,.T.);
#2680 = ORIENTED_EDGE('',*,*,#2681,.T.);
#2681 = EDGE_CURVE('',#2116,#2682,#2684,.T.);
#2682 = VERTEX_POINT('',#2683);
#2683 = CARTESIAN_POINT('',(-1.95,0.43,0.905));
#2684 = LINE('',#2685,#2686);
#2685 = CARTESIAN_POINT('',(-1.95,0.43,0.679881042197));
#2686 = VECTOR('',#2687,1.);
#2687 = DIRECTION('',(0.,0.,1.));
#2688 = ORIENTED_EDGE('',*,*,#2689,.F.);
#2689 = EDGE_CURVE('',#2673,#2682,#2690,.T.);
#2690 = LINE('',#2691,#2692);
#2691 = CARTESIAN_POINT('',(-1.95,-2.2005,0.905));
#2692 = VECTOR('',#2693,1.);
#2693 = DIRECTION('',(-1.110223024625E-16,1.,0.));
#2694 = PLANE('',#2695);
#2695 = AXIS2_PLACEMENT_3D('',#2696,#2697,#2698);
#2696 = CARTESIAN_POINT('',(-1.95,-2.2005,0.905));
#2697 = DIRECTION('',(1.,1.110223024625E-16,0.));
#2698 = DIRECTION('',(-1.110223024625E-16,1.,0.));
#2699 = ADVANCED_FACE('',(#2700),#2725,.F.);
#2700 = FACE_BOUND('',#2701,.F.);
#2701 = EDGE_LOOP('',(#2702,#2710,#2711,#2719));
#2702 = ORIENTED_EDGE('',*,*,#2703,.F.);
#2703 = EDGE_CURVE('',#2116,#2704,#2706,.T.);
#2704 = VERTEX_POINT('',#2705);
#2705 = CARTESIAN_POINT('',(-2.25,0.43,0.695));
#2706 = LINE('',#2707,#2708);
#2707 = CARTESIAN_POINT('',(-1.949,0.43,0.695));
#2708 = VECTOR('',#2709,1.);
#2709 = DIRECTION('',(-1.,1.144237745222E-17,0.));
#2710 = ORIENTED_EDGE('',*,*,#2115,.T.);
#2711 = ORIENTED_EDGE('',*,*,#2712,.T.);
#2712 = EDGE_CURVE('',#2108,#2713,#2715,.T.);
#2713 = VERTEX_POINT('',#2714);
#2714 = CARTESIAN_POINT('',(-2.25,0.84,0.695));
#2715 = LINE('',#2716,#2717);
#2716 = CARTESIAN_POINT('',(-1.949,0.84,0.695));
#2717 = VECTOR('',#2718,1.);
#2718 = DIRECTION('',(-1.,1.144237745222E-17,0.));
#2719 = ORIENTED_EDGE('',*,*,#2720,.F.);
#2720 = EDGE_CURVE('',#2704,#2713,#2721,.T.);
#2721 = LINE('',#2722,#2723);
#2722 = CARTESIAN_POINT('',(-2.25,0.43,0.695));
#2723 = VECTOR('',#2724,1.);
#2724 = DIRECTION('',(1.144237745222E-17,1.,0.));
#2725 = PLANE('',#2726);
#2726 = AXIS2_PLACEMENT_3D('',#2727,#2728,#2729);
#2727 = CARTESIAN_POINT('',(-1.949,0.43,0.695));
#2728 = DIRECTION('',(0.,0.,1.));
#2729 = DIRECTION('',(-1.,1.144237745222E-17,0.));
#2730 = ADVANCED_FACE('',(#2731),#2756,.F.);
#2731 = FACE_BOUND('',#2732,.F.);
#2732 = EDGE_LOOP('',(#2733,#2741,#2742,#2750));
#2733 = ORIENTED_EDGE('',*,*,#2734,.F.);
#2734 = EDGE_CURVE('',#2108,#2735,#2737,.T.);
#2735 = VERTEX_POINT('',#2736);
#2736 = CARTESIAN_POINT('',(-1.95,0.84,0.905));
#2737 = LINE('',#2738,#2739);
#2738 = CARTESIAN_POINT('',(-1.95,0.84,0.679881042197));
#2739 = VECTOR('',#2740,1.);
#2740 = DIRECTION('',(0.,0.,1.));
#2741 = ORIENTED_EDGE('',*,*,#2107,.T.);
#2742 = ORIENTED_EDGE('',*,*,#2743,.T.);
#2743 = EDGE_CURVE('',#2100,#2744,#2746,.T.);
#2744 = VERTEX_POINT('',#2745);
#2745 = CARTESIAN_POINT('',(-1.95,1.7,0.905));
#2746 = LINE('',#2747,#2748);
#2747 = CARTESIAN_POINT('',(-1.95,1.7,0.679881042197));
#2748 = VECTOR('',#2749,1.);
#2749 = DIRECTION('',(0.,0.,1.));
#2750 = ORIENTED_EDGE('',*,*,#2751,.F.);
#2751 = EDGE_CURVE('',#2735,#2744,#2752,.T.);
#2752 = LINE('',#2753,#2754);
#2753 = CARTESIAN_POINT('',(-1.95,-2.2005,0.905));
#2754 = VECTOR('',#2755,1.);
#2755 = DIRECTION('',(-1.110223024625E-16,1.,0.));
#2756 = PLANE('',#2757);
#2757 = AXIS2_PLACEMENT_3D('',#2758,#2759,#2760);
#2758 = CARTESIAN_POINT('',(-1.95,-2.2005,0.905));
#2759 = DIRECTION('',(1.,1.110223024625E-16,0.));
#2760 = DIRECTION('',(-1.110223024625E-16,1.,0.));
#2761 = ADVANCED_FACE('',(#2762),#2787,.F.);
#2762 = FACE_BOUND('',#2763,.F.);
#2763 = EDGE_LOOP('',(#2764,#2772,#2773,#2781));
#2764 = ORIENTED_EDGE('',*,*,#2765,.F.);
#2765 = EDGE_CURVE('',#2100,#2766,#2768,.T.);
#2766 = VERTEX_POINT('',#2767);
#2767 = CARTESIAN_POINT('',(-2.25,1.7,0.695));
#2768 = LINE('',#2769,#2770);
#2769 = CARTESIAN_POINT('',(-1.949,1.7,0.695));
#2770 = VECTOR('',#2771,1.);
#2771 = DIRECTION('',(-1.,1.144237745222E-17,0.));
#2772 = ORIENTED_EDGE('',*,*,#2099,.T.);
#2773 = ORIENTED_EDGE('',*,*,#2774,.T.);
#2774 = EDGE_CURVE('',#2092,#2775,#2777,.T.);
#2775 = VERTEX_POINT('',#2776);
#2776 = CARTESIAN_POINT('',(-2.25,2.11,0.695));
#2777 = LINE('',#2778,#2779);
#2778 = CARTESIAN_POINT('',(-1.949,2.11,0.695));
#2779 = VECTOR('',#2780,1.);
#2780 = DIRECTION('',(-1.,1.144237745222E-17,0.));
#2781 = ORIENTED_EDGE('',*,*,#2782,.F.);
#2782 = EDGE_CURVE('',#2766,#2775,#2783,.T.);
#2783 = LINE('',#2784,#2785);
#2784 = CARTESIAN_POINT('',(-2.25,1.7,0.695));
#2785 = VECTOR('',#2786,1.);
#2786 = DIRECTION('',(1.144237745222E-17,1.,0.));
#2787 = PLANE('',#2788);
#2788 = AXIS2_PLACEMENT_3D('',#2789,#2790,#2791);
#2789 = CARTESIAN_POINT('',(-1.949,1.7,0.695));
#2790 = DIRECTION('',(0.,0.,1.));
#2791 = DIRECTION('',(-1.,1.144237745222E-17,0.));
#2792 = ADVANCED_FACE('',(#2793),#2804,.F.);
#2793 = FACE_BOUND('',#2794,.F.);
#2794 = EDGE_LOOP('',(#2795,#2801,#2802,#2803));
#2795 = ORIENTED_EDGE('',*,*,#2796,.F.);
#2796 = EDGE_CURVE('',#2092,#2512,#2797,.T.);
#2797 = LINE('',#2798,#2799);
#2798 = CARTESIAN_POINT('',(-1.95,2.11,0.679881042197));
#2799 = VECTOR('',#2800,1.);
#2800 = DIRECTION('',(0.,0.,1.));
#2801 = ORIENTED_EDGE('',*,*,#2091,.T.);
#2802 = ORIENTED_EDGE('',*,*,#2536,.T.);
#2803 = ORIENTED_EDGE('',*,*,#2519,.F.);
#2804 = PLANE('',#2805);
#2805 = AXIS2_PLACEMENT_3D('',#2806,#2807,#2808);
#2806 = CARTESIAN_POINT('',(-1.95,-2.2005,0.905));
#2807 = DIRECTION('',(1.,1.110223024625E-16,0.));
#2808 = DIRECTION('',(-1.110223024625E-16,1.,0.));
#2809 = ADVANCED_FACE('',(#2810),#2821,.F.);
#2810 = FACE_BOUND('',#2811,.F.);
#2811 = EDGE_LOOP('',(#2812,#2813,#2814,#2820));
#2812 = ORIENTED_EDGE('',*,*,#2423,.F.);
#2813 = ORIENTED_EDGE('',*,*,#2248,.T.);
#2814 = ORIENTED_EDGE('',*,*,#2815,.T.);
#2815 = EDGE_CURVE('',#2241,#2456,#2816,.T.);
#2816 = LINE('',#2817,#2818);
#2817 = CARTESIAN_POINT('',(1.95,2.11,0.679881042197));
#2818 = VECTOR('',#2819,1.);
#2819 = DIRECTION('',(0.,0.,1.));
#2820 = ORIENTED_EDGE('',*,*,#2455,.F.);
#2821 = PLANE('',#2822);
#2822 = AXIS2_PLACEMENT_3D('',#2823,#2824,#2825);
#2823 = CARTESIAN_POINT('',(1.95,2.2005,0.905));
#2824 = DIRECTION('',(-1.,-1.110223024625E-16,0.));
#2825 = DIRECTION('',(1.110223024625E-16,-1.,0.));
#2826 = ADVANCED_FACE('',(#2827),#2852,.F.);
#2827 = FACE_BOUND('',#2828,.F.);
#2828 = EDGE_LOOP('',(#2829,#2837,#2838,#2846));
#2829 = ORIENTED_EDGE('',*,*,#2830,.F.);
#2830 = EDGE_CURVE('',#2241,#2831,#2833,.T.);
#2831 = VERTEX_POINT('',#2832);
#2832 = CARTESIAN_POINT('',(2.25,2.11,0.695));
#2833 = LINE('',#2834,#2835);
#2834 = CARTESIAN_POINT('',(1.949,2.11,0.695));
#2835 = VECTOR('',#2836,1.);
#2836 = DIRECTION('',(1.,1.110223024625E-16,0.));
#2837 = ORIENTED_EDGE('',*,*,#2240,.T.);
#2838 = ORIENTED_EDGE('',*,*,#2839,.T.);
#2839 = EDGE_CURVE('',#2233,#2840,#2842,.T.);
#2840 = VERTEX_POINT('',#2841);
#2841 = CARTESIAN_POINT('',(2.25,1.7,0.695));
#2842 = LINE('',#2843,#2844);
#2843 = CARTESIAN_POINT('',(1.949,1.7,0.695));
#2844 = VECTOR('',#2845,1.);
#2845 = DIRECTION('',(1.,1.110223024625E-16,0.));
#2846 = ORIENTED_EDGE('',*,*,#2847,.F.);
#2847 = EDGE_CURVE('',#2831,#2840,#2848,.T.);
#2848 = LINE('',#2849,#2850);
#2849 = CARTESIAN_POINT('',(2.25,2.11,0.695));
#2850 = VECTOR('',#2851,1.);
#2851 = DIRECTION('',(1.110223024625E-16,-1.,0.));
#2852 = PLANE('',#2853);
#2853 = AXIS2_PLACEMENT_3D('',#2854,#2855,#2856);
#2854 = CARTESIAN_POINT('',(1.949,2.11,0.695));
#2855 = DIRECTION('',(0.,0.,1.));
#2856 = DIRECTION('',(1.,1.110223024625E-16,-0.));
#2857 = ADVANCED_FACE('',(#2858),#2883,.F.);
#2858 = FACE_BOUND('',#2859,.F.);
#2859 = EDGE_LOOP('',(#2860,#2868,#2869,#2877));
#2860 = ORIENTED_EDGE('',*,*,#2861,.F.);
#2861 = EDGE_CURVE('',#2233,#2862,#2864,.T.);
#2862 = VERTEX_POINT('',#2863);
#2863 = CARTESIAN_POINT('',(1.95,1.7,0.905));
#2864 = LINE('',#2865,#2866);
#2865 = CARTESIAN_POINT('',(1.95,1.7,0.679881042197));
#2866 = VECTOR('',#2867,1.);
#2867 = DIRECTION('',(0.,0.,1.));
#2868 = ORIENTED_EDGE('',*,*,#2232,.T.);
#2869 = ORIENTED_EDGE('',*,*,#2870,.T.);
#2870 = EDGE_CURVE('',#2225,#2871,#2873,.T.);
#2871 = VERTEX_POINT('',#2872);
#2872 = CARTESIAN_POINT('',(1.95,0.84,0.905));
#2873 = LINE('',#2874,#2875);
#2874 = CARTESIAN_POINT('',(1.95,0.84,0.679881042197));
#2875 = VECTOR('',#2876,1.);
#2876 = DIRECTION('',(0.,0.,1.));
#2877 = ORIENTED_EDGE('',*,*,#2878,.F.);
#2878 = EDGE_CURVE('',#2862,#2871,#2879,.T.);
#2879 = LINE('',#2880,#2881);
#2880 = CARTESIAN_POINT('',(1.95,2.2005,0.905));
#2881 = VECTOR('',#2882,1.);
#2882 = DIRECTION('',(1.110223024625E-16,-1.,0.));
#2883 = PLANE('',#2884);
#2884 = AXIS2_PLACEMENT_3D('',#2885,#2886,#2887);
#2885 = CARTESIAN_POINT('',(1.95,2.2005,0.905));
#2886 = DIRECTION('',(-1.,-1.110223024625E-16,0.));
#2887 = DIRECTION('',(1.110223024625E-16,-1.,0.));
#2888 = ADVANCED_FACE('',(#2889),#2914,.F.);
#2889 = FACE_BOUND('',#2890,.F.);
#2890 = EDGE_LOOP('',(#2891,#2899,#2900,#2908));
#2891 = ORIENTED_EDGE('',*,*,#2892,.F.);
#2892 = EDGE_CURVE('',#2225,#2893,#2895,.T.);
#2893 = VERTEX_POINT('',#2894);
#2894 = CARTESIAN_POINT('',(2.25,0.84,0.695));
#2895 = LINE('',#2896,#2897);
#2896 = CARTESIAN_POINT('',(1.949,0.84,0.695));
#2897 = VECTOR('',#2898,1.);
#2898 = DIRECTION('',(1.,1.110223024625E-16,0.));
#2899 = ORIENTED_EDGE('',*,*,#2224,.T.);
#2900 = ORIENTED_EDGE('',*,*,#2901,.T.);
#2901 = EDGE_CURVE('',#2217,#2902,#2904,.T.);
#2902 = VERTEX_POINT('',#2903);
#2903 = CARTESIAN_POINT('',(2.25,0.43,0.695));
#2904 = LINE('',#2905,#2906);
#2905 = CARTESIAN_POINT('',(1.949,0.43,0.695));
#2906 = VECTOR('',#2907,1.);
#2907 = DIRECTION('',(1.,1.110223024625E-16,0.));
#2908 = ORIENTED_EDGE('',*,*,#2909,.F.);
#2909 = EDGE_CURVE('',#2893,#2902,#2910,.T.);
#2910 = LINE('',#2911,#2912);
#2911 = CARTESIAN_POINT('',(2.25,0.84,0.695));
#2912 = VECTOR('',#2913,1.);
#2913 = DIRECTION('',(1.110223024625E-16,-1.,0.));
#2914 = PLANE('',#2915);
#2915 = AXIS2_PLACEMENT_3D('',#2916,#2917,#2918);
#2916 = CARTESIAN_POINT('',(1.949,0.84,0.695));
#2917 = DIRECTION('',(0.,0.,1.));
#2918 = DIRECTION('',(1.,1.110223024625E-16,-0.));
#2919 = ADVANCED_FACE('',(#2920),#2945,.F.);
#2920 = FACE_BOUND('',#2921,.F.);
#2921 = EDGE_LOOP('',(#2922,#2930,#2931,#2939));
#2922 = ORIENTED_EDGE('',*,*,#2923,.F.);
#2923 = EDGE_CURVE('',#2217,#2924,#2926,.T.);
#2924 = VERTEX_POINT('',#2925);
#2925 = CARTESIAN_POINT('',(1.95,0.43,0.905));
#2926 = LINE('',#2927,#2928);
#2927 = CARTESIAN_POINT('',(1.95,0.43,0.679881042197));
#2928 = VECTOR('',#2929,1.);
#2929 = DIRECTION('',(0.,0.,1.));
#2930 = ORIENTED_EDGE('',*,*,#2216,.T.);
#2931 = ORIENTED_EDGE('',*,*,#2932,.T.);
#2932 = EDGE_CURVE('',#2209,#2933,#2935,.T.);
#2933 = VERTEX_POINT('',#2934);
#2934 = CARTESIAN_POINT('',(1.95,-0.43,0.905));
#2935 = LINE('',#2936,#2937);
#2936 = CARTESIAN_POINT('',(1.95,-0.43,0.679881042197));
#2937 = VECTOR('',#2938,1.);
#2938 = DIRECTION('',(0.,0.,1.));
#2939 = ORIENTED_EDGE('',*,*,#2940,.F.);
#2940 = EDGE_CURVE('',#2924,#2933,#2941,.T.);
#2941 = LINE('',#2942,#2943);
#2942 = CARTESIAN_POINT('',(1.95,2.2005,0.905));
#2943 = VECTOR('',#2944,1.);
#2944 = DIRECTION('',(1.110223024625E-16,-1.,0.));
#2945 = PLANE('',#2946);
#2946 = AXIS2_PLACEMENT_3D('',#2947,#2948,#2949);
#2947 = CARTESIAN_POINT('',(1.95,2.2005,0.905));
#2948 = DIRECTION('',(-1.,-1.110223024625E-16,0.));
#2949 = DIRECTION('',(1.110223024625E-16,-1.,0.));
#2950 = ADVANCED_FACE('',(#2951),#2976,.F.);
#2951 = FACE_BOUND('',#2952,.F.);
#2952 = EDGE_LOOP('',(#2953,#2961,#2962,#2970));
#2953 = ORIENTED_EDGE('',*,*,#2954,.F.);
#2954 = EDGE_CURVE('',#2209,#2955,#2957,.T.);
#2955 = VERTEX_POINT('',#2956);
#2956 = CARTESIAN_POINT('',(2.25,-0.43,0.695));
#2957 = LINE('',#2958,#2959);
#2958 = CARTESIAN_POINT('',(1.949,-0.43,0.695));
#2959 = VECTOR('',#2960,1.);
#2960 = DIRECTION('',(1.,1.110223024625E-16,0.));
#2961 = ORIENTED_EDGE('',*,*,#2208,.T.);
#2962 = ORIENTED_EDGE('',*,*,#2963,.T.);
#2963 = EDGE_CURVE('',#2201,#2964,#2966,.T.);
#2964 = VERTEX_POINT('',#2965);
#2965 = CARTESIAN_POINT('',(2.25,-0.84,0.695));
#2966 = LINE('',#2967,#2968);
#2967 = CARTESIAN_POINT('',(1.949,-0.84,0.695));
#2968 = VECTOR('',#2969,1.);
#2969 = DIRECTION('',(1.,1.110223024625E-16,0.));
#2970 = ORIENTED_EDGE('',*,*,#2971,.F.);
#2971 = EDGE_CURVE('',#2955,#2964,#2972,.T.);
#2972 = LINE('',#2973,#2974);
#2973 = CARTESIAN_POINT('',(2.25,-0.43,0.695));
#2974 = VECTOR('',#2975,1.);
#2975 = DIRECTION('',(1.110223024625E-16,-1.,0.));
#2976 = PLANE('',#2977);
#2977 = AXIS2_PLACEMENT_3D('',#2978,#2979,#2980);
#2978 = CARTESIAN_POINT('',(1.949,-0.43,0.695));
#2979 = DIRECTION('',(0.,0.,1.));
#2980 = DIRECTION('',(1.,1.110223024625E-16,-0.));
#2981 = ADVANCED_FACE('',(#2982),#3007,.F.);
#2982 = FACE_BOUND('',#2983,.F.);
#2983 = EDGE_LOOP('',(#2984,#2992,#2993,#3001));
#2984 = ORIENTED_EDGE('',*,*,#2985,.F.);
#2985 = EDGE_CURVE('',#2201,#2986,#2988,.T.);
#2986 = VERTEX_POINT('',#2987);
#2987 = CARTESIAN_POINT('',(1.95,-0.84,0.905));
#2988 = LINE('',#2989,#2990);
#2989 = CARTESIAN_POINT('',(1.95,-0.84,0.679881042197));
#2990 = VECTOR('',#2991,1.);
#2991 = DIRECTION('',(0.,0.,1.));
#2992 = ORIENTED_EDGE('',*,*,#2200,.T.);
#2993 = ORIENTED_EDGE('',*,*,#2994,.T.);
#2994 = EDGE_CURVE('',#2193,#2995,#2997,.T.);
#2995 = VERTEX_POINT('',#2996);
#2996 = CARTESIAN_POINT('',(1.95,-1.7,0.905));
#2997 = LINE('',#2998,#2999);
#2998 = CARTESIAN_POINT('',(1.95,-1.7,0.679881042197));
#2999 = VECTOR('',#3000,1.);
#3000 = DIRECTION('',(0.,0.,1.));
#3001 = ORIENTED_EDGE('',*,*,#3002,.F.);
#3002 = EDGE_CURVE('',#2986,#2995,#3003,.T.);
#3003 = LINE('',#3004,#3005);
#3004 = CARTESIAN_POINT('',(1.95,2.2005,0.905));
#3005 = VECTOR('',#3006,1.);
#3006 = DIRECTION('',(1.110223024625E-16,-1.,0.));
#3007 = PLANE('',#3008);
#3008 = AXIS2_PLACEMENT_3D('',#3009,#3010,#3011);
#3009 = CARTESIAN_POINT('',(1.95,2.2005,0.905));
#3010 = DIRECTION('',(-1.,-1.110223024625E-16,0.));
#3011 = DIRECTION('',(1.110223024625E-16,-1.,0.));
#3012 = ADVANCED_FACE('',(#3013),#3038,.F.);
#3013 = FACE_BOUND('',#3014,.F.);
#3014 = EDGE_LOOP('',(#3015,#3023,#3024,#3032));
#3015 = ORIENTED_EDGE('',*,*,#3016,.F.);
#3016 = EDGE_CURVE('',#2193,#3017,#3019,.T.);
#3017 = VERTEX_POINT('',#3018);
#3018 = CARTESIAN_POINT('',(2.25,-1.7,0.695));
#3019 = LINE('',#3020,#3021);
#3020 = CARTESIAN_POINT('',(1.949,-1.7,0.695));
#3021 = VECTOR('',#3022,1.);
#3022 = DIRECTION('',(1.,1.110223024625E-16,0.));
#3023 = ORIENTED_EDGE('',*,*,#2192,.T.);
#3024 = ORIENTED_EDGE('',*,*,#3025,.T.);
#3025 = EDGE_CURVE('',#2185,#3026,#3028,.T.);
#3026 = VERTEX_POINT('',#3027);
#3027 = CARTESIAN_POINT('',(2.25,-2.11,0.695));
#3028 = LINE('',#3029,#3030);
#3029 = CARTESIAN_POINT('',(1.949,-2.11,0.695));
#3030 = VECTOR('',#3031,1.);
#3031 = DIRECTION('',(1.,1.110223024625E-16,0.));
#3032 = ORIENTED_EDGE('',*,*,#3033,.F.);
#3033 = EDGE_CURVE('',#3017,#3026,#3034,.T.);
#3034 = LINE('',#3035,#3036);
#3035 = CARTESIAN_POINT('',(2.25,-1.7,0.695));
#3036 = VECTOR('',#3037,1.);
#3037 = DIRECTION('',(1.110223024625E-16,-1.,0.));
#3038 = PLANE('',#3039);
#3039 = AXIS2_PLACEMENT_3D('',#3040,#3041,#3042);
#3040 = CARTESIAN_POINT('',(1.949,-1.7,0.695));
#3041 = DIRECTION('',(0.,0.,1.));
#3042 = DIRECTION('',(1.,1.110223024625E-16,-0.));
#3043 = ADVANCED_FACE('',(#3044),#3068,.F.);
#3044 = FACE_BOUND('',#3045,.F.);
#3045 = EDGE_LOOP('',(#3046,#3054,#3055,#3062));
#3046 = ORIENTED_EDGE('',*,*,#3047,.F.);
#3047 = EDGE_CURVE('',#2185,#3048,#3050,.T.);
#3048 = VERTEX_POINT('',#3049);
#3049 = CARTESIAN_POINT('',(1.95,-2.11,0.905));
#3050 = LINE('',#3051,#3052);
#3051 = CARTESIAN_POINT('',(1.95,-2.11,0.679881042197));
#3052 = VECTOR('',#3053,1.);
#3053 = DIRECTION('',(0.,0.,1.));
#3054 = ORIENTED_EDGE('',*,*,#2184,.T.);
#3055 = ORIENTED_EDGE('',*,*,#3056,.T.);
#3056 = EDGE_CURVE('',#2178,#3057,#3059,.T.);
#3057 = VERTEX_POINT('',#3058);
#3058 = CARTESIAN_POINT('',(1.95,-2.2005,0.905));
#3059 = B_SPLINE_CURVE_WITH_KNOTS('',1,(#3060,#3061),.UNSPECIFIED.,.F.,
  .F.,(2,2),(0.,1.),.PIECEWISE_BEZIER_KNOTS.);
#3060 = CARTESIAN_POINT('',(1.95,-2.2005,0.695));
#3061 = CARTESIAN_POINT('',(1.95,-2.2005,0.905));
#3062 = ORIENTED_EDGE('',*,*,#3063,.F.);
#3063 = EDGE_CURVE('',#3048,#3057,#3064,.T.);
#3064 = LINE('',#3065,#3066);
#3065 = CARTESIAN_POINT('',(1.95,2.2005,0.905));
#3066 = VECTOR('',#3067,1.);
#3067 = DIRECTION('',(1.110223024625E-16,-1.,0.));
#3068 = PLANE('',#3069);
#3069 = AXIS2_PLACEMENT_3D('',#3070,#3071,#3072);
#3070 = CARTESIAN_POINT('',(1.95,2.2005,0.905));
#3071 = DIRECTION('',(-1.,-1.110223024625E-16,0.));
#3072 = DIRECTION('',(1.110223024625E-16,-1.,0.));
#3073 = ADVANCED_FACE('',(#3074),#3091,.F.);
#3074 = FACE_BOUND('',#3075,.F.);
#3075 = EDGE_LOOP('',(#3076,#3077,#3078,#3086));
#3076 = ORIENTED_EDGE('',*,*,#2265,.T.);
#3077 = ORIENTED_EDGE('',*,*,#2549,.T.);
#3078 = ORIENTED_EDGE('',*,*,#3079,.F.);
#3079 = EDGE_CURVE('',#3080,#2550,#3082,.T.);
#3080 = VERTEX_POINT('',#3081);
#3081 = CARTESIAN_POINT('',(-1.7005,-2.45,0.905));
#3082 = LINE('',#3083,#3084);
#3083 = CARTESIAN_POINT('',(-1.7005,-2.45,0.905));
#3084 = VECTOR('',#3085,1.);
#3085 = DIRECTION('',(-0.707106781187,0.707106781187,0.));
#3086 = ORIENTED_EDGE('',*,*,#3087,.F.);
#3087 = EDGE_CURVE('',#2266,#3080,#3088,.T.);
#3088 = B_SPLINE_CURVE_WITH_KNOTS('',1,(#3089,#3090),.UNSPECIFIED.,.F.,
  .F.,(2,2),(0.,1.),.PIECEWISE_BEZIER_KNOTS.);
#3089 = CARTESIAN_POINT('',(-1.7005,-2.45,0.695));
#3090 = CARTESIAN_POINT('',(-1.7005,-2.45,0.905));
#3091 = PLANE('',#3092);
#3092 = AXIS2_PLACEMENT_3D('',#3093,#3094,#3095);
#3093 = CARTESIAN_POINT('',(-1.7005,-2.45,0.905));
#3094 = DIRECTION('',(0.707106781187,0.707106781187,0.));
#3095 = DIRECTION('',(-0.707106781187,0.707106781187,0.));
#3096 = ADVANCED_FACE('',(#3097),#3114,.F.);
#3097 = FACE_BOUND('',#3098,.F.);
#3098 = EDGE_LOOP('',(#3099,#3100,#3107,#3113));
#3099 = ORIENTED_EDGE('',*,*,#2294,.T.);
#3100 = ORIENTED_EDGE('',*,*,#3101,.T.);
#3101 = EDGE_CURVE('',#2288,#3102,#3104,.T.);
#3102 = VERTEX_POINT('',#3103);
#3103 = CARTESIAN_POINT('',(1.7005,-2.45,0.905));
#3104 = B_SPLINE_CURVE_WITH_KNOTS('',1,(#3105,#3106),.UNSPECIFIED.,.F.,
  .F.,(2,2),(0.,1.),.PIECEWISE_BEZIER_KNOTS.);
#3105 = CARTESIAN_POINT('',(1.7005,-2.45,0.695));
#3106 = CARTESIAN_POINT('',(1.7005,-2.45,0.905));
#3107 = ORIENTED_EDGE('',*,*,#3108,.F.);
#3108 = EDGE_CURVE('',#3057,#3102,#3109,.T.);
#3109 = LINE('',#3110,#3111);
#3110 = CARTESIAN_POINT('',(1.95,-2.2005,0.905));
#3111 = VECTOR('',#3112,1.);
#3112 = DIRECTION('',(-0.707106781187,-0.707106781187,0.));
#3113 = ORIENTED_EDGE('',*,*,#3056,.F.);
#3114 = PLANE('',#3115);
#3115 = AXIS2_PLACEMENT_3D('',#3116,#3117,#3118);
#3116 = CARTESIAN_POINT('',(1.95,-2.2005,0.905));
#3117 = DIRECTION('',(-0.707106781187,0.707106781187,0.));
#3118 = DIRECTION('',(-0.707106781187,-0.707106781187,0.));
#3119 = ADVANCED_FACE('',(#3120),#3131,.F.);
#3120 = FACE_BOUND('',#3121,.F.);
#3121 = EDGE_LOOP('',(#3122,#3123,#3124,#3130));
#3122 = ORIENTED_EDGE('',*,*,#2311,.T.);
#3123 = ORIENTED_EDGE('',*,*,#3087,.T.);
#3124 = ORIENTED_EDGE('',*,*,#3125,.F.);
#3125 = EDGE_CURVE('',#3102,#3080,#3126,.T.);
#3126 = LINE('',#3127,#3128);
#3127 = CARTESIAN_POINT('',(1.7005,-2.45,0.905));
#3128 = VECTOR('',#3129,1.);
#3129 = DIRECTION('',(-1.,-1.110223024625E-16,0.));
#3130 = ORIENTED_EDGE('',*,*,#3101,.F.);
#3131 = PLANE('',#3132);
#3132 = AXIS2_PLACEMENT_3D('',#3133,#3134,#3135);
#3133 = CARTESIAN_POINT('',(1.7005,-2.45,0.905));
#3134 = DIRECTION('',(-1.110223024625E-16,1.,0.));
#3135 = DIRECTION('',(-1.,-1.110223024625E-16,0.));
#3136 = ADVANCED_FACE('',(#3137),#3143,.F.);
#3137 = FACE_BOUND('',#3138,.F.);
#3138 = EDGE_LOOP('',(#3139,#3140,#3141,#3142));
#3139 = ORIENTED_EDGE('',*,*,#2406,.F.);
#3140 = ORIENTED_EDGE('',*,*,#2381,.T.);
#3141 = ORIENTED_EDGE('',*,*,#2365,.T.);
#3142 = ORIENTED_EDGE('',*,*,#2326,.F.);
#3143 = PLANE('',#3144);
#3144 = AXIS2_PLACEMENT_3D('',#3145,#3146,#3147);
#3145 = CARTESIAN_POINT('',(-1.145,1.5,0.));
#3146 = DIRECTION('',(0.,0.,1.));
#3147 = DIRECTION('',(1.110223024625E-16,-1.,0.));
#3148 = ADVANCED_FACE('',(#3149),#3188,.F.);
#3149 = FACE_BOUND('',#3150,.F.);
#3150 = EDGE_LOOP('',(#3151,#3159,#3167,#3173,#3174,#3182));
#3151 = ORIENTED_EDGE('',*,*,#3152,.F.);
#3152 = EDGE_CURVE('',#3153,#2744,#3155,.T.);
#3153 = VERTEX_POINT('',#3154);
#3154 = CARTESIAN_POINT('',(-2.25,1.7,0.905));
#3155 = LINE('',#3156,#3157);
#3156 = CARTESIAN_POINT('',(-2.25,1.7,0.905));
#3157 = VECTOR('',#3158,1.);
#3158 = DIRECTION('',(1.,-1.144237745222E-17,0.));
#3159 = ORIENTED_EDGE('',*,*,#3160,.T.);
#3160 = EDGE_CURVE('',#3153,#3161,#3163,.T.);
#3161 = VERTEX_POINT('',#3162);
#3162 = CARTESIAN_POINT('',(-2.25,2.11,0.905));
#3163 = LINE('',#3164,#3165);
#3164 = CARTESIAN_POINT('',(-2.25,1.7,0.905));
#3165 = VECTOR('',#3166,1.);
#3166 = DIRECTION('',(1.144237745222E-17,1.,0.));
#3167 = ORIENTED_EDGE('',*,*,#3168,.T.);
#3168 = EDGE_CURVE('',#3161,#2512,#3169,.T.);
#3169 = LINE('',#3170,#3171);
#3170 = CARTESIAN_POINT('',(-2.25,2.11,0.905));
#3171 = VECTOR('',#3172,1.);
#3172 = DIRECTION('',(1.,-1.144237745222E-17,0.));
#3173 = ORIENTED_EDGE('',*,*,#2511,.T.);
#3174 = ORIENTED_EDGE('',*,*,#3175,.F.);
#3175 = EDGE_CURVE('',#3176,#2504,#3178,.T.);
#3176 = VERTEX_POINT('',#3177);
#3177 = CARTESIAN_POINT('',(-1.9495,1.7,0.905));
#3178 = LINE('',#3179,#3180);
#3179 = CARTESIAN_POINT('',(-1.9495,-2.20025,0.905));
#3180 = VECTOR('',#3181,1.);
#3181 = DIRECTION('',(-1.110223024625E-16,1.,0.));
#3182 = ORIENTED_EDGE('',*,*,#3183,.F.);
#3183 = EDGE_CURVE('',#2744,#3176,#3184,.T.);
#3184 = LINE('',#3185,#3186);
#3185 = CARTESIAN_POINT('',(-2.25,1.7,0.905));
#3186 = VECTOR('',#3187,1.);
#3187 = DIRECTION('',(1.,-1.144237745222E-17,0.));
#3188 = PLANE('',#3189);
#3189 = AXIS2_PLACEMENT_3D('',#3190,#3191,#3192);
#3190 = CARTESIAN_POINT('',(-2.25,1.7,0.905));
#3191 = DIRECTION('',(0.,0.,-1.));
#3192 = DIRECTION('',(1.,-1.144237745222E-17,0.));
#3193 = ADVANCED_FACE('',(#3194),#3274,.F.);
#3194 = FACE_BOUND('',#3195,.F.);
#3195 = EDGE_LOOP('',(#3196,#3206,#3214,#3222,#3230,#3238,#3246,#3252,
    #3253,#3254,#3261,#3269));
#3196 = ORIENTED_EDGE('',*,*,#3197,.T.);
#3197 = EDGE_CURVE('',#3198,#3200,#3202,.T.);
#3198 = VERTEX_POINT('',#3199);
#3199 = CARTESIAN_POINT('',(-1.9495,-2.20025,0.905));
#3200 = VERTEX_POINT('',#3201);
#3201 = CARTESIAN_POINT('',(-1.9495,-2.11,0.905));
#3202 = LINE('',#3203,#3204);
#3203 = CARTESIAN_POINT('',(-1.9495,-2.20025,0.905));
#3204 = VECTOR('',#3205,1.);
#3205 = DIRECTION('',(-1.110223024625E-16,1.,0.));
#3206 = ORIENTED_EDGE('',*,*,#3207,.T.);
#3207 = EDGE_CURVE('',#3200,#3208,#3210,.T.);
#3208 = VERTEX_POINT('',#3209);
#3209 = CARTESIAN_POINT('',(-1.9495,-1.7,0.905));
#3210 = LINE('',#3211,#3212);
#3211 = CARTESIAN_POINT('',(-1.9495,-2.20025,0.905));
#3212 = VECTOR('',#3213,1.);
#3213 = DIRECTION('',(-1.110223024625E-16,1.,0.));
#3214 = ORIENTED_EDGE('',*,*,#3215,.T.);
#3215 = EDGE_CURVE('',#3208,#3216,#3218,.T.);
#3216 = VERTEX_POINT('',#3217);
#3217 = CARTESIAN_POINT('',(-1.9495,-0.84,0.905));
#3218 = LINE('',#3219,#3220);
#3219 = CARTESIAN_POINT('',(-1.9495,-2.20025,0.905));
#3220 = VECTOR('',#3221,1.);
#3221 = DIRECTION('',(-1.110223024625E-16,1.,0.));
#3222 = ORIENTED_EDGE('',*,*,#3223,.T.);
#3223 = EDGE_CURVE('',#3216,#3224,#3226,.T.);
#3224 = VERTEX_POINT('',#3225);
#3225 = CARTESIAN_POINT('',(-1.9495,-0.43,0.905));
#3226 = LINE('',#3227,#3228);
#3227 = CARTESIAN_POINT('',(-1.9495,-2.20025,0.905));
#3228 = VECTOR('',#3229,1.);
#3229 = DIRECTION('',(-1.110223024625E-16,1.,0.));
#3230 = ORIENTED_EDGE('',*,*,#3231,.T.);
#3231 = EDGE_CURVE('',#3224,#3232,#3234,.T.);
#3232 = VERTEX_POINT('',#3233);
#3233 = CARTESIAN_POINT('',(-1.9495,0.43,0.905));
#3234 = LINE('',#3235,#3236);
#3235 = CARTESIAN_POINT('',(-1.9495,-2.20025,0.905));
#3236 = VECTOR('',#3237,1.);
#3237 = DIRECTION('',(-1.110223024625E-16,1.,0.));
#3238 = ORIENTED_EDGE('',*,*,#3239,.T.);
#3239 = EDGE_CURVE('',#3232,#3240,#3242,.T.);
#3240 = VERTEX_POINT('',#3241);
#3241 = CARTESIAN_POINT('',(-1.9495,0.84,0.905));
#3242 = LINE('',#3243,#3244);
#3243 = CARTESIAN_POINT('',(-1.9495,-2.20025,0.905));
#3244 = VECTOR('',#3245,1.);
#3245 = DIRECTION('',(-1.110223024625E-16,1.,0.));
#3246 = ORIENTED_EDGE('',*,*,#3247,.T.);
#3247 = EDGE_CURVE('',#3240,#3176,#3248,.T.);
#3248 = LINE('',#3249,#3250);
#3249 = CARTESIAN_POINT('',(-1.9495,-2.20025,0.905));
#3250 = VECTOR('',#3251,1.);
#3251 = DIRECTION('',(-1.110223024625E-16,1.,0.));
#3252 = ORIENTED_EDGE('',*,*,#3175,.T.);
#3253 = ORIENTED_EDGE('',*,*,#2503,.T.);
#3254 = ORIENTED_EDGE('',*,*,#3255,.T.);
#3255 = EDGE_CURVE('',#2496,#3256,#3258,.T.);
#3256 = VERTEX_POINT('',#3257);
#3257 = CARTESIAN_POINT('',(-1.847342035991,2.149171017995,1.55));
#3258 = B_SPLINE_CURVE_WITH_KNOTS('',1,(#3259,#3260),.UNSPECIFIED.,.F.,
  .F.,(2,2),(0.,1.),.PIECEWISE_BEZIER_KNOTS.);
#3259 = CARTESIAN_POINT('',(-1.9495,2.20025,0.905));
#3260 = CARTESIAN_POINT('',(-1.847342035991,2.149171017995,1.55));
#3261 = ORIENTED_EDGE('',*,*,#3262,.F.);
#3262 = EDGE_CURVE('',#3263,#3256,#3265,.T.);
#3263 = VERTEX_POINT('',#3264);
#3264 = CARTESIAN_POINT('',(-1.847342035991,-2.149171017995,1.55));
#3265 = LINE('',#3266,#3267);
#3266 = CARTESIAN_POINT('',(-1.847342035991,-2.149171017995,1.55));
#3267 = VECTOR('',#3268,1.);
#3268 = DIRECTION('',(-1.110223024625E-16,1.,0.));
#3269 = ORIENTED_EDGE('',*,*,#3270,.F.);
#3270 = EDGE_CURVE('',#3198,#3263,#3271,.T.);
#3271 = B_SPLINE_CURVE_WITH_KNOTS('',1,(#3272,#3273),.UNSPECIFIED.,.F.,
  .F.,(2,2),(0.,1.),.PIECEWISE_BEZIER_KNOTS.);
#3272 = CARTESIAN_POINT('',(-1.9495,-2.20025,0.905));
#3273 = CARTESIAN_POINT('',(-1.847342035991,-2.149171017995,1.55));
#3274 = B_SPLINE_SURFACE_WITH_KNOTS('',1,1,(
    (#3275,#3276)
    ,(#3277,#3278
    )),.UNSPECIFIED.,.F.,.F.,.F.,(2,2),(2,2),(0.,4.4005),(0.,1.),
  .PIECEWISE_BEZIER_KNOTS.);
#3275 = CARTESIAN_POINT('',(-1.9495,-2.20025,0.905));
#3276 = CARTESIAN_POINT('',(-1.847342035991,-2.149171017995,1.55));
#3277 = CARTESIAN_POINT('',(-1.9495,2.20025,0.905));
#3278 = CARTESIAN_POINT('',(-1.847342035991,2.149171017995,1.55));
#3279 = ADVANCED_FACE('',(#3280),#3297,.F.);
#3280 = FACE_BOUND('',#3281,.F.);
#3281 = EDGE_LOOP('',(#3282,#3283,#3290,#3296));
#3282 = ORIENTED_EDGE('',*,*,#2495,.T.);
#3283 = ORIENTED_EDGE('',*,*,#3284,.T.);
#3284 = EDGE_CURVE('',#2488,#3285,#3287,.T.);
#3285 = VERTEX_POINT('',#3286);
#3286 = CARTESIAN_POINT('',(-1.649171017995,2.347342035991,1.55));
#3287 = B_SPLINE_CURVE_WITH_KNOTS('',1,(#3288,#3289),.UNSPECIFIED.,.F.,
  .F.,(2,2),(0.,1.),.PIECEWISE_BEZIER_KNOTS.);
#3288 = CARTESIAN_POINT('',(-1.70025,2.4495,0.905));
#3289 = CARTESIAN_POINT('',(-1.649171017995,2.347342035991,1.55));
#3290 = ORIENTED_EDGE('',*,*,#3291,.F.);
#3291 = EDGE_CURVE('',#3256,#3285,#3292,.T.);
#3292 = LINE('',#3293,#3294);
#3293 = CARTESIAN_POINT('',(-1.847342035991,2.149171017995,1.55));
#3294 = VECTOR('',#3295,1.);
#3295 = DIRECTION('',(0.707106781187,0.707106781187,0.));
#3296 = ORIENTED_EDGE('',*,*,#3255,.F.);
#3297 = B_SPLINE_SURFACE_WITH_KNOTS('',1,1,(
    (#3298,#3299)
    ,(#3300,#3301
    )),.UNSPECIFIED.,.F.,.F.,.F.,(2,2),(2,2),(0.,0.352492730421),(0.,1.)
  ,.PIECEWISE_BEZIER_KNOTS.);
#3298 = CARTESIAN_POINT('',(-1.9495,2.20025,0.905));
#3299 = CARTESIAN_POINT('',(-1.847342035991,2.149171017995,1.55));
#3300 = CARTESIAN_POINT('',(-1.70025,2.4495,0.905));
#3301 = CARTESIAN_POINT('',(-1.649171017995,2.347342035991,1.55));
#3302 = ADVANCED_FACE('',(#3303),#3320,.F.);
#3303 = FACE_BOUND('',#3304,.F.);
#3304 = EDGE_LOOP('',(#3305,#3306,#3313,#3319));
#3305 = ORIENTED_EDGE('',*,*,#2487,.T.);
#3306 = ORIENTED_EDGE('',*,*,#3307,.T.);
#3307 = EDGE_CURVE('',#2480,#3308,#3310,.T.);
#3308 = VERTEX_POINT('',#3309);
#3309 = CARTESIAN_POINT('',(1.649171017995,2.347342035991,1.55));
#3310 = B_SPLINE_CURVE_WITH_KNOTS('',1,(#3311,#3312),.UNSPECIFIED.,.F.,
  .F.,(2,2),(0.,1.),.PIECEWISE_BEZIER_KNOTS.);
#3311 = CARTESIAN_POINT('',(1.70025,2.4495,0.905));
#3312 = CARTESIAN_POINT('',(1.649171017995,2.347342035991,1.55));
#3313 = ORIENTED_EDGE('',*,*,#3314,.F.);
#3314 = EDGE_CURVE('',#3285,#3308,#3315,.T.);
#3315 = LINE('',#3316,#3317);
#3316 = CARTESIAN_POINT('',(-1.649171017995,2.347342035991,1.55));
#3317 = VECTOR('',#3318,1.);
#3318 = DIRECTION('',(1.,1.110223024625E-16,0.));
#3319 = ORIENTED_EDGE('',*,*,#3284,.F.);
#3320 = B_SPLINE_SURFACE_WITH_KNOTS('',1,1,(
    (#3321,#3322)
    ,(#3323,#3324
    )),.UNSPECIFIED.,.F.,.F.,.F.,(2,2),(2,2),(0.,3.4005),(0.,1.),
  .PIECEWISE_BEZIER_KNOTS.);
#3321 = CARTESIAN_POINT('',(-1.70025,2.4495,0.905));
#3322 = CARTESIAN_POINT('',(-1.649171017995,2.347342035991,1.55));
#3323 = CARTESIAN_POINT('',(1.70025,2.4495,0.905));
#3324 = CARTESIAN_POINT('',(1.649171017995,2.347342035991,1.55));
#3325 = ADVANCED_FACE('',(#3326),#3343,.F.);
#3326 = FACE_BOUND('',#3327,.F.);
#3327 = EDGE_LOOP('',(#3328,#3329,#3336,#3342));
#3328 = ORIENTED_EDGE('',*,*,#2479,.T.);
#3329 = ORIENTED_EDGE('',*,*,#3330,.T.);
#3330 = EDGE_CURVE('',#2472,#3331,#3333,.T.);
#3331 = VERTEX_POINT('',#3332);
#3332 = CARTESIAN_POINT('',(1.847342035991,2.149171017995,1.55));
#3333 = B_SPLINE_CURVE_WITH_KNOTS('',1,(#3334,#3335),.UNSPECIFIED.,.F.,
  .F.,(2,2),(0.,1.),.PIECEWISE_BEZIER_KNOTS.);
#3334 = CARTESIAN_POINT('',(1.9495,2.20025,0.905));
#3335 = CARTESIAN_POINT('',(1.847342035991,2.149171017995,1.55));
#3336 = ORIENTED_EDGE('',*,*,#3337,.F.);
#3337 = EDGE_CURVE('',#3308,#3331,#3338,.T.);
#3338 = LINE('',#3339,#3340);
#3339 = CARTESIAN_POINT('',(1.649171017995,2.347342035991,1.55));
#3340 = VECTOR('',#3341,1.);
#3341 = DIRECTION('',(0.707106781187,-0.707106781187,0.));
#3342 = ORIENTED_EDGE('',*,*,#3307,.F.);
#3343 = B_SPLINE_SURFACE_WITH_KNOTS('',1,1,(
    (#3344,#3345)
    ,(#3346,#3347
    )),.UNSPECIFIED.,.F.,.F.,.F.,(2,2),(2,2),(0.,0.352492730421),(0.,1.)
  ,.PIECEWISE_BEZIER_KNOTS.);
#3344 = CARTESIAN_POINT('',(1.70025,2.4495,0.905));
#3345 = CARTESIAN_POINT('',(1.649171017995,2.347342035991,1.55));
#3346 = CARTESIAN_POINT('',(1.9495,2.20025,0.905));
#3347 = CARTESIAN_POINT('',(1.847342035991,2.149171017995,1.55));
#3348 = ADVANCED_FACE('',(#3349),#3430,.F.);
#3349 = FACE_BOUND('',#3350,.F.);
#3350 = EDGE_LOOP('',(#3351,#3352,#3360,#3368,#3376,#3384,#3392,#3400,
    #3408,#3416,#3423,#3429));
#3351 = ORIENTED_EDGE('',*,*,#2471,.T.);
#3352 = ORIENTED_EDGE('',*,*,#3353,.T.);
#3353 = EDGE_CURVE('',#2464,#3354,#3356,.T.);
#3354 = VERTEX_POINT('',#3355);
#3355 = CARTESIAN_POINT('',(1.9495,1.7,0.905));
#3356 = LINE('',#3357,#3358);
#3357 = CARTESIAN_POINT('',(1.9495,2.20025,0.905));
#3358 = VECTOR('',#3359,1.);
#3359 = DIRECTION('',(1.110223024625E-16,-1.,0.));
#3360 = ORIENTED_EDGE('',*,*,#3361,.T.);
#3361 = EDGE_CURVE('',#3354,#3362,#3364,.T.);
#3362 = VERTEX_POINT('',#3363);
#3363 = CARTESIAN_POINT('',(1.9495,0.84,0.905));
#3364 = LINE('',#3365,#3366);
#3365 = CARTESIAN_POINT('',(1.9495,2.20025,0.905));
#3366 = VECTOR('',#3367,1.);
#3367 = DIRECTION('',(1.110223024625E-16,-1.,0.));
#3368 = ORIENTED_EDGE('',*,*,#3369,.T.);
#3369 = EDGE_CURVE('',#3362,#3370,#3372,.T.);
#3370 = VERTEX_POINT('',#3371);
#3371 = CARTESIAN_POINT('',(1.9495,0.43,0.905));
#3372 = LINE('',#3373,#3374);
#3373 = CARTESIAN_POINT('',(1.9495,2.20025,0.905));
#3374 = VECTOR('',#3375,1.);
#3375 = DIRECTION('',(1.110223024625E-16,-1.,0.));
#3376 = ORIENTED_EDGE('',*,*,#3377,.T.);
#3377 = EDGE_CURVE('',#3370,#3378,#3380,.T.);
#3378 = VERTEX_POINT('',#3379);
#3379 = CARTESIAN_POINT('',(1.9495,-0.43,0.905));
#3380 = LINE('',#3381,#3382);
#3381 = CARTESIAN_POINT('',(1.9495,2.20025,0.905));
#3382 = VECTOR('',#3383,1.);
#3383 = DIRECTION('',(1.110223024625E-16,-1.,0.));
#3384 = ORIENTED_EDGE('',*,*,#3385,.T.);
#3385 = EDGE_CURVE('',#3378,#3386,#3388,.T.);
#3386 = VERTEX_POINT('',#3387);
#3387 = CARTESIAN_POINT('',(1.9495,-0.84,0.905));
#3388 = LINE('',#3389,#3390);
#3389 = CARTESIAN_POINT('',(1.9495,2.20025,0.905));
#3390 = VECTOR('',#3391,1.);
#3391 = DIRECTION('',(1.110223024625E-16,-1.,0.));
#3392 = ORIENTED_EDGE('',*,*,#3393,.T.);
#3393 = EDGE_CURVE('',#3386,#3394,#3396,.T.);
#3394 = VERTEX_POINT('',#3395);
#3395 = CARTESIAN_POINT('',(1.9495,-1.7,0.905));
#3396 = LINE('',#3397,#3398);
#3397 = CARTESIAN_POINT('',(1.9495,2.20025,0.905));
#3398 = VECTOR('',#3399,1.);
#3399 = DIRECTION('',(1.110223024625E-16,-1.,0.));
#3400 = ORIENTED_EDGE('',*,*,#3401,.T.);
#3401 = EDGE_CURVE('',#3394,#3402,#3404,.T.);
#3402 = VERTEX_POINT('',#3403);
#3403 = CARTESIAN_POINT('',(1.9495,-2.11,0.905));
#3404 = LINE('',#3405,#3406);
#3405 = CARTESIAN_POINT('',(1.9495,2.20025,0.905));
#3406 = VECTOR('',#3407,1.);
#3407 = DIRECTION('',(1.110223024625E-16,-1.,0.));
#3408 = ORIENTED_EDGE('',*,*,#3409,.T.);
#3409 = EDGE_CURVE('',#3402,#3410,#3412,.T.);
#3410 = VERTEX_POINT('',#3411);
#3411 = CARTESIAN_POINT('',(1.9495,-2.20025,0.905));
#3412 = LINE('',#3413,#3414);
#3413 = CARTESIAN_POINT('',(1.9495,2.20025,0.905));
#3414 = VECTOR('',#3415,1.);
#3415 = DIRECTION('',(1.110223024625E-16,-1.,0.));
#3416 = ORIENTED_EDGE('',*,*,#3417,.T.);
#3417 = EDGE_CURVE('',#3410,#3418,#3420,.T.);
#3418 = VERTEX_POINT('',#3419);
#3419 = CARTESIAN_POINT('',(1.847342035991,-2.149171017995,1.55));
#3420 = B_SPLINE_CURVE_WITH_KNOTS('',1,(#3421,#3422),.UNSPECIFIED.,.F.,
  .F.,(2,2),(0.,1.),.PIECEWISE_BEZIER_KNOTS.);
#3421 = CARTESIAN_POINT('',(1.9495,-2.20025,0.905));
#3422 = CARTESIAN_POINT('',(1.847342035991,-2.149171017995,1.55));
#3423 = ORIENTED_EDGE('',*,*,#3424,.F.);
#3424 = EDGE_CURVE('',#3331,#3418,#3425,.T.);
#3425 = LINE('',#3426,#3427);
#3426 = CARTESIAN_POINT('',(1.847342035991,2.149171017995,1.55));
#3427 = VECTOR('',#3428,1.);
#3428 = DIRECTION('',(1.110223024625E-16,-1.,0.));
#3429 = ORIENTED_EDGE('',*,*,#3330,.F.);
#3430 = B_SPLINE_SURFACE_WITH_KNOTS('',1,1,(
    (#3431,#3432)
    ,(#3433,#3434
    )),.UNSPECIFIED.,.F.,.F.,.F.,(2,2),(2,2),(0.,4.4005),(0.,1.),
  .PIECEWISE_BEZIER_KNOTS.);
#3431 = CARTESIAN_POINT('',(1.9495,2.20025,0.905));
#3432 = CARTESIAN_POINT('',(1.847342035991,2.149171017995,1.55));
#3433 = CARTESIAN_POINT('',(1.9495,-2.20025,0.905));
#3434 = CARTESIAN_POINT('',(1.847342035991,-2.149171017995,1.55));
#3435 = ADVANCED_FACE('',(#3436),#3468,.F.);
#3436 = FACE_BOUND('',#3437,.F.);
#3437 = EDGE_LOOP('',(#3438,#3446,#3454,#3460,#3466,#3467));
#3438 = ORIENTED_EDGE('',*,*,#3439,.F.);
#3439 = EDGE_CURVE('',#3440,#2456,#3442,.T.);
#3440 = VERTEX_POINT('',#3441);
#3441 = CARTESIAN_POINT('',(2.25,2.11,0.905));
#3442 = LINE('',#3443,#3444);
#3443 = CARTESIAN_POINT('',(2.25,2.11,0.905));
#3444 = VECTOR('',#3445,1.);
#3445 = DIRECTION('',(-1.,-1.110223024625E-16,0.));
#3446 = ORIENTED_EDGE('',*,*,#3447,.T.);
#3447 = EDGE_CURVE('',#3440,#3448,#3450,.T.);
#3448 = VERTEX_POINT('',#3449);
#3449 = CARTESIAN_POINT('',(2.25,1.7,0.905));
#3450 = LINE('',#3451,#3452);
#3451 = CARTESIAN_POINT('',(2.25,2.11,0.905));
#3452 = VECTOR('',#3453,1.);
#3453 = DIRECTION('',(1.110223024625E-16,-1.,0.));
#3454 = ORIENTED_EDGE('',*,*,#3455,.T.);
#3455 = EDGE_CURVE('',#3448,#2862,#3456,.T.);
#3456 = LINE('',#3457,#3458);
#3457 = CARTESIAN_POINT('',(2.25,1.7,0.905));
#3458 = VECTOR('',#3459,1.);
#3459 = DIRECTION('',(-1.,-1.110223024625E-16,0.));
#3460 = ORIENTED_EDGE('',*,*,#3461,.T.);
#3461 = EDGE_CURVE('',#2862,#3354,#3462,.T.);
#3462 = LINE('',#3463,#3464);
#3463 = CARTESIAN_POINT('',(2.25,1.7,0.905));
#3464 = VECTOR('',#3465,1.);
#3465 = DIRECTION('',(-1.,-1.110223024625E-16,0.));
#3466 = ORIENTED_EDGE('',*,*,#3353,.F.);
#3467 = ORIENTED_EDGE('',*,*,#2463,.F.);
#3468 = PLANE('',#3469);
#3469 = AXIS2_PLACEMENT_3D('',#3470,#3471,#3472);
#3470 = CARTESIAN_POINT('',(2.25,2.11,0.905));
#3471 = DIRECTION('',(0.,0.,-1.));
#3472 = DIRECTION('',(-1.,-1.110223024625E-16,-0.));
#3473 = ADVANCED_FACE('',(#3474),#3517,.F.);
#3474 = FACE_BOUND('',#3475,.F.);
#3475 = EDGE_LOOP('',(#3476,#3477,#3483,#3484,#3492,#3500,#3506,#3507,
    #3513,#3514,#3515,#3516));
#3476 = ORIENTED_EDGE('',*,*,#2565,.T.);
#3477 = ORIENTED_EDGE('',*,*,#3478,.T.);
#3478 = EDGE_CURVE('',#2558,#3200,#3479,.T.);
#3479 = LINE('',#3480,#3481);
#3480 = CARTESIAN_POINT('',(-2.25,-2.11,0.905));
#3481 = VECTOR('',#3482,1.);
#3482 = DIRECTION('',(1.,-1.144237745222E-17,0.));
#3483 = ORIENTED_EDGE('',*,*,#3197,.F.);
#3484 = ORIENTED_EDGE('',*,*,#3485,.F.);
#3485 = EDGE_CURVE('',#3486,#3198,#3488,.T.);
#3486 = VERTEX_POINT('',#3487);
#3487 = CARTESIAN_POINT('',(-1.70025,-2.4495,0.905));
#3488 = LINE('',#3489,#3490);
#3489 = CARTESIAN_POINT('',(-1.70025,-2.4495,0.905));
#3490 = VECTOR('',#3491,1.);
#3491 = DIRECTION('',(-0.707106781187,0.707106781187,0.));
#3492 = ORIENTED_EDGE('',*,*,#3493,.F.);
#3493 = EDGE_CURVE('',#3494,#3486,#3496,.T.);
#3494 = VERTEX_POINT('',#3495);
#3495 = CARTESIAN_POINT('',(1.70025,-2.4495,0.905));
#3496 = LINE('',#3497,#3498);
#3497 = CARTESIAN_POINT('',(1.70025,-2.4495,0.905));
#3498 = VECTOR('',#3499,1.);
#3499 = DIRECTION('',(-1.,-1.110223024625E-16,0.));
#3500 = ORIENTED_EDGE('',*,*,#3501,.F.);
#3501 = EDGE_CURVE('',#3410,#3494,#3502,.T.);
#3502 = LINE('',#3503,#3504);
#3503 = CARTESIAN_POINT('',(1.9495,-2.20025,0.905));
#3504 = VECTOR('',#3505,1.);
#3505 = DIRECTION('',(-0.707106781187,-0.707106781187,0.));
#3506 = ORIENTED_EDGE('',*,*,#3409,.F.);
#3507 = ORIENTED_EDGE('',*,*,#3508,.F.);
#3508 = EDGE_CURVE('',#3048,#3402,#3509,.T.);
#3509 = LINE('',#3510,#3511);
#3510 = CARTESIAN_POINT('',(2.25,-2.11,0.905));
#3511 = VECTOR('',#3512,1.);
#3512 = DIRECTION('',(-1.,-1.110223024625E-16,0.));
#3513 = ORIENTED_EDGE('',*,*,#3063,.T.);
#3514 = ORIENTED_EDGE('',*,*,#3108,.T.);
#3515 = ORIENTED_EDGE('',*,*,#3125,.T.);
#3516 = ORIENTED_EDGE('',*,*,#3079,.T.);
#3517 = PLANE('',#3518);
#3518 = AXIS2_PLACEMENT_3D('',#3519,#3520,#3521);
#3519 = CARTESIAN_POINT('',(-3.398748225007E-16,2.44975,0.905));
#3520 = DIRECTION('',(5.214436594795E-32,-6.649901845667E-24,-1.));
#3521 = DIRECTION('',(1.,1.692993148776E-16,5.214436482213E-32));
#3522 = ADVANCED_FACE('',(#3523),#3609,.F.);
#3523 = FACE_BOUND('',#3524,.F.);
#3524 = EDGE_LOOP('',(#3525,#3526,#3527,#3536,#3544,#3553,#3561,#3569,
    #3577,#3586,#3594,#3603));
#3525 = ORIENTED_EDGE('',*,*,#2557,.F.);
#3526 = ORIENTED_EDGE('',*,*,#2579,.T.);
#3527 = ORIENTED_EDGE('',*,*,#3528,.T.);
#3528 = EDGE_CURVE('',#2580,#3529,#3531,.T.);
#3529 = VERTEX_POINT('',#3530);
#3530 = CARTESIAN_POINT('',(-2.348480775301,-2.11,0.612364817767));
#3531 = CIRCLE('',#3532,0.1);
#3532 = AXIS2_PLACEMENT_3D('',#3533,#3534,#3535);
#3533 = CARTESIAN_POINT('',(-2.25,-2.11,0.595));
#3534 = DIRECTION('',(-1.144237745222E-17,-1.,3.284293275761E-47));
#3535 = DIRECTION('',(-4.440892098501E-15,5.081436361563E-32,1.));
#3536 = ORIENTED_EDGE('',*,*,#3537,.T.);
#3537 = EDGE_CURVE('',#3529,#3538,#3540,.T.);
#3538 = VERTEX_POINT('',#3539);
#3539 = CARTESIAN_POINT('',(-2.404962786068,-2.11,0.256169064923));
#3540 = LINE('',#3541,#3542);
#3541 = CARTESIAN_POINT('',(-2.348480775301,-2.11,0.612364817767));
#3542 = VECTOR('',#3543,1.);
#3543 = DIRECTION('',(-0.1566133833,1.792029445784E-18,-0.987659986114)
  );
#3544 = ORIENTED_EDGE('',*,*,#3545,.T.);
#3545 = EDGE_CURVE('',#3538,#3546,#3548,.T.);
#3546 = VERTEX_POINT('',#3547);
#3547 = CARTESIAN_POINT('',(-2.710253189502,-2.11,0.));
#3548 = CIRCLE('',#3549,0.31);
#3549 = AXIS2_PLACEMENT_3D('',#3550,#3551,#3552);
#3550 = CARTESIAN_POINT('',(-2.710253189502,-2.11,0.31));
#3551 = DIRECTION('',(1.144237745222E-17,1.,7.703719777549E-34));
#3552 = DIRECTION('',(0.984807753012,-1.126854202784E-17,-0.173648177667
    ));
#3553 = ORIENTED_EDGE('',*,*,#3554,.T.);
#3554 = EDGE_CURVE('',#3546,#3555,#3557,.T.);
#3555 = VERTEX_POINT('',#3556);
#3556 = CARTESIAN_POINT('',(-3.,-2.11,0.));
#3557 = LINE('',#3558,#3559);
#3558 = CARTESIAN_POINT('',(-2.710253189502,-2.11,0.));
#3559 = VECTOR('',#3560,1.);
#3560 = DIRECTION('',(-1.,1.144237745222E-17,0.));
#3561 = ORIENTED_EDGE('',*,*,#3562,.T.);
#3562 = EDGE_CURVE('',#3555,#3563,#3565,.T.);
#3563 = VERTEX_POINT('',#3564);
#3564 = CARTESIAN_POINT('',(-3.,-2.11,0.21));
#3565 = LINE('',#3566,#3567);
#3566 = CARTESIAN_POINT('',(-3.,-2.11,0.));
#3567 = VECTOR('',#3568,1.);
#3568 = DIRECTION('',(0.,0.,1.));
#3569 = ORIENTED_EDGE('',*,*,#3570,.T.);
#3570 = EDGE_CURVE('',#3563,#3571,#3573,.T.);
#3571 = VERTEX_POINT('',#3572);
#3572 = CARTESIAN_POINT('',(-2.710253189502,-2.11,0.21));
#3573 = LINE('',#3574,#3575);
#3574 = CARTESIAN_POINT('',(-3.,-2.11,0.21));
#3575 = VECTOR('',#3576,1.);
#3576 = DIRECTION('',(1.,-1.144237745222E-17,0.));
#3577 = ORIENTED_EDGE('',*,*,#3578,.T.);
#3578 = EDGE_CURVE('',#3571,#3579,#3581,.T.);
#3579 = VERTEX_POINT('',#3580);
#3580 = CARTESIAN_POINT('',(-2.611772414201,-2.11,0.292635182233));
#3581 = CIRCLE('',#3582,0.1);
#3582 = AXIS2_PLACEMENT_3D('',#3583,#3584,#3585);
#3583 = CARTESIAN_POINT('',(-2.710253189502,-2.11,0.31));
#3584 = DIRECTION('',(-1.144237745222E-17,-1.,0.));
#3585 = DIRECTION('',(-4.440892098501E-15,5.081436361563E-32,-1.));
#3586 = ORIENTED_EDGE('',*,*,#3587,.T.);
#3587 = EDGE_CURVE('',#3579,#3588,#3590,.T.);
#3588 = VERTEX_POINT('',#3589);
#3589 = CARTESIAN_POINT('',(-2.555290403434,-2.11,0.648830935077));
#3590 = LINE('',#3591,#3592);
#3591 = CARTESIAN_POINT('',(-2.611772414201,-2.11,0.292635182233));
#3592 = VECTOR('',#3593,1.);
#3593 = DIRECTION('',(0.1566133833,-1.792029445784E-18,0.987659986114));
#3594 = ORIENTED_EDGE('',*,*,#3595,.T.);
#3595 = EDGE_CURVE('',#3588,#3596,#3598,.T.);
#3596 = VERTEX_POINT('',#3597);
#3597 = CARTESIAN_POINT('',(-2.25,-2.11,0.905));
#3598 = CIRCLE('',#3599,0.31);
#3599 = AXIS2_PLACEMENT_3D('',#3600,#3601,#3602);
#3600 = CARTESIAN_POINT('',(-2.25,-2.11,0.595));
#3601 = DIRECTION('',(1.144237745222E-17,1.,-3.851859888774E-34));
#3602 = DIRECTION('',(-0.984807753012,1.126854202784E-17,0.173648177667)
  );
#3603 = ORIENTED_EDGE('',*,*,#3604,.T.);
#3604 = EDGE_CURVE('',#3596,#2558,#3605,.T.);
#3605 = LINE('',#3606,#3607);
#3606 = CARTESIAN_POINT('',(-2.25,-2.11,0.905));
#3607 = VECTOR('',#3608,1.);
#3608 = DIRECTION('',(1.,-1.144237745222E-17,0.));
#3609 = PLANE('',#3610);
#3610 = AXIS2_PLACEMENT_3D('',#3611,#3612,#3613);
#3611 = CARTESIAN_POINT('',(-2.476022294864,-2.11,0.454762084394));
#3612 = DIRECTION('',(1.144237745222E-17,1.,0.));
#3613 = DIRECTION('',(0.,-0.,1.));
#3614 = ADVANCED_FACE('',(#3615),#3634,.F.);
#3615 = FACE_BOUND('',#3616,.F.);
#3616 = EDGE_LOOP('',(#3617,#3618,#3627,#3633));
#3617 = ORIENTED_EDGE('',*,*,#2596,.T.);
#3618 = ORIENTED_EDGE('',*,*,#3619,.T.);
#3619 = EDGE_CURVE('',#2589,#3620,#3622,.T.);
#3620 = VERTEX_POINT('',#3621);
#3621 = CARTESIAN_POINT('',(-2.348480775301,-1.7,0.612364817767));
#3622 = CIRCLE('',#3623,0.1);
#3623 = AXIS2_PLACEMENT_3D('',#3624,#3625,#3626);
#3624 = CARTESIAN_POINT('',(-2.25,-1.7,0.595));
#3625 = DIRECTION('',(-1.144237745222E-17,-1.,3.284293275761E-47));
#3626 = DIRECTION('',(-4.440892098501E-15,5.081436361563E-32,1.));
#3627 = ORIENTED_EDGE('',*,*,#3628,.F.);
#3628 = EDGE_CURVE('',#3529,#3620,#3629,.T.);
#3629 = LINE('',#3630,#3631);
#3630 = CARTESIAN_POINT('',(-2.348480775301,-2.11,0.612364817767));
#3631 = VECTOR('',#3632,1.);
#3632 = DIRECTION('',(1.144237745222E-17,1.,0.));
#3633 = ORIENTED_EDGE('',*,*,#3528,.F.);
#3634 = CYLINDRICAL_SURFACE('',#3635,0.1);
#3635 = AXIS2_PLACEMENT_3D('',#3636,#3637,#3638);
#3636 = CARTESIAN_POINT('',(-2.25,-2.11,0.595));
#3637 = DIRECTION('',(-1.144237745222E-17,-1.,0.));
#3638 = DIRECTION('',(-4.440892098501E-15,5.081436361563E-32,1.));
#3639 = ADVANCED_FACE('',(#3640),#3718,.T.);
#3640 = FACE_BOUND('',#3641,.T.);
#3641 = EDGE_LOOP('',(#3642,#3643,#3644,#3645,#3653,#3662,#3670,#3678,
    #3686,#3695,#3703,#3712));
#3642 = ORIENTED_EDGE('',*,*,#2610,.F.);
#3643 = ORIENTED_EDGE('',*,*,#2588,.T.);
#3644 = ORIENTED_EDGE('',*,*,#3619,.T.);
#3645 = ORIENTED_EDGE('',*,*,#3646,.T.);
#3646 = EDGE_CURVE('',#3620,#3647,#3649,.T.);
#3647 = VERTEX_POINT('',#3648);
#3648 = CARTESIAN_POINT('',(-2.404962786068,-1.7,0.256169064923));
#3649 = LINE('',#3650,#3651);
#3650 = CARTESIAN_POINT('',(-2.348480775301,-1.7,0.612364817767));
#3651 = VECTOR('',#3652,1.);
#3652 = DIRECTION('',(-0.1566133833,1.792029445784E-18,-0.987659986114)
  );
#3653 = ORIENTED_EDGE('',*,*,#3654,.T.);
#3654 = EDGE_CURVE('',#3647,#3655,#3657,.T.);
#3655 = VERTEX_POINT('',#3656);
#3656 = CARTESIAN_POINT('',(-2.710253189502,-1.7,0.));
#3657 = CIRCLE('',#3658,0.31);
#3658 = AXIS2_PLACEMENT_3D('',#3659,#3660,#3661);
#3659 = CARTESIAN_POINT('',(-2.710253189502,-1.7,0.31));
#3660 = DIRECTION('',(1.144237745222E-17,1.,7.703719777549E-34));
#3661 = DIRECTION('',(0.984807753012,-1.126854202784E-17,-0.173648177667
    ));
#3662 = ORIENTED_EDGE('',*,*,#3663,.T.);
#3663 = EDGE_CURVE('',#3655,#3664,#3666,.T.);
#3664 = VERTEX_POINT('',#3665);
#3665 = CARTESIAN_POINT('',(-3.,-1.7,0.));
#3666 = LINE('',#3667,#3668);
#3667 = CARTESIAN_POINT('',(-2.710253189502,-1.7,0.));
#3668 = VECTOR('',#3669,1.);
#3669 = DIRECTION('',(-1.,1.144237745222E-17,0.));
#3670 = ORIENTED_EDGE('',*,*,#3671,.T.);
#3671 = EDGE_CURVE('',#3664,#3672,#3674,.T.);
#3672 = VERTEX_POINT('',#3673);
#3673 = CARTESIAN_POINT('',(-3.,-1.7,0.21));
#3674 = LINE('',#3675,#3676);
#3675 = CARTESIAN_POINT('',(-3.,-1.7,0.));
#3676 = VECTOR('',#3677,1.);
#3677 = DIRECTION('',(0.,0.,1.));
#3678 = ORIENTED_EDGE('',*,*,#3679,.T.);
#3679 = EDGE_CURVE('',#3672,#3680,#3682,.T.);
#3680 = VERTEX_POINT('',#3681);
#3681 = CARTESIAN_POINT('',(-2.710253189502,-1.7,0.21));
#3682 = LINE('',#3683,#3684);
#3683 = CARTESIAN_POINT('',(-3.,-1.7,0.21));
#3684 = VECTOR('',#3685,1.);
#3685 = DIRECTION('',(1.,-1.144237745222E-17,0.));
#3686 = ORIENTED_EDGE('',*,*,#3687,.T.);
#3687 = EDGE_CURVE('',#3680,#3688,#3690,.T.);
#3688 = VERTEX_POINT('',#3689);
#3689 = CARTESIAN_POINT('',(-2.611772414201,-1.7,0.292635182233));
#3690 = CIRCLE('',#3691,0.1);
#3691 = AXIS2_PLACEMENT_3D('',#3692,#3693,#3694);
#3692 = CARTESIAN_POINT('',(-2.710253189502,-1.7,0.31));
#3693 = DIRECTION('',(-1.144237745222E-17,-1.,0.));
#3694 = DIRECTION('',(-4.440892098501E-15,5.081436361563E-32,-1.));
#3695 = ORIENTED_EDGE('',*,*,#3696,.T.);
#3696 = EDGE_CURVE('',#3688,#3697,#3699,.T.);
#3697 = VERTEX_POINT('',#3698);
#3698 = CARTESIAN_POINT('',(-2.555290403434,-1.7,0.648830935077));
#3699 = LINE('',#3700,#3701);
#3700 = CARTESIAN_POINT('',(-2.611772414201,-1.7,0.292635182233));
#3701 = VECTOR('',#3702,1.);
#3702 = DIRECTION('',(0.1566133833,-1.792029445784E-18,0.987659986114));
#3703 = ORIENTED_EDGE('',*,*,#3704,.T.);
#3704 = EDGE_CURVE('',#3697,#3705,#3707,.T.);
#3705 = VERTEX_POINT('',#3706);
#3706 = CARTESIAN_POINT('',(-2.25,-1.7,0.905));
#3707 = CIRCLE('',#3708,0.31);
#3708 = AXIS2_PLACEMENT_3D('',#3709,#3710,#3711);
#3709 = CARTESIAN_POINT('',(-2.25,-1.7,0.595));
#3710 = DIRECTION('',(1.144237745222E-17,1.,-3.851859888774E-34));
#3711 = DIRECTION('',(-0.984807753012,1.126854202784E-17,0.173648177667)
  );
#3712 = ORIENTED_EDGE('',*,*,#3713,.T.);
#3713 = EDGE_CURVE('',#3705,#2611,#3714,.T.);
#3714 = LINE('',#3715,#3716);
#3715 = CARTESIAN_POINT('',(-2.25,-1.7,0.905));
#3716 = VECTOR('',#3717,1.);
#3717 = DIRECTION('',(1.,-1.144237745222E-17,0.));
#3718 = PLANE('',#3719);
#3719 = AXIS2_PLACEMENT_3D('',#3720,#3721,#3722);
#3720 = CARTESIAN_POINT('',(-2.476022294864,-1.7,0.454762084394));
#3721 = DIRECTION('',(1.144237745222E-17,1.,0.));
#3722 = DIRECTION('',(0.,-0.,1.));
#3723 = ADVANCED_FACE('',(#3724),#3740,.F.);
#3724 = FACE_BOUND('',#3725,.F.);
#3725 = EDGE_LOOP('',(#3726,#3727,#3733,#3734));
#3726 = ORIENTED_EDGE('',*,*,#2627,.T.);
#3727 = ORIENTED_EDGE('',*,*,#3728,.T.);
#3728 = EDGE_CURVE('',#2620,#3216,#3729,.T.);
#3729 = LINE('',#3730,#3731);
#3730 = CARTESIAN_POINT('',(-2.25,-0.84,0.905));
#3731 = VECTOR('',#3732,1.);
#3732 = DIRECTION('',(1.,-1.144237745222E-17,0.));
#3733 = ORIENTED_EDGE('',*,*,#3215,.F.);
#3734 = ORIENTED_EDGE('',*,*,#3735,.F.);
#3735 = EDGE_CURVE('',#2611,#3208,#3736,.T.);
#3736 = LINE('',#3737,#3738);
#3737 = CARTESIAN_POINT('',(-2.25,-1.7,0.905));
#3738 = VECTOR('',#3739,1.);
#3739 = DIRECTION('',(1.,-1.144237745222E-17,0.));
#3740 = PLANE('',#3741);
#3741 = AXIS2_PLACEMENT_3D('',#3742,#3743,#3744);
#3742 = CARTESIAN_POINT('',(-3.398748225007E-16,2.44975,0.905));
#3743 = DIRECTION('',(5.214436594795E-32,-6.649901845667E-24,-1.));
#3744 = DIRECTION('',(1.,1.692993148776E-16,5.214436482213E-32));
#3745 = ADVANCED_FACE('',(#3746),#3832,.F.);
#3746 = FACE_BOUND('',#3747,.F.);
#3747 = EDGE_LOOP('',(#3748,#3749,#3750,#3759,#3767,#3776,#3784,#3792,
    #3800,#3809,#3817,#3826));
#3748 = ORIENTED_EDGE('',*,*,#2619,.F.);
#3749 = ORIENTED_EDGE('',*,*,#2641,.T.);
#3750 = ORIENTED_EDGE('',*,*,#3751,.T.);
#3751 = EDGE_CURVE('',#2642,#3752,#3754,.T.);
#3752 = VERTEX_POINT('',#3753);
#3753 = CARTESIAN_POINT('',(-2.348480775301,-0.84,0.612364817767));
#3754 = CIRCLE('',#3755,0.1);
#3755 = AXIS2_PLACEMENT_3D('',#3756,#3757,#3758);
#3756 = CARTESIAN_POINT('',(-2.25,-0.84,0.595));
#3757 = DIRECTION('',(-1.144237745222E-17,-1.,3.284293275761E-47));
#3758 = DIRECTION('',(-4.440892098501E-15,5.081436361563E-32,1.));
#3759 = ORIENTED_EDGE('',*,*,#3760,.T.);
#3760 = EDGE_CURVE('',#3752,#3761,#3763,.T.);
#3761 = VERTEX_POINT('',#3762);
#3762 = CARTESIAN_POINT('',(-2.404962786068,-0.84,0.256169064923));
#3763 = LINE('',#3764,#3765);
#3764 = CARTESIAN_POINT('',(-2.348480775301,-0.84,0.612364817767));
#3765 = VECTOR('',#3766,1.);
#3766 = DIRECTION('',(-0.1566133833,1.792029445784E-18,-0.987659986114)
  );
#3767 = ORIENTED_EDGE('',*,*,#3768,.T.);
#3768 = EDGE_CURVE('',#3761,#3769,#3771,.T.);
#3769 = VERTEX_POINT('',#3770);
#3770 = CARTESIAN_POINT('',(-2.710253189502,-0.84,0.));
#3771 = CIRCLE('',#3772,0.31);
#3772 = AXIS2_PLACEMENT_3D('',#3773,#3774,#3775);
#3773 = CARTESIAN_POINT('',(-2.710253189502,-0.84,0.31));
#3774 = DIRECTION('',(1.144237745222E-17,1.,7.703719777549E-34));
#3775 = DIRECTION('',(0.984807753012,-1.126854202784E-17,-0.173648177667
    ));
#3776 = ORIENTED_EDGE('',*,*,#3777,.T.);
#3777 = EDGE_CURVE('',#3769,#3778,#3780,.T.);
#3778 = VERTEX_POINT('',#3779);
#3779 = CARTESIAN_POINT('',(-3.,-0.84,0.));
#3780 = LINE('',#3781,#3782);
#3781 = CARTESIAN_POINT('',(-2.710253189502,-0.84,0.));
#3782 = VECTOR('',#3783,1.);
#3783 = DIRECTION('',(-1.,1.144237745222E-17,0.));
#3784 = ORIENTED_EDGE('',*,*,#3785,.T.);
#3785 = EDGE_CURVE('',#3778,#3786,#3788,.T.);
#3786 = VERTEX_POINT('',#3787);
#3787 = CARTESIAN_POINT('',(-3.,-0.84,0.21));
#3788 = LINE('',#3789,#3790);
#3789 = CARTESIAN_POINT('',(-3.,-0.84,0.));
#3790 = VECTOR('',#3791,1.);
#3791 = DIRECTION('',(0.,0.,1.));
#3792 = ORIENTED_EDGE('',*,*,#3793,.T.);
#3793 = EDGE_CURVE('',#3786,#3794,#3796,.T.);
#3794 = VERTEX_POINT('',#3795);
#3795 = CARTESIAN_POINT('',(-2.710253189502,-0.84,0.21));
#3796 = LINE('',#3797,#3798);
#3797 = CARTESIAN_POINT('',(-3.,-0.84,0.21));
#3798 = VECTOR('',#3799,1.);
#3799 = DIRECTION('',(1.,-1.144237745222E-17,0.));
#3800 = ORIENTED_EDGE('',*,*,#3801,.T.);
#3801 = EDGE_CURVE('',#3794,#3802,#3804,.T.);
#3802 = VERTEX_POINT('',#3803);
#3803 = CARTESIAN_POINT('',(-2.611772414201,-0.84,0.292635182233));
#3804 = CIRCLE('',#3805,0.1);
#3805 = AXIS2_PLACEMENT_3D('',#3806,#3807,#3808);
#3806 = CARTESIAN_POINT('',(-2.710253189502,-0.84,0.31));
#3807 = DIRECTION('',(-1.144237745222E-17,-1.,0.));
#3808 = DIRECTION('',(-4.440892098501E-15,5.081436361563E-32,-1.));
#3809 = ORIENTED_EDGE('',*,*,#3810,.T.);
#3810 = EDGE_CURVE('',#3802,#3811,#3813,.T.);
#3811 = VERTEX_POINT('',#3812);
#3812 = CARTESIAN_POINT('',(-2.555290403434,-0.84,0.648830935077));
#3813 = LINE('',#3814,#3815);
#3814 = CARTESIAN_POINT('',(-2.611772414201,-0.84,0.292635182233));
#3815 = VECTOR('',#3816,1.);
#3816 = DIRECTION('',(0.1566133833,-1.792029445784E-18,0.987659986114));
#3817 = ORIENTED_EDGE('',*,*,#3818,.T.);
#3818 = EDGE_CURVE('',#3811,#3819,#3821,.T.);
#3819 = VERTEX_POINT('',#3820);
#3820 = CARTESIAN_POINT('',(-2.25,-0.84,0.905));
#3821 = CIRCLE('',#3822,0.31);
#3822 = AXIS2_PLACEMENT_3D('',#3823,#3824,#3825);
#3823 = CARTESIAN_POINT('',(-2.25,-0.84,0.595));
#3824 = DIRECTION('',(1.144237745222E-17,1.,-3.851859888774E-34));
#3825 = DIRECTION('',(-0.984807753012,1.126854202784E-17,0.173648177667)
  );
#3826 = ORIENTED_EDGE('',*,*,#3827,.T.);
#3827 = EDGE_CURVE('',#3819,#2620,#3828,.T.);
#3828 = LINE('',#3829,#3830);
#3829 = CARTESIAN_POINT('',(-2.25,-0.84,0.905));
#3830 = VECTOR('',#3831,1.);
#3831 = DIRECTION('',(1.,-1.144237745222E-17,0.));
#3832 = PLANE('',#3833);
#3833 = AXIS2_PLACEMENT_3D('',#3834,#3835,#3836);
#3834 = CARTESIAN_POINT('',(-2.476022294864,-0.84,0.454762084394));
#3835 = DIRECTION('',(1.144237745222E-17,1.,0.));
#3836 = DIRECTION('',(0.,-0.,1.));
#3837 = ADVANCED_FACE('',(#3838),#3857,.F.);
#3838 = FACE_BOUND('',#3839,.F.);
#3839 = EDGE_LOOP('',(#3840,#3841,#3850,#3856));
#3840 = ORIENTED_EDGE('',*,*,#2658,.T.);
#3841 = ORIENTED_EDGE('',*,*,#3842,.T.);
#3842 = EDGE_CURVE('',#2651,#3843,#3845,.T.);
#3843 = VERTEX_POINT('',#3844);
#3844 = CARTESIAN_POINT('',(-2.348480775301,-0.43,0.612364817767));
#3845 = CIRCLE('',#3846,0.1);
#3846 = AXIS2_PLACEMENT_3D('',#3847,#3848,#3849);
#3847 = CARTESIAN_POINT('',(-2.25,-0.43,0.595));
#3848 = DIRECTION('',(-1.144237745222E-17,-1.,3.284293275761E-47));
#3849 = DIRECTION('',(-4.440892098501E-15,5.081436361563E-32,1.));
#3850 = ORIENTED_EDGE('',*,*,#3851,.F.);
#3851 = EDGE_CURVE('',#3752,#3843,#3852,.T.);
#3852 = LINE('',#3853,#3854);
#3853 = CARTESIAN_POINT('',(-2.348480775301,-0.84,0.612364817767));
#3854 = VECTOR('',#3855,1.);
#3855 = DIRECTION('',(1.144237745222E-17,1.,0.));
#3856 = ORIENTED_EDGE('',*,*,#3751,.F.);
#3857 = CYLINDRICAL_SURFACE('',#3858,0.1);
#3858 = AXIS2_PLACEMENT_3D('',#3859,#3860,#3861);
#3859 = CARTESIAN_POINT('',(-2.25,-0.84,0.595));
#3860 = DIRECTION('',(-1.144237745222E-17,-1.,0.));
#3861 = DIRECTION('',(-4.440892098501E-15,5.081436361563E-32,1.));
#3862 = ADVANCED_FACE('',(#3863),#3941,.T.);
#3863 = FACE_BOUND('',#3864,.T.);
#3864 = EDGE_LOOP('',(#3865,#3866,#3867,#3868,#3876,#3885,#3893,#3901,
    #3909,#3918,#3926,#3935));
#3865 = ORIENTED_EDGE('',*,*,#2672,.F.);
#3866 = ORIENTED_EDGE('',*,*,#2650,.T.);
#3867 = ORIENTED_EDGE('',*,*,#3842,.T.);
#3868 = ORIENTED_EDGE('',*,*,#3869,.T.);
#3869 = EDGE_CURVE('',#3843,#3870,#3872,.T.);
#3870 = VERTEX_POINT('',#3871);
#3871 = CARTESIAN_POINT('',(-2.404962786068,-0.43,0.256169064923));
#3872 = LINE('',#3873,#3874);
#3873 = CARTESIAN_POINT('',(-2.348480775301,-0.43,0.612364817767));
#3874 = VECTOR('',#3875,1.);
#3875 = DIRECTION('',(-0.1566133833,1.792029445784E-18,-0.987659986114)
  );
#3876 = ORIENTED_EDGE('',*,*,#3877,.T.);
#3877 = EDGE_CURVE('',#3870,#3878,#3880,.T.);
#3878 = VERTEX_POINT('',#3879);
#3879 = CARTESIAN_POINT('',(-2.710253189502,-0.43,0.));
#3880 = CIRCLE('',#3881,0.31);
#3881 = AXIS2_PLACEMENT_3D('',#3882,#3883,#3884);
#3882 = CARTESIAN_POINT('',(-2.710253189502,-0.43,0.31));
#3883 = DIRECTION('',(1.144237745222E-17,1.,7.703719777549E-34));
#3884 = DIRECTION('',(0.984807753012,-1.126854202784E-17,-0.173648177667
    ));
#3885 = ORIENTED_EDGE('',*,*,#3886,.T.);
#3886 = EDGE_CURVE('',#3878,#3887,#3889,.T.);
#3887 = VERTEX_POINT('',#3888);
#3888 = CARTESIAN_POINT('',(-3.,-0.43,0.));
#3889 = LINE('',#3890,#3891);
#3890 = CARTESIAN_POINT('',(-2.710253189502,-0.43,0.));
#3891 = VECTOR('',#3892,1.);
#3892 = DIRECTION('',(-1.,1.144237745222E-17,0.));
#3893 = ORIENTED_EDGE('',*,*,#3894,.T.);
#3894 = EDGE_CURVE('',#3887,#3895,#3897,.T.);
#3895 = VERTEX_POINT('',#3896);
#3896 = CARTESIAN_POINT('',(-3.,-0.43,0.21));
#3897 = LINE('',#3898,#3899);
#3898 = CARTESIAN_POINT('',(-3.,-0.43,0.));
#3899 = VECTOR('',#3900,1.);
#3900 = DIRECTION('',(0.,0.,1.));
#3901 = ORIENTED_EDGE('',*,*,#3902,.T.);
#3902 = EDGE_CURVE('',#3895,#3903,#3905,.T.);
#3903 = VERTEX_POINT('',#3904);
#3904 = CARTESIAN_POINT('',(-2.710253189502,-0.43,0.21));
#3905 = LINE('',#3906,#3907);
#3906 = CARTESIAN_POINT('',(-3.,-0.43,0.21));
#3907 = VECTOR('',#3908,1.);
#3908 = DIRECTION('',(1.,-1.144237745222E-17,0.));
#3909 = ORIENTED_EDGE('',*,*,#3910,.T.);
#3910 = EDGE_CURVE('',#3903,#3911,#3913,.T.);
#3911 = VERTEX_POINT('',#3912);
#3912 = CARTESIAN_POINT('',(-2.611772414201,-0.43,0.292635182233));
#3913 = CIRCLE('',#3914,0.1);
#3914 = AXIS2_PLACEMENT_3D('',#3915,#3916,#3917);
#3915 = CARTESIAN_POINT('',(-2.710253189502,-0.43,0.31));
#3916 = DIRECTION('',(-1.144237745222E-17,-1.,0.));
#3917 = DIRECTION('',(-4.440892098501E-15,5.081436361563E-32,-1.));
#3918 = ORIENTED_EDGE('',*,*,#3919,.T.);
#3919 = EDGE_CURVE('',#3911,#3920,#3922,.T.);
#3920 = VERTEX_POINT('',#3921);
#3921 = CARTESIAN_POINT('',(-2.555290403434,-0.43,0.648830935077));
#3922 = LINE('',#3923,#3924);
#3923 = CARTESIAN_POINT('',(-2.611772414201,-0.43,0.292635182233));
#3924 = VECTOR('',#3925,1.);
#3925 = DIRECTION('',(0.1566133833,-1.792029445784E-18,0.987659986114));
#3926 = ORIENTED_EDGE('',*,*,#3927,.T.);
#3927 = EDGE_CURVE('',#3920,#3928,#3930,.T.);
#3928 = VERTEX_POINT('',#3929);
#3929 = CARTESIAN_POINT('',(-2.25,-0.43,0.905));
#3930 = CIRCLE('',#3931,0.31);
#3931 = AXIS2_PLACEMENT_3D('',#3932,#3933,#3934);
#3932 = CARTESIAN_POINT('',(-2.25,-0.43,0.595));
#3933 = DIRECTION('',(1.144237745222E-17,1.,-3.851859888774E-34));
#3934 = DIRECTION('',(-0.984807753012,1.126854202784E-17,0.173648177667)
  );
#3935 = ORIENTED_EDGE('',*,*,#3936,.T.);
#3936 = EDGE_CURVE('',#3928,#2673,#3937,.T.);
#3937 = LINE('',#3938,#3939);
#3938 = CARTESIAN_POINT('',(-2.25,-0.43,0.905));
#3939 = VECTOR('',#3940,1.);
#3940 = DIRECTION('',(1.,-1.144237745222E-17,0.));
#3941 = PLANE('',#3942);
#3942 = AXIS2_PLACEMENT_3D('',#3943,#3944,#3945);
#3943 = CARTESIAN_POINT('',(-2.476022294864,-0.43,0.454762084394));
#3944 = DIRECTION('',(1.144237745222E-17,1.,0.));
#3945 = DIRECTION('',(0.,-0.,1.));
#3946 = ADVANCED_FACE('',(#3947),#3963,.F.);
#3947 = FACE_BOUND('',#3948,.F.);
#3948 = EDGE_LOOP('',(#3949,#3950,#3956,#3957));
#3949 = ORIENTED_EDGE('',*,*,#2689,.T.);
#3950 = ORIENTED_EDGE('',*,*,#3951,.T.);
#3951 = EDGE_CURVE('',#2682,#3232,#3952,.T.);
#3952 = LINE('',#3953,#3954);
#3953 = CARTESIAN_POINT('',(-2.25,0.43,0.905));
#3954 = VECTOR('',#3955,1.);
#3955 = DIRECTION('',(1.,-1.144237745222E-17,0.));
#3956 = ORIENTED_EDGE('',*,*,#3231,.F.);
#3957 = ORIENTED_EDGE('',*,*,#3958,.F.);
#3958 = EDGE_CURVE('',#2673,#3224,#3959,.T.);
#3959 = LINE('',#3960,#3961);
#3960 = CARTESIAN_POINT('',(-2.25,-0.43,0.905));
#3961 = VECTOR('',#3962,1.);
#3962 = DIRECTION('',(1.,-1.144237745222E-17,0.));
#3963 = PLANE('',#3964);
#3964 = AXIS2_PLACEMENT_3D('',#3965,#3966,#3967);
#3965 = CARTESIAN_POINT('',(-3.398748225007E-16,2.44975,0.905));
#3966 = DIRECTION('',(5.214436594795E-32,-6.649901845667E-24,-1.));
#3967 = DIRECTION('',(1.,1.692993148776E-16,5.214436482213E-32));
#3968 = ADVANCED_FACE('',(#3969),#4055,.F.);
#3969 = FACE_BOUND('',#3970,.F.);
#3970 = EDGE_LOOP('',(#3971,#3972,#3973,#3982,#3990,#3999,#4007,#4015,
    #4023,#4032,#4040,#4049));
#3971 = ORIENTED_EDGE('',*,*,#2681,.F.);
#3972 = ORIENTED_EDGE('',*,*,#2703,.T.);
#3973 = ORIENTED_EDGE('',*,*,#3974,.T.);
#3974 = EDGE_CURVE('',#2704,#3975,#3977,.T.);
#3975 = VERTEX_POINT('',#3976);
#3976 = CARTESIAN_POINT('',(-2.348480775301,0.43,0.612364817767));
#3977 = CIRCLE('',#3978,0.1);
#3978 = AXIS2_PLACEMENT_3D('',#3979,#3980,#3981);
#3979 = CARTESIAN_POINT('',(-2.25,0.43,0.595));
#3980 = DIRECTION('',(-1.144237745222E-17,-1.,3.284293275761E-47));
#3981 = DIRECTION('',(-4.440892098501E-15,5.081436361563E-32,1.));
#3982 = ORIENTED_EDGE('',*,*,#3983,.T.);
#3983 = EDGE_CURVE('',#3975,#3984,#3986,.T.);
#3984 = VERTEX_POINT('',#3985);
#3985 = CARTESIAN_POINT('',(-2.404962786068,0.43,0.256169064923));
#3986 = LINE('',#3987,#3988);
#3987 = CARTESIAN_POINT('',(-2.348480775301,0.43,0.612364817767));
#3988 = VECTOR('',#3989,1.);
#3989 = DIRECTION('',(-0.1566133833,1.792029445784E-18,-0.987659986114)
  );
#3990 = ORIENTED_EDGE('',*,*,#3991,.T.);
#3991 = EDGE_CURVE('',#3984,#3992,#3994,.T.);
#3992 = VERTEX_POINT('',#3993);
#3993 = CARTESIAN_POINT('',(-2.710253189502,0.43,0.));
#3994 = CIRCLE('',#3995,0.31);
#3995 = AXIS2_PLACEMENT_3D('',#3996,#3997,#3998);
#3996 = CARTESIAN_POINT('',(-2.710253189502,0.43,0.31));
#3997 = DIRECTION('',(1.144237745222E-17,1.,7.703719777549E-34));
#3998 = DIRECTION('',(0.984807753012,-1.126854202784E-17,-0.173648177667
    ));
#3999 = ORIENTED_EDGE('',*,*,#4000,.T.);
#4000 = EDGE_CURVE('',#3992,#4001,#4003,.T.);
#4001 = VERTEX_POINT('',#4002);
#4002 = CARTESIAN_POINT('',(-3.,0.43,0.));
#4003 = LINE('',#4004,#4005);
#4004 = CARTESIAN_POINT('',(-2.710253189502,0.43,0.));
#4005 = VECTOR('',#4006,1.);
#4006 = DIRECTION('',(-1.,1.144237745222E-17,0.));
#4007 = ORIENTED_EDGE('',*,*,#4008,.T.);
#4008 = EDGE_CURVE('',#4001,#4009,#4011,.T.);
#4009 = VERTEX_POINT('',#4010);
#4010 = CARTESIAN_POINT('',(-3.,0.43,0.21));
#4011 = LINE('',#4012,#4013);
#4012 = CARTESIAN_POINT('',(-3.,0.43,0.));
#4013 = VECTOR('',#4014,1.);
#4014 = DIRECTION('',(0.,0.,1.));
#4015 = ORIENTED_EDGE('',*,*,#4016,.T.);
#4016 = EDGE_CURVE('',#4009,#4017,#4019,.T.);
#4017 = VERTEX_POINT('',#4018);
#4018 = CARTESIAN_POINT('',(-2.710253189502,0.43,0.21));
#4019 = LINE('',#4020,#4021);
#4020 = CARTESIAN_POINT('',(-3.,0.43,0.21));
#4021 = VECTOR('',#4022,1.);
#4022 = DIRECTION('',(1.,-1.144237745222E-17,0.));
#4023 = ORIENTED_EDGE('',*,*,#4024,.T.);
#4024 = EDGE_CURVE('',#4017,#4025,#4027,.T.);
#4025 = VERTEX_POINT('',#4026);
#4026 = CARTESIAN_POINT('',(-2.611772414201,0.43,0.292635182233));
#4027 = CIRCLE('',#4028,0.1);
#4028 = AXIS2_PLACEMENT_3D('',#4029,#4030,#4031);
#4029 = CARTESIAN_POINT('',(-2.710253189502,0.43,0.31));
#4030 = DIRECTION('',(-1.144237745222E-17,-1.,0.));
#4031 = DIRECTION('',(-4.440892098501E-15,5.081436361563E-32,-1.));
#4032 = ORIENTED_EDGE('',*,*,#4033,.T.);
#4033 = EDGE_CURVE('',#4025,#4034,#4036,.T.);
#4034 = VERTEX_POINT('',#4035);
#4035 = CARTESIAN_POINT('',(-2.555290403434,0.43,0.648830935077));
#4036 = LINE('',#4037,#4038);
#4037 = CARTESIAN_POINT('',(-2.611772414201,0.43,0.292635182233));
#4038 = VECTOR('',#4039,1.);
#4039 = DIRECTION('',(0.1566133833,-1.792029445784E-18,0.987659986114));
#4040 = ORIENTED_EDGE('',*,*,#4041,.T.);
#4041 = EDGE_CURVE('',#4034,#4042,#4044,.T.);
#4042 = VERTEX_POINT('',#4043);
#4043 = CARTESIAN_POINT('',(-2.25,0.43,0.905));
#4044 = CIRCLE('',#4045,0.31);
#4045 = AXIS2_PLACEMENT_3D('',#4046,#4047,#4048);
#4046 = CARTESIAN_POINT('',(-2.25,0.43,0.595));
#4047 = DIRECTION('',(1.144237745222E-17,1.,-3.851859888774E-34));
#4048 = DIRECTION('',(-0.984807753012,1.126854202784E-17,0.173648177667)
  );
#4049 = ORIENTED_EDGE('',*,*,#4050,.T.);
#4050 = EDGE_CURVE('',#4042,#2682,#4051,.T.);
#4051 = LINE('',#4052,#4053);
#4052 = CARTESIAN_POINT('',(-2.25,0.43,0.905));
#4053 = VECTOR('',#4054,1.);
#4054 = DIRECTION('',(1.,-1.144237745222E-17,0.));
#4055 = PLANE('',#4056);
#4056 = AXIS2_PLACEMENT_3D('',#4057,#4058,#4059);
#4057 = CARTESIAN_POINT('',(-2.476022294864,0.43,0.454762084394));
#4058 = DIRECTION('',(1.144237745222E-17,1.,0.));
#4059 = DIRECTION('',(0.,-0.,1.));
#4060 = ADVANCED_FACE('',(#4061),#4080,.F.);
#4061 = FACE_BOUND('',#4062,.F.);
#4062 = EDGE_LOOP('',(#4063,#4064,#4073,#4079));
#4063 = ORIENTED_EDGE('',*,*,#2720,.T.);
#4064 = ORIENTED_EDGE('',*,*,#4065,.T.);
#4065 = EDGE_CURVE('',#2713,#4066,#4068,.T.);
#4066 = VERTEX_POINT('',#4067);
#4067 = CARTESIAN_POINT('',(-2.348480775301,0.84,0.612364817767));
#4068 = CIRCLE('',#4069,0.1);
#4069 = AXIS2_PLACEMENT_3D('',#4070,#4071,#4072);
#4070 = CARTESIAN_POINT('',(-2.25,0.84,0.595));
#4071 = DIRECTION('',(-1.144237745222E-17,-1.,3.284293275761E-47));
#4072 = DIRECTION('',(-4.440892098501E-15,5.081436361563E-32,1.));
#4073 = ORIENTED_EDGE('',*,*,#4074,.F.);
#4074 = EDGE_CURVE('',#3975,#4066,#4075,.T.);
#4075 = LINE('',#4076,#4077);
#4076 = CARTESIAN_POINT('',(-2.348480775301,0.43,0.612364817767));
#4077 = VECTOR('',#4078,1.);
#4078 = DIRECTION('',(1.144237745222E-17,1.,0.));
#4079 = ORIENTED_EDGE('',*,*,#3974,.F.);
#4080 = CYLINDRICAL_SURFACE('',#4081,0.1);
#4081 = AXIS2_PLACEMENT_3D('',#4082,#4083,#4084);
#4082 = CARTESIAN_POINT('',(-2.25,0.43,0.595));
#4083 = DIRECTION('',(-1.144237745222E-17,-1.,0.));
#4084 = DIRECTION('',(-4.440892098501E-15,5.081436361563E-32,1.));
#4085 = ADVANCED_FACE('',(#4086),#4164,.T.);
#4086 = FACE_BOUND('',#4087,.T.);
#4087 = EDGE_LOOP('',(#4088,#4089,#4090,#4091,#4099,#4108,#4116,#4124,
    #4132,#4141,#4149,#4158));
#4088 = ORIENTED_EDGE('',*,*,#2734,.F.);
#4089 = ORIENTED_EDGE('',*,*,#2712,.T.);
#4090 = ORIENTED_EDGE('',*,*,#4065,.T.);
#4091 = ORIENTED_EDGE('',*,*,#4092,.T.);
#4092 = EDGE_CURVE('',#4066,#4093,#4095,.T.);
#4093 = VERTEX_POINT('',#4094);
#4094 = CARTESIAN_POINT('',(-2.404962786068,0.84,0.256169064923));
#4095 = LINE('',#4096,#4097);
#4096 = CARTESIAN_POINT('',(-2.348480775301,0.84,0.612364817767));
#4097 = VECTOR('',#4098,1.);
#4098 = DIRECTION('',(-0.1566133833,1.792029445784E-18,-0.987659986114)
  );
#4099 = ORIENTED_EDGE('',*,*,#4100,.T.);
#4100 = EDGE_CURVE('',#4093,#4101,#4103,.T.);
#4101 = VERTEX_POINT('',#4102);
#4102 = CARTESIAN_POINT('',(-2.710253189502,0.84,0.));
#4103 = CIRCLE('',#4104,0.31);
#4104 = AXIS2_PLACEMENT_3D('',#4105,#4106,#4107);
#4105 = CARTESIAN_POINT('',(-2.710253189502,0.84,0.31));
#4106 = DIRECTION('',(1.144237745222E-17,1.,7.703719777549E-34));
#4107 = DIRECTION('',(0.984807753012,-1.126854202784E-17,-0.173648177667
    ));
#4108 = ORIENTED_EDGE('',*,*,#4109,.T.);
#4109 = EDGE_CURVE('',#4101,#4110,#4112,.T.);
#4110 = VERTEX_POINT('',#4111);
#4111 = CARTESIAN_POINT('',(-3.,0.84,0.));
#4112 = LINE('',#4113,#4114);
#4113 = CARTESIAN_POINT('',(-2.710253189502,0.84,0.));
#4114 = VECTOR('',#4115,1.);
#4115 = DIRECTION('',(-1.,1.144237745222E-17,0.));
#4116 = ORIENTED_EDGE('',*,*,#4117,.T.);
#4117 = EDGE_CURVE('',#4110,#4118,#4120,.T.);
#4118 = VERTEX_POINT('',#4119);
#4119 = CARTESIAN_POINT('',(-3.,0.84,0.21));
#4120 = LINE('',#4121,#4122);
#4121 = CARTESIAN_POINT('',(-3.,0.84,0.));
#4122 = VECTOR('',#4123,1.);
#4123 = DIRECTION('',(0.,0.,1.));
#4124 = ORIENTED_EDGE('',*,*,#4125,.T.);
#4125 = EDGE_CURVE('',#4118,#4126,#4128,.T.);
#4126 = VERTEX_POINT('',#4127);
#4127 = CARTESIAN_POINT('',(-2.710253189502,0.84,0.21));
#4128 = LINE('',#4129,#4130);
#4129 = CARTESIAN_POINT('',(-3.,0.84,0.21));
#4130 = VECTOR('',#4131,1.);
#4131 = DIRECTION('',(1.,-1.144237745222E-17,0.));
#4132 = ORIENTED_EDGE('',*,*,#4133,.T.);
#4133 = EDGE_CURVE('',#4126,#4134,#4136,.T.);
#4134 = VERTEX_POINT('',#4135);
#4135 = CARTESIAN_POINT('',(-2.611772414201,0.84,0.292635182233));
#4136 = CIRCLE('',#4137,0.1);
#4137 = AXIS2_PLACEMENT_3D('',#4138,#4139,#4140);
#4138 = CARTESIAN_POINT('',(-2.710253189502,0.84,0.31));
#4139 = DIRECTION('',(-1.144237745222E-17,-1.,0.));
#4140 = DIRECTION('',(-4.440892098501E-15,5.081436361563E-32,-1.));
#4141 = ORIENTED_EDGE('',*,*,#4142,.T.);
#4142 = EDGE_CURVE('',#4134,#4143,#4145,.T.);
#4143 = VERTEX_POINT('',#4144);
#4144 = CARTESIAN_POINT('',(-2.555290403434,0.84,0.648830935077));
#4145 = LINE('',#4146,#4147);
#4146 = CARTESIAN_POINT('',(-2.611772414201,0.84,0.292635182233));
#4147 = VECTOR('',#4148,1.);
#4148 = DIRECTION('',(0.1566133833,-1.792029445784E-18,0.987659986114));
#4149 = ORIENTED_EDGE('',*,*,#4150,.T.);
#4150 = EDGE_CURVE('',#4143,#4151,#4153,.T.);
#4151 = VERTEX_POINT('',#4152);
#4152 = CARTESIAN_POINT('',(-2.25,0.84,0.905));
#4153 = CIRCLE('',#4154,0.31);
#4154 = AXIS2_PLACEMENT_3D('',#4155,#4156,#4157);
#4155 = CARTESIAN_POINT('',(-2.25,0.84,0.595));
#4156 = DIRECTION('',(1.144237745222E-17,1.,-3.851859888774E-34));
#4157 = DIRECTION('',(-0.984807753012,1.126854202784E-17,0.173648177667)
  );
#4158 = ORIENTED_EDGE('',*,*,#4159,.T.);
#4159 = EDGE_CURVE('',#4151,#2735,#4160,.T.);
#4160 = LINE('',#4161,#4162);
#4161 = CARTESIAN_POINT('',(-2.25,0.84,0.905));
#4162 = VECTOR('',#4163,1.);
#4163 = DIRECTION('',(1.,-1.144237745222E-17,0.));
#4164 = PLANE('',#4165);
#4165 = AXIS2_PLACEMENT_3D('',#4166,#4167,#4168);
#4166 = CARTESIAN_POINT('',(-2.476022294864,0.84,0.454762084394));
#4167 = DIRECTION('',(1.144237745222E-17,1.,0.));
#4168 = DIRECTION('',(0.,-0.,1.));
#4169 = ADVANCED_FACE('',(#4170),#4181,.F.);
#4170 = FACE_BOUND('',#4171,.F.);
#4171 = EDGE_LOOP('',(#4172,#4173,#4174,#4175));
#4172 = ORIENTED_EDGE('',*,*,#2751,.T.);
#4173 = ORIENTED_EDGE('',*,*,#3183,.T.);
#4174 = ORIENTED_EDGE('',*,*,#3247,.F.);
#4175 = ORIENTED_EDGE('',*,*,#4176,.F.);
#4176 = EDGE_CURVE('',#2735,#3240,#4177,.T.);
#4177 = LINE('',#4178,#4179);
#4178 = CARTESIAN_POINT('',(-2.25,0.84,0.905));
#4179 = VECTOR('',#4180,1.);
#4180 = DIRECTION('',(1.,-1.144237745222E-17,0.));
#4181 = PLANE('',#4182);
#4182 = AXIS2_PLACEMENT_3D('',#4183,#4184,#4185);
#4183 = CARTESIAN_POINT('',(-3.398748225007E-16,2.44975,0.905));
#4184 = DIRECTION('',(5.214436594795E-32,-6.649901845667E-24,-1.));
#4185 = DIRECTION('',(1.,1.692993148776E-16,5.214436482213E-32));
#4186 = ADVANCED_FACE('',(#4187),#4266,.F.);
#4187 = FACE_BOUND('',#4188,.F.);
#4188 = EDGE_LOOP('',(#4189,#4190,#4191,#4200,#4208,#4217,#4225,#4233,
    #4241,#4250,#4258,#4265));
#4189 = ORIENTED_EDGE('',*,*,#2743,.F.);
#4190 = ORIENTED_EDGE('',*,*,#2765,.T.);
#4191 = ORIENTED_EDGE('',*,*,#4192,.T.);
#4192 = EDGE_CURVE('',#2766,#4193,#4195,.T.);
#4193 = VERTEX_POINT('',#4194);
#4194 = CARTESIAN_POINT('',(-2.348480775301,1.7,0.612364817767));
#4195 = CIRCLE('',#4196,0.1);
#4196 = AXIS2_PLACEMENT_3D('',#4197,#4198,#4199);
#4197 = CARTESIAN_POINT('',(-2.25,1.7,0.595));
#4198 = DIRECTION('',(-1.144237745222E-17,-1.,3.284293275761E-47));
#4199 = DIRECTION('',(-4.440892098501E-15,5.081436361563E-32,1.));
#4200 = ORIENTED_EDGE('',*,*,#4201,.T.);
#4201 = EDGE_CURVE('',#4193,#4202,#4204,.T.);
#4202 = VERTEX_POINT('',#4203);
#4203 = CARTESIAN_POINT('',(-2.404962786068,1.7,0.256169064923));
#4204 = LINE('',#4205,#4206);
#4205 = CARTESIAN_POINT('',(-2.348480775301,1.7,0.612364817767));
#4206 = VECTOR('',#4207,1.);
#4207 = DIRECTION('',(-0.1566133833,1.792029445784E-18,-0.987659986114)
  );
#4208 = ORIENTED_EDGE('',*,*,#4209,.T.);
#4209 = EDGE_CURVE('',#4202,#4210,#4212,.T.);
#4210 = VERTEX_POINT('',#4211);
#4211 = CARTESIAN_POINT('',(-2.710253189502,1.7,0.));
#4212 = CIRCLE('',#4213,0.31);
#4213 = AXIS2_PLACEMENT_3D('',#4214,#4215,#4216);
#4214 = CARTESIAN_POINT('',(-2.710253189502,1.7,0.31));
#4215 = DIRECTION('',(1.144237745222E-17,1.,7.703719777549E-34));
#4216 = DIRECTION('',(0.984807753012,-1.126854202784E-17,-0.173648177667
    ));
#4217 = ORIENTED_EDGE('',*,*,#4218,.T.);
#4218 = EDGE_CURVE('',#4210,#4219,#4221,.T.);
#4219 = VERTEX_POINT('',#4220);
#4220 = CARTESIAN_POINT('',(-3.,1.7,0.));
#4221 = LINE('',#4222,#4223);
#4222 = CARTESIAN_POINT('',(-2.710253189502,1.7,0.));
#4223 = VECTOR('',#4224,1.);
#4224 = DIRECTION('',(-1.,1.144237745222E-17,0.));
#4225 = ORIENTED_EDGE('',*,*,#4226,.T.);
#4226 = EDGE_CURVE('',#4219,#4227,#4229,.T.);
#4227 = VERTEX_POINT('',#4228);
#4228 = CARTESIAN_POINT('',(-3.,1.7,0.21));
#4229 = LINE('',#4230,#4231);
#4230 = CARTESIAN_POINT('',(-3.,1.7,0.));
#4231 = VECTOR('',#4232,1.);
#4232 = DIRECTION('',(0.,0.,1.));
#4233 = ORIENTED_EDGE('',*,*,#4234,.T.);
#4234 = EDGE_CURVE('',#4227,#4235,#4237,.T.);
#4235 = VERTEX_POINT('',#4236);
#4236 = CARTESIAN_POINT('',(-2.710253189502,1.7,0.21));
#4237 = LINE('',#4238,#4239);
#4238 = CARTESIAN_POINT('',(-3.,1.7,0.21));
#4239 = VECTOR('',#4240,1.);
#4240 = DIRECTION('',(1.,-1.144237745222E-17,0.));
#4241 = ORIENTED_EDGE('',*,*,#4242,.T.);
#4242 = EDGE_CURVE('',#4235,#4243,#4245,.T.);
#4243 = VERTEX_POINT('',#4244);
#4244 = CARTESIAN_POINT('',(-2.611772414201,1.7,0.292635182233));
#4245 = CIRCLE('',#4246,0.1);
#4246 = AXIS2_PLACEMENT_3D('',#4247,#4248,#4249);
#4247 = CARTESIAN_POINT('',(-2.710253189502,1.7,0.31));
#4248 = DIRECTION('',(-1.144237745222E-17,-1.,0.));
#4249 = DIRECTION('',(-4.440892098501E-15,5.081436361563E-32,-1.));
#4250 = ORIENTED_EDGE('',*,*,#4251,.T.);
#4251 = EDGE_CURVE('',#4243,#4252,#4254,.T.);
#4252 = VERTEX_POINT('',#4253);
#4253 = CARTESIAN_POINT('',(-2.555290403434,1.7,0.648830935077));
#4254 = LINE('',#4255,#4256);
#4255 = CARTESIAN_POINT('',(-2.611772414201,1.7,0.292635182233));
#4256 = VECTOR('',#4257,1.);
#4257 = DIRECTION('',(0.1566133833,-1.792029445784E-18,0.987659986114));
#4258 = ORIENTED_EDGE('',*,*,#4259,.T.);
#4259 = EDGE_CURVE('',#4252,#3153,#4260,.T.);
#4260 = CIRCLE('',#4261,0.31);
#4261 = AXIS2_PLACEMENT_3D('',#4262,#4263,#4264);
#4262 = CARTESIAN_POINT('',(-2.25,1.7,0.595));
#4263 = DIRECTION('',(1.144237745222E-17,1.,-3.851859888774E-34));
#4264 = DIRECTION('',(-0.984807753012,1.126854202784E-17,0.173648177667)
  );
#4265 = ORIENTED_EDGE('',*,*,#3152,.T.);
#4266 = PLANE('',#4267);
#4267 = AXIS2_PLACEMENT_3D('',#4268,#4269,#4270);
#4268 = CARTESIAN_POINT('',(-2.476022294864,1.7,0.454762084394));
#4269 = DIRECTION('',(1.144237745222E-17,1.,0.));
#4270 = DIRECTION('',(0.,-0.,1.));
#4271 = ADVANCED_FACE('',(#4272),#4291,.F.);
#4272 = FACE_BOUND('',#4273,.F.);
#4273 = EDGE_LOOP('',(#4274,#4275,#4284,#4290));
#4274 = ORIENTED_EDGE('',*,*,#2782,.T.);
#4275 = ORIENTED_EDGE('',*,*,#4276,.T.);
#4276 = EDGE_CURVE('',#2775,#4277,#4279,.T.);
#4277 = VERTEX_POINT('',#4278);
#4278 = CARTESIAN_POINT('',(-2.348480775301,2.11,0.612364817767));
#4279 = CIRCLE('',#4280,0.1);
#4280 = AXIS2_PLACEMENT_3D('',#4281,#4282,#4283);
#4281 = CARTESIAN_POINT('',(-2.25,2.11,0.595));
#4282 = DIRECTION('',(-1.144237745222E-17,-1.,3.284293275761E-47));
#4283 = DIRECTION('',(-4.440892098501E-15,5.081436361563E-32,1.));
#4284 = ORIENTED_EDGE('',*,*,#4285,.F.);
#4285 = EDGE_CURVE('',#4193,#4277,#4286,.T.);
#4286 = LINE('',#4287,#4288);
#4287 = CARTESIAN_POINT('',(-2.348480775301,1.7,0.612364817767));
#4288 = VECTOR('',#4289,1.);
#4289 = DIRECTION('',(1.144237745222E-17,1.,0.));
#4290 = ORIENTED_EDGE('',*,*,#4192,.F.);
#4291 = CYLINDRICAL_SURFACE('',#4292,0.1);
#4292 = AXIS2_PLACEMENT_3D('',#4293,#4294,#4295);
#4293 = CARTESIAN_POINT('',(-2.25,1.7,0.595));
#4294 = DIRECTION('',(-1.144237745222E-17,-1.,0.));
#4295 = DIRECTION('',(-4.440892098501E-15,5.081436361563E-32,1.));
#4296 = ADVANCED_FACE('',(#4297),#4368,.T.);
#4297 = FACE_BOUND('',#4298,.T.);
#4298 = EDGE_LOOP('',(#4299,#4300,#4301,#4302,#4310,#4319,#4327,#4335,
    #4343,#4352,#4360,#4367));
#4299 = ORIENTED_EDGE('',*,*,#2796,.F.);
#4300 = ORIENTED_EDGE('',*,*,#2774,.T.);
#4301 = ORIENTED_EDGE('',*,*,#4276,.T.);
#4302 = ORIENTED_EDGE('',*,*,#4303,.T.);
#4303 = EDGE_CURVE('',#4277,#4304,#4306,.T.);
#4304 = VERTEX_POINT('',#4305);
#4305 = CARTESIAN_POINT('',(-2.404962786068,2.11,0.256169064923));
#4306 = LINE('',#4307,#4308);
#4307 = CARTESIAN_POINT('',(-2.348480775301,2.11,0.612364817767));
#4308 = VECTOR('',#4309,1.);
#4309 = DIRECTION('',(-0.1566133833,1.792029445784E-18,-0.987659986114)
  );
#4310 = ORIENTED_EDGE('',*,*,#4311,.T.);
#4311 = EDGE_CURVE('',#4304,#4312,#4314,.T.);
#4312 = VERTEX_POINT('',#4313);
#4313 = CARTESIAN_POINT('',(-2.710253189502,2.11,0.));
#4314 = CIRCLE('',#4315,0.31);
#4315 = AXIS2_PLACEMENT_3D('',#4316,#4317,#4318);
#4316 = CARTESIAN_POINT('',(-2.710253189502,2.11,0.31));
#4317 = DIRECTION('',(1.144237745222E-17,1.,7.703719777549E-34));
#4318 = DIRECTION('',(0.984807753012,-1.126854202784E-17,-0.173648177667
    ));
#4319 = ORIENTED_EDGE('',*,*,#4320,.T.);
#4320 = EDGE_CURVE('',#4312,#4321,#4323,.T.);
#4321 = VERTEX_POINT('',#4322);
#4322 = CARTESIAN_POINT('',(-3.,2.11,0.));
#4323 = LINE('',#4324,#4325);
#4324 = CARTESIAN_POINT('',(-2.710253189502,2.11,0.));
#4325 = VECTOR('',#4326,1.);
#4326 = DIRECTION('',(-1.,1.144237745222E-17,0.));
#4327 = ORIENTED_EDGE('',*,*,#4328,.T.);
#4328 = EDGE_CURVE('',#4321,#4329,#4331,.T.);
#4329 = VERTEX_POINT('',#4330);
#4330 = CARTESIAN_POINT('',(-3.,2.11,0.21));
#4331 = LINE('',#4332,#4333);
#4332 = CARTESIAN_POINT('',(-3.,2.11,0.));
#4333 = VECTOR('',#4334,1.);
#4334 = DIRECTION('',(0.,0.,1.));
#4335 = ORIENTED_EDGE('',*,*,#4336,.T.);
#4336 = EDGE_CURVE('',#4329,#4337,#4339,.T.);
#4337 = VERTEX_POINT('',#4338);
#4338 = CARTESIAN_POINT('',(-2.710253189502,2.11,0.21));
#4339 = LINE('',#4340,#4341);
#4340 = CARTESIAN_POINT('',(-3.,2.11,0.21));
#4341 = VECTOR('',#4342,1.);
#4342 = DIRECTION('',(1.,-1.144237745222E-17,0.));
#4343 = ORIENTED_EDGE('',*,*,#4344,.T.);
#4344 = EDGE_CURVE('',#4337,#4345,#4347,.T.);
#4345 = VERTEX_POINT('',#4346);
#4346 = CARTESIAN_POINT('',(-2.611772414201,2.11,0.292635182233));
#4347 = CIRCLE('',#4348,0.1);
#4348 = AXIS2_PLACEMENT_3D('',#4349,#4350,#4351);
#4349 = CARTESIAN_POINT('',(-2.710253189502,2.11,0.31));
#4350 = DIRECTION('',(-1.144237745222E-17,-1.,0.));
#4351 = DIRECTION('',(-4.440892098501E-15,5.081436361563E-32,-1.));
#4352 = ORIENTED_EDGE('',*,*,#4353,.T.);
#4353 = EDGE_CURVE('',#4345,#4354,#4356,.T.);
#4354 = VERTEX_POINT('',#4355);
#4355 = CARTESIAN_POINT('',(-2.555290403434,2.11,0.648830935077));
#4356 = LINE('',#4357,#4358);
#4357 = CARTESIAN_POINT('',(-2.611772414201,2.11,0.292635182233));
#4358 = VECTOR('',#4359,1.);
#4359 = DIRECTION('',(0.1566133833,-1.792029445784E-18,0.987659986114));
#4360 = ORIENTED_EDGE('',*,*,#4361,.T.);
#4361 = EDGE_CURVE('',#4354,#3161,#4362,.T.);
#4362 = CIRCLE('',#4363,0.31);
#4363 = AXIS2_PLACEMENT_3D('',#4364,#4365,#4366);
#4364 = CARTESIAN_POINT('',(-2.25,2.11,0.595));
#4365 = DIRECTION('',(1.144237745222E-17,1.,-3.851859888774E-34));
#4366 = DIRECTION('',(-0.984807753012,1.126854202784E-17,0.173648177667)
  );
#4367 = ORIENTED_EDGE('',*,*,#3168,.T.);
#4368 = PLANE('',#4369);
#4369 = AXIS2_PLACEMENT_3D('',#4370,#4371,#4372);
#4370 = CARTESIAN_POINT('',(-2.476022294864,2.11,0.454762084394));
#4371 = DIRECTION('',(1.144237745222E-17,1.,0.));
#4372 = DIRECTION('',(0.,-0.,1.));
#4373 = ADVANCED_FACE('',(#4374),#4453,.F.);
#4374 = FACE_BOUND('',#4375,.F.);
#4375 = EDGE_LOOP('',(#4376,#4377,#4378,#4387,#4395,#4404,#4412,#4420,
    #4428,#4437,#4445,#4452));
#4376 = ORIENTED_EDGE('',*,*,#2815,.F.);
#4377 = ORIENTED_EDGE('',*,*,#2830,.T.);
#4378 = ORIENTED_EDGE('',*,*,#4379,.T.);
#4379 = EDGE_CURVE('',#2831,#4380,#4382,.T.);
#4380 = VERTEX_POINT('',#4381);
#4381 = CARTESIAN_POINT('',(2.348480775301,2.11,0.612364817767));
#4382 = CIRCLE('',#4383,0.1);
#4383 = AXIS2_PLACEMENT_3D('',#4384,#4385,#4386);
#4384 = CARTESIAN_POINT('',(2.25,2.11,0.595));
#4385 = DIRECTION('',(-1.110223024625E-16,1.,0.));
#4386 = DIRECTION('',(4.440892098501E-15,4.930380657631E-31,1.));
#4387 = ORIENTED_EDGE('',*,*,#4388,.T.);
#4388 = EDGE_CURVE('',#4380,#4389,#4391,.T.);
#4389 = VERTEX_POINT('',#4390);
#4390 = CARTESIAN_POINT('',(2.404962786068,2.11,0.256169064923));
#4391 = LINE('',#4392,#4393);
#4392 = CARTESIAN_POINT('',(2.348480775301,2.11,0.612364817767));
#4393 = VECTOR('',#4394,1.);
#4394 = DIRECTION('',(0.1566133833,1.738757841037E-17,-0.987659986114));
#4395 = ORIENTED_EDGE('',*,*,#4396,.T.);
#4396 = EDGE_CURVE('',#4389,#4397,#4399,.T.);
#4397 = VERTEX_POINT('',#4398);
#4398 = CARTESIAN_POINT('',(2.710253189502,2.11,0.));
#4399 = CIRCLE('',#4400,0.31);
#4400 = AXIS2_PLACEMENT_3D('',#4401,#4402,#4403);
#4401 = CARTESIAN_POINT('',(2.710253189502,2.11,0.31));
#4402 = DIRECTION('',(1.110223024625E-16,-1.,0.));
#4403 = DIRECTION('',(-0.984807753012,-1.093356242223E-16,
    -0.173648177667));
#4404 = ORIENTED_EDGE('',*,*,#4405,.T.);
#4405 = EDGE_CURVE('',#4397,#4406,#4408,.T.);
#4406 = VERTEX_POINT('',#4407);
#4407 = CARTESIAN_POINT('',(3.,2.11,0.));
#4408 = LINE('',#4409,#4410);
#4409 = CARTESIAN_POINT('',(2.710253189502,2.11,0.));
#4410 = VECTOR('',#4411,1.);
#4411 = DIRECTION('',(1.,1.110223024625E-16,0.));
#4412 = ORIENTED_EDGE('',*,*,#4413,.T.);
#4413 = EDGE_CURVE('',#4406,#4414,#4416,.T.);
#4414 = VERTEX_POINT('',#4415);
#4415 = CARTESIAN_POINT('',(3.,2.11,0.21));
#4416 = LINE('',#4417,#4418);
#4417 = CARTESIAN_POINT('',(3.,2.11,0.));
#4418 = VECTOR('',#4419,1.);
#4419 = DIRECTION('',(0.,0.,1.));
#4420 = ORIENTED_EDGE('',*,*,#4421,.T.);
#4421 = EDGE_CURVE('',#4414,#4422,#4424,.T.);
#4422 = VERTEX_POINT('',#4423);
#4423 = CARTESIAN_POINT('',(2.710253189502,2.11,0.21));
#4424 = LINE('',#4425,#4426);
#4425 = CARTESIAN_POINT('',(3.,2.11,0.21));
#4426 = VECTOR('',#4427,1.);
#4427 = DIRECTION('',(-1.,-1.110223024625E-16,0.));
#4428 = ORIENTED_EDGE('',*,*,#4429,.T.);
#4429 = EDGE_CURVE('',#4422,#4430,#4432,.T.);
#4430 = VERTEX_POINT('',#4431);
#4431 = CARTESIAN_POINT('',(2.611772414201,2.11,0.292635182233));
#4432 = CIRCLE('',#4433,0.1);
#4433 = AXIS2_PLACEMENT_3D('',#4434,#4435,#4436);
#4434 = CARTESIAN_POINT('',(2.710253189502,2.11,0.31));
#4435 = DIRECTION('',(-1.110223024625E-16,1.,0.));
#4436 = DIRECTION('',(4.440892098501E-15,4.930380657631E-31,-1.));
#4437 = ORIENTED_EDGE('',*,*,#4438,.T.);
#4438 = EDGE_CURVE('',#4430,#4439,#4441,.T.);
#4439 = VERTEX_POINT('',#4440);
#4440 = CARTESIAN_POINT('',(2.555290403434,2.11,0.648830935077));
#4441 = LINE('',#4442,#4443);
#4442 = CARTESIAN_POINT('',(2.611772414201,2.11,0.292635182233));
#4443 = VECTOR('',#4444,1.);
#4444 = DIRECTION('',(-0.1566133833,-1.738757841037E-17,0.987659986114)
  );
#4445 = ORIENTED_EDGE('',*,*,#4446,.T.);
#4446 = EDGE_CURVE('',#4439,#3440,#4447,.T.);
#4447 = CIRCLE('',#4448,0.31);
#4448 = AXIS2_PLACEMENT_3D('',#4449,#4450,#4451);
#4449 = CARTESIAN_POINT('',(2.25,2.11,0.595));
#4450 = DIRECTION('',(1.110223024625E-16,-1.,0.));
#4451 = DIRECTION('',(0.984807753012,1.093356242223E-16,0.173648177667)
  );
#4452 = ORIENTED_EDGE('',*,*,#3439,.T.);
#4453 = PLANE('',#4454);
#4454 = AXIS2_PLACEMENT_3D('',#4455,#4456,#4457);
#4455 = CARTESIAN_POINT('',(2.476022294864,2.11,0.454762084394));
#4456 = DIRECTION('',(1.110223024625E-16,-1.,0.));
#4457 = DIRECTION('',(0.,0.,1.));
#4458 = ADVANCED_FACE('',(#4459),#4478,.F.);
#4459 = FACE_BOUND('',#4460,.F.);
#4460 = EDGE_LOOP('',(#4461,#4462,#4471,#4477));
#4461 = ORIENTED_EDGE('',*,*,#2847,.T.);
#4462 = ORIENTED_EDGE('',*,*,#4463,.T.);
#4463 = EDGE_CURVE('',#2840,#4464,#4466,.T.);
#4464 = VERTEX_POINT('',#4465);
#4465 = CARTESIAN_POINT('',(2.348480775301,1.7,0.612364817767));
#4466 = CIRCLE('',#4467,0.1);
#4467 = AXIS2_PLACEMENT_3D('',#4468,#4469,#4470);
#4468 = CARTESIAN_POINT('',(2.25,1.7,0.595));
#4469 = DIRECTION('',(-1.110223024625E-16,1.,0.));
#4470 = DIRECTION('',(4.440892098501E-15,4.930380657631E-31,1.));
#4471 = ORIENTED_EDGE('',*,*,#4472,.F.);
#4472 = EDGE_CURVE('',#4380,#4464,#4473,.T.);
#4473 = LINE('',#4474,#4475);
#4474 = CARTESIAN_POINT('',(2.348480775301,2.11,0.612364817767));
#4475 = VECTOR('',#4476,1.);
#4476 = DIRECTION('',(1.110223024625E-16,-1.,0.));
#4477 = ORIENTED_EDGE('',*,*,#4379,.F.);
#4478 = CYLINDRICAL_SURFACE('',#4479,0.1);
#4479 = AXIS2_PLACEMENT_3D('',#4480,#4481,#4482);
#4480 = CARTESIAN_POINT('',(2.25,2.11,0.595));
#4481 = DIRECTION('',(-1.110223024625E-16,1.,0.));
#4482 = DIRECTION('',(4.440892098501E-15,4.930380657631E-31,1.));
#4483 = ADVANCED_FACE('',(#4484),#4555,.T.);
#4484 = FACE_BOUND('',#4485,.T.);
#4485 = EDGE_LOOP('',(#4486,#4487,#4488,#4489,#4497,#4506,#4514,#4522,
    #4530,#4539,#4547,#4554));
#4486 = ORIENTED_EDGE('',*,*,#2861,.F.);
#4487 = ORIENTED_EDGE('',*,*,#2839,.T.);
#4488 = ORIENTED_EDGE('',*,*,#4463,.T.);
#4489 = ORIENTED_EDGE('',*,*,#4490,.T.);
#4490 = EDGE_CURVE('',#4464,#4491,#4493,.T.);
#4491 = VERTEX_POINT('',#4492);
#4492 = CARTESIAN_POINT('',(2.404962786068,1.7,0.256169064923));
#4493 = LINE('',#4494,#4495);
#4494 = CARTESIAN_POINT('',(2.348480775301,1.7,0.612364817767));
#4495 = VECTOR('',#4496,1.);
#4496 = DIRECTION('',(0.1566133833,1.738757841037E-17,-0.987659986114));
#4497 = ORIENTED_EDGE('',*,*,#4498,.T.);
#4498 = EDGE_CURVE('',#4491,#4499,#4501,.T.);
#4499 = VERTEX_POINT('',#4500);
#4500 = CARTESIAN_POINT('',(2.710253189502,1.7,0.));
#4501 = CIRCLE('',#4502,0.31);
#4502 = AXIS2_PLACEMENT_3D('',#4503,#4504,#4505);
#4503 = CARTESIAN_POINT('',(2.710253189502,1.7,0.31));
#4504 = DIRECTION('',(1.110223024625E-16,-1.,0.));
#4505 = DIRECTION('',(-0.984807753012,-1.093356242223E-16,
    -0.173648177667));
#4506 = ORIENTED_EDGE('',*,*,#4507,.T.);
#4507 = EDGE_CURVE('',#4499,#4508,#4510,.T.);
#4508 = VERTEX_POINT('',#4509);
#4509 = CARTESIAN_POINT('',(3.,1.7,0.));
#4510 = LINE('',#4511,#4512);
#4511 = CARTESIAN_POINT('',(2.710253189502,1.7,0.));
#4512 = VECTOR('',#4513,1.);
#4513 = DIRECTION('',(1.,1.110223024625E-16,0.));
#4514 = ORIENTED_EDGE('',*,*,#4515,.T.);
#4515 = EDGE_CURVE('',#4508,#4516,#4518,.T.);
#4516 = VERTEX_POINT('',#4517);
#4517 = CARTESIAN_POINT('',(3.,1.7,0.21));
#4518 = LINE('',#4519,#4520);
#4519 = CARTESIAN_POINT('',(3.,1.7,0.));
#4520 = VECTOR('',#4521,1.);
#4521 = DIRECTION('',(0.,0.,1.));
#4522 = ORIENTED_EDGE('',*,*,#4523,.T.);
#4523 = EDGE_CURVE('',#4516,#4524,#4526,.T.);
#4524 = VERTEX_POINT('',#4525);
#4525 = CARTESIAN_POINT('',(2.710253189502,1.7,0.21));
#4526 = LINE('',#4527,#4528);
#4527 = CARTESIAN_POINT('',(3.,1.7,0.21));
#4528 = VECTOR('',#4529,1.);
#4529 = DIRECTION('',(-1.,-1.110223024625E-16,0.));
#4530 = ORIENTED_EDGE('',*,*,#4531,.T.);
#4531 = EDGE_CURVE('',#4524,#4532,#4534,.T.);
#4532 = VERTEX_POINT('',#4533);
#4533 = CARTESIAN_POINT('',(2.611772414201,1.7,0.292635182233));
#4534 = CIRCLE('',#4535,0.1);
#4535 = AXIS2_PLACEMENT_3D('',#4536,#4537,#4538);
#4536 = CARTESIAN_POINT('',(2.710253189502,1.7,0.31));
#4537 = DIRECTION('',(-1.110223024625E-16,1.,0.));
#4538 = DIRECTION('',(4.440892098501E-15,4.930380657631E-31,-1.));
#4539 = ORIENTED_EDGE('',*,*,#4540,.T.);
#4540 = EDGE_CURVE('',#4532,#4541,#4543,.T.);
#4541 = VERTEX_POINT('',#4542);
#4542 = CARTESIAN_POINT('',(2.555290403434,1.7,0.648830935077));
#4543 = LINE('',#4544,#4545);
#4544 = CARTESIAN_POINT('',(2.611772414201,1.7,0.292635182233));
#4545 = VECTOR('',#4546,1.);
#4546 = DIRECTION('',(-0.1566133833,-1.738757841037E-17,0.987659986114)
  );
#4547 = ORIENTED_EDGE('',*,*,#4548,.T.);
#4548 = EDGE_CURVE('',#4541,#3448,#4549,.T.);
#4549 = CIRCLE('',#4550,0.31);
#4550 = AXIS2_PLACEMENT_3D('',#4551,#4552,#4553);
#4551 = CARTESIAN_POINT('',(2.25,1.7,0.595));
#4552 = DIRECTION('',(1.110223024625E-16,-1.,0.));
#4553 = DIRECTION('',(0.984807753012,1.093356242223E-16,0.173648177667)
  );
#4554 = ORIENTED_EDGE('',*,*,#3455,.T.);
#4555 = PLANE('',#4556);
#4556 = AXIS2_PLACEMENT_3D('',#4557,#4558,#4559);
#4557 = CARTESIAN_POINT('',(2.476022294864,1.7,0.454762084394));
#4558 = DIRECTION('',(1.110223024625E-16,-1.,0.));
#4559 = DIRECTION('',(0.,0.,1.));
#4560 = ADVANCED_FACE('',(#4561),#4572,.F.);
#4561 = FACE_BOUND('',#4562,.F.);
#4562 = EDGE_LOOP('',(#4563,#4564,#4565,#4571));
#4563 = ORIENTED_EDGE('',*,*,#3461,.F.);
#4564 = ORIENTED_EDGE('',*,*,#2878,.T.);
#4565 = ORIENTED_EDGE('',*,*,#4566,.T.);
#4566 = EDGE_CURVE('',#2871,#3362,#4567,.T.);
#4567 = LINE('',#4568,#4569);
#4568 = CARTESIAN_POINT('',(2.25,0.84,0.905));
#4569 = VECTOR('',#4570,1.);
#4570 = DIRECTION('',(-1.,-1.110223024625E-16,0.));
#4571 = ORIENTED_EDGE('',*,*,#3361,.F.);
#4572 = PLANE('',#4573);
#4573 = AXIS2_PLACEMENT_3D('',#4574,#4575,#4576);
#4574 = CARTESIAN_POINT('',(-3.398748225007E-16,2.44975,0.905));
#4575 = DIRECTION('',(5.214436594795E-32,-6.649901845667E-24,-1.));
#4576 = DIRECTION('',(1.,1.692993148776E-16,5.214436482213E-32));
#4577 = ADVANCED_FACE('',(#4578),#4664,.F.);
#4578 = FACE_BOUND('',#4579,.F.);
#4579 = EDGE_LOOP('',(#4580,#4581,#4582,#4591,#4599,#4608,#4616,#4624,
    #4632,#4641,#4649,#4658));
#4580 = ORIENTED_EDGE('',*,*,#2870,.F.);
#4581 = ORIENTED_EDGE('',*,*,#2892,.T.);
#4582 = ORIENTED_EDGE('',*,*,#4583,.T.);
#4583 = EDGE_CURVE('',#2893,#4584,#4586,.T.);
#4584 = VERTEX_POINT('',#4585);
#4585 = CARTESIAN_POINT('',(2.348480775301,0.84,0.612364817767));
#4586 = CIRCLE('',#4587,0.1);
#4587 = AXIS2_PLACEMENT_3D('',#4588,#4589,#4590);
#4588 = CARTESIAN_POINT('',(2.25,0.84,0.595));
#4589 = DIRECTION('',(-1.110223024625E-16,1.,0.));
#4590 = DIRECTION('',(4.440892098501E-15,4.930380657631E-31,1.));
#4591 = ORIENTED_EDGE('',*,*,#4592,.T.);
#4592 = EDGE_CURVE('',#4584,#4593,#4595,.T.);
#4593 = VERTEX_POINT('',#4594);
#4594 = CARTESIAN_POINT('',(2.404962786068,0.84,0.256169064923));
#4595 = LINE('',#4596,#4597);
#4596 = CARTESIAN_POINT('',(2.348480775301,0.84,0.612364817767));
#4597 = VECTOR('',#4598,1.);
#4598 = DIRECTION('',(0.1566133833,1.738757841037E-17,-0.987659986114));
#4599 = ORIENTED_EDGE('',*,*,#4600,.T.);
#4600 = EDGE_CURVE('',#4593,#4601,#4603,.T.);
#4601 = VERTEX_POINT('',#4602);
#4602 = CARTESIAN_POINT('',(2.710253189502,0.84,0.));
#4603 = CIRCLE('',#4604,0.31);
#4604 = AXIS2_PLACEMENT_3D('',#4605,#4606,#4607);
#4605 = CARTESIAN_POINT('',(2.710253189502,0.84,0.31));
#4606 = DIRECTION('',(1.110223024625E-16,-1.,0.));
#4607 = DIRECTION('',(-0.984807753012,-1.093356242223E-16,
    -0.173648177667));
#4608 = ORIENTED_EDGE('',*,*,#4609,.T.);
#4609 = EDGE_CURVE('',#4601,#4610,#4612,.T.);
#4610 = VERTEX_POINT('',#4611);
#4611 = CARTESIAN_POINT('',(3.,0.84,0.));
#4612 = LINE('',#4613,#4614);
#4613 = CARTESIAN_POINT('',(2.710253189502,0.84,0.));
#4614 = VECTOR('',#4615,1.);
#4615 = DIRECTION('',(1.,1.110223024625E-16,0.));
#4616 = ORIENTED_EDGE('',*,*,#4617,.T.);
#4617 = EDGE_CURVE('',#4610,#4618,#4620,.T.);
#4618 = VERTEX_POINT('',#4619);
#4619 = CARTESIAN_POINT('',(3.,0.84,0.21));
#4620 = LINE('',#4621,#4622);
#4621 = CARTESIAN_POINT('',(3.,0.84,0.));
#4622 = VECTOR('',#4623,1.);
#4623 = DIRECTION('',(0.,0.,1.));
#4624 = ORIENTED_EDGE('',*,*,#4625,.T.);
#4625 = EDGE_CURVE('',#4618,#4626,#4628,.T.);
#4626 = VERTEX_POINT('',#4627);
#4627 = CARTESIAN_POINT('',(2.710253189502,0.84,0.21));
#4628 = LINE('',#4629,#4630);
#4629 = CARTESIAN_POINT('',(3.,0.84,0.21));
#4630 = VECTOR('',#4631,1.);
#4631 = DIRECTION('',(-1.,-1.110223024625E-16,0.));
#4632 = ORIENTED_EDGE('',*,*,#4633,.T.);
#4633 = EDGE_CURVE('',#4626,#4634,#4636,.T.);
#4634 = VERTEX_POINT('',#4635);
#4635 = CARTESIAN_POINT('',(2.611772414201,0.84,0.292635182233));
#4636 = CIRCLE('',#4637,0.1);
#4637 = AXIS2_PLACEMENT_3D('',#4638,#4639,#4640);
#4638 = CARTESIAN_POINT('',(2.710253189502,0.84,0.31));
#4639 = DIRECTION('',(-1.110223024625E-16,1.,0.));
#4640 = DIRECTION('',(4.440892098501E-15,4.930380657631E-31,-1.));
#4641 = ORIENTED_EDGE('',*,*,#4642,.T.);
#4642 = EDGE_CURVE('',#4634,#4643,#4645,.T.);
#4643 = VERTEX_POINT('',#4644);
#4644 = CARTESIAN_POINT('',(2.555290403434,0.84,0.648830935077));
#4645 = LINE('',#4646,#4647);
#4646 = CARTESIAN_POINT('',(2.611772414201,0.84,0.292635182233));
#4647 = VECTOR('',#4648,1.);
#4648 = DIRECTION('',(-0.1566133833,-1.738757841037E-17,0.987659986114)
  );
#4649 = ORIENTED_EDGE('',*,*,#4650,.T.);
#4650 = EDGE_CURVE('',#4643,#4651,#4653,.T.);
#4651 = VERTEX_POINT('',#4652);
#4652 = CARTESIAN_POINT('',(2.25,0.84,0.905));
#4653 = CIRCLE('',#4654,0.31);
#4654 = AXIS2_PLACEMENT_3D('',#4655,#4656,#4657);
#4655 = CARTESIAN_POINT('',(2.25,0.84,0.595));
#4656 = DIRECTION('',(1.110223024625E-16,-1.,0.));
#4657 = DIRECTION('',(0.984807753012,1.093356242223E-16,0.173648177667)
  );
#4658 = ORIENTED_EDGE('',*,*,#4659,.T.);
#4659 = EDGE_CURVE('',#4651,#2871,#4660,.T.);
#4660 = LINE('',#4661,#4662);
#4661 = CARTESIAN_POINT('',(2.25,0.84,0.905));
#4662 = VECTOR('',#4663,1.);
#4663 = DIRECTION('',(-1.,-1.110223024625E-16,0.));
#4664 = PLANE('',#4665);
#4665 = AXIS2_PLACEMENT_3D('',#4666,#4667,#4668);
#4666 = CARTESIAN_POINT('',(2.476022294864,0.84,0.454762084394));
#4667 = DIRECTION('',(1.110223024625E-16,-1.,0.));
#4668 = DIRECTION('',(0.,0.,1.));
#4669 = ADVANCED_FACE('',(#4670),#4689,.F.);
#4670 = FACE_BOUND('',#4671,.F.);
#4671 = EDGE_LOOP('',(#4672,#4673,#4682,#4688));
#4672 = ORIENTED_EDGE('',*,*,#2909,.T.);
#4673 = ORIENTED_EDGE('',*,*,#4674,.T.);
#4674 = EDGE_CURVE('',#2902,#4675,#4677,.T.);
#4675 = VERTEX_POINT('',#4676);
#4676 = CARTESIAN_POINT('',(2.348480775301,0.43,0.612364817767));
#4677 = CIRCLE('',#4678,0.1);
#4678 = AXIS2_PLACEMENT_3D('',#4679,#4680,#4681);
#4679 = CARTESIAN_POINT('',(2.25,0.43,0.595));
#4680 = DIRECTION('',(-1.110223024625E-16,1.,0.));
#4681 = DIRECTION('',(4.440892098501E-15,4.930380657631E-31,1.));
#4682 = ORIENTED_EDGE('',*,*,#4683,.F.);
#4683 = EDGE_CURVE('',#4584,#4675,#4684,.T.);
#4684 = LINE('',#4685,#4686);
#4685 = CARTESIAN_POINT('',(2.348480775301,0.84,0.612364817767));
#4686 = VECTOR('',#4687,1.);
#4687 = DIRECTION('',(1.110223024625E-16,-1.,0.));
#4688 = ORIENTED_EDGE('',*,*,#4583,.F.);
#4689 = CYLINDRICAL_SURFACE('',#4690,0.1);
#4690 = AXIS2_PLACEMENT_3D('',#4691,#4692,#4693);
#4691 = CARTESIAN_POINT('',(2.25,0.84,0.595));
#4692 = DIRECTION('',(-1.110223024625E-16,1.,0.));
#4693 = DIRECTION('',(4.440892098501E-15,4.930380657631E-31,1.));
#4694 = ADVANCED_FACE('',(#4695),#4773,.T.);
#4695 = FACE_BOUND('',#4696,.T.);
#4696 = EDGE_LOOP('',(#4697,#4698,#4699,#4700,#4708,#4717,#4725,#4733,
    #4741,#4750,#4758,#4767));
#4697 = ORIENTED_EDGE('',*,*,#2923,.F.);
#4698 = ORIENTED_EDGE('',*,*,#2901,.T.);
#4699 = ORIENTED_EDGE('',*,*,#4674,.T.);
#4700 = ORIENTED_EDGE('',*,*,#4701,.T.);
#4701 = EDGE_CURVE('',#4675,#4702,#4704,.T.);
#4702 = VERTEX_POINT('',#4703);
#4703 = CARTESIAN_POINT('',(2.404962786068,0.43,0.256169064923));
#4704 = LINE('',#4705,#4706);
#4705 = CARTESIAN_POINT('',(2.348480775301,0.43,0.612364817767));
#4706 = VECTOR('',#4707,1.);
#4707 = DIRECTION('',(0.1566133833,1.738757841037E-17,-0.987659986114));
#4708 = ORIENTED_EDGE('',*,*,#4709,.T.);
#4709 = EDGE_CURVE('',#4702,#4710,#4712,.T.);
#4710 = VERTEX_POINT('',#4711);
#4711 = CARTESIAN_POINT('',(2.710253189502,0.43,0.));
#4712 = CIRCLE('',#4713,0.31);
#4713 = AXIS2_PLACEMENT_3D('',#4714,#4715,#4716);
#4714 = CARTESIAN_POINT('',(2.710253189502,0.43,0.31));
#4715 = DIRECTION('',(1.110223024625E-16,-1.,0.));
#4716 = DIRECTION('',(-0.984807753012,-1.093356242223E-16,
    -0.173648177667));
#4717 = ORIENTED_EDGE('',*,*,#4718,.T.);
#4718 = EDGE_CURVE('',#4710,#4719,#4721,.T.);
#4719 = VERTEX_POINT('',#4720);
#4720 = CARTESIAN_POINT('',(3.,0.43,0.));
#4721 = LINE('',#4722,#4723);
#4722 = CARTESIAN_POINT('',(2.710253189502,0.43,0.));
#4723 = VECTOR('',#4724,1.);
#4724 = DIRECTION('',(1.,1.110223024625E-16,0.));
#4725 = ORIENTED_EDGE('',*,*,#4726,.T.);
#4726 = EDGE_CURVE('',#4719,#4727,#4729,.T.);
#4727 = VERTEX_POINT('',#4728);
#4728 = CARTESIAN_POINT('',(3.,0.43,0.21));
#4729 = LINE('',#4730,#4731);
#4730 = CARTESIAN_POINT('',(3.,0.43,0.));
#4731 = VECTOR('',#4732,1.);
#4732 = DIRECTION('',(0.,0.,1.));
#4733 = ORIENTED_EDGE('',*,*,#4734,.T.);
#4734 = EDGE_CURVE('',#4727,#4735,#4737,.T.);
#4735 = VERTEX_POINT('',#4736);
#4736 = CARTESIAN_POINT('',(2.710253189502,0.43,0.21));
#4737 = LINE('',#4738,#4739);
#4738 = CARTESIAN_POINT('',(3.,0.43,0.21));
#4739 = VECTOR('',#4740,1.);
#4740 = DIRECTION('',(-1.,-1.110223024625E-16,0.));
#4741 = ORIENTED_EDGE('',*,*,#4742,.T.);
#4742 = EDGE_CURVE('',#4735,#4743,#4745,.T.);
#4743 = VERTEX_POINT('',#4744);
#4744 = CARTESIAN_POINT('',(2.611772414201,0.43,0.292635182233));
#4745 = CIRCLE('',#4746,0.1);
#4746 = AXIS2_PLACEMENT_3D('',#4747,#4748,#4749);
#4747 = CARTESIAN_POINT('',(2.710253189502,0.43,0.31));
#4748 = DIRECTION('',(-1.110223024625E-16,1.,0.));
#4749 = DIRECTION('',(4.440892098501E-15,4.930380657631E-31,-1.));
#4750 = ORIENTED_EDGE('',*,*,#4751,.T.);
#4751 = EDGE_CURVE('',#4743,#4752,#4754,.T.);
#4752 = VERTEX_POINT('',#4753);
#4753 = CARTESIAN_POINT('',(2.555290403434,0.43,0.648830935077));
#4754 = LINE('',#4755,#4756);
#4755 = CARTESIAN_POINT('',(2.611772414201,0.43,0.292635182233));
#4756 = VECTOR('',#4757,1.);
#4757 = DIRECTION('',(-0.1566133833,-1.738757841037E-17,0.987659986114)
  );
#4758 = ORIENTED_EDGE('',*,*,#4759,.T.);
#4759 = EDGE_CURVE('',#4752,#4760,#4762,.T.);
#4760 = VERTEX_POINT('',#4761);
#4761 = CARTESIAN_POINT('',(2.25,0.43,0.905));
#4762 = CIRCLE('',#4763,0.31);
#4763 = AXIS2_PLACEMENT_3D('',#4764,#4765,#4766);
#4764 = CARTESIAN_POINT('',(2.25,0.43,0.595));
#4765 = DIRECTION('',(1.110223024625E-16,-1.,0.));
#4766 = DIRECTION('',(0.984807753012,1.093356242223E-16,0.173648177667)
  );
#4767 = ORIENTED_EDGE('',*,*,#4768,.T.);
#4768 = EDGE_CURVE('',#4760,#2924,#4769,.T.);
#4769 = LINE('',#4770,#4771);
#4770 = CARTESIAN_POINT('',(2.25,0.43,0.905));
#4771 = VECTOR('',#4772,1.);
#4772 = DIRECTION('',(-1.,-1.110223024625E-16,0.));
#4773 = PLANE('',#4774);
#4774 = AXIS2_PLACEMENT_3D('',#4775,#4776,#4777);
#4775 = CARTESIAN_POINT('',(2.476022294864,0.43,0.454762084394));
#4776 = DIRECTION('',(1.110223024625E-16,-1.,0.));
#4777 = DIRECTION('',(0.,0.,1.));
#4778 = ADVANCED_FACE('',(#4779),#4795,.F.);
#4779 = FACE_BOUND('',#4780,.F.);
#4780 = EDGE_LOOP('',(#4781,#4787,#4788,#4794));
#4781 = ORIENTED_EDGE('',*,*,#4782,.F.);
#4782 = EDGE_CURVE('',#2924,#3370,#4783,.T.);
#4783 = LINE('',#4784,#4785);
#4784 = CARTESIAN_POINT('',(2.25,0.43,0.905));
#4785 = VECTOR('',#4786,1.);
#4786 = DIRECTION('',(-1.,-1.110223024625E-16,0.));
#4787 = ORIENTED_EDGE('',*,*,#2940,.T.);
#4788 = ORIENTED_EDGE('',*,*,#4789,.T.);
#4789 = EDGE_CURVE('',#2933,#3378,#4790,.T.);
#4790 = LINE('',#4791,#4792);
#4791 = CARTESIAN_POINT('',(2.25,-0.43,0.905));
#4792 = VECTOR('',#4793,1.);
#4793 = DIRECTION('',(-1.,-1.110223024625E-16,0.));
#4794 = ORIENTED_EDGE('',*,*,#3377,.F.);
#4795 = PLANE('',#4796);
#4796 = AXIS2_PLACEMENT_3D('',#4797,#4798,#4799);
#4797 = CARTESIAN_POINT('',(-3.398748225007E-16,2.44975,0.905));
#4798 = DIRECTION('',(5.214436594795E-32,-6.649901845667E-24,-1.));
#4799 = DIRECTION('',(1.,1.692993148776E-16,5.214436482213E-32));
#4800 = ADVANCED_FACE('',(#4801),#4887,.F.);
#4801 = FACE_BOUND('',#4802,.F.);
#4802 = EDGE_LOOP('',(#4803,#4804,#4805,#4814,#4822,#4831,#4839,#4847,
    #4855,#4864,#4872,#4881));
#4803 = ORIENTED_EDGE('',*,*,#2932,.F.);
#4804 = ORIENTED_EDGE('',*,*,#2954,.T.);
#4805 = ORIENTED_EDGE('',*,*,#4806,.T.);
#4806 = EDGE_CURVE('',#2955,#4807,#4809,.T.);
#4807 = VERTEX_POINT('',#4808);
#4808 = CARTESIAN_POINT('',(2.348480775301,-0.43,0.612364817767));
#4809 = CIRCLE('',#4810,0.1);
#4810 = AXIS2_PLACEMENT_3D('',#4811,#4812,#4813);
#4811 = CARTESIAN_POINT('',(2.25,-0.43,0.595));
#4812 = DIRECTION('',(-1.110223024625E-16,1.,0.));
#4813 = DIRECTION('',(4.440892098501E-15,4.930380657631E-31,1.));
#4814 = ORIENTED_EDGE('',*,*,#4815,.T.);
#4815 = EDGE_CURVE('',#4807,#4816,#4818,.T.);
#4816 = VERTEX_POINT('',#4817);
#4817 = CARTESIAN_POINT('',(2.404962786068,-0.43,0.256169064923));
#4818 = LINE('',#4819,#4820);
#4819 = CARTESIAN_POINT('',(2.348480775301,-0.43,0.612364817767));
#4820 = VECTOR('',#4821,1.);
#4821 = DIRECTION('',(0.1566133833,1.738757841037E-17,-0.987659986114));
#4822 = ORIENTED_EDGE('',*,*,#4823,.T.);
#4823 = EDGE_CURVE('',#4816,#4824,#4826,.T.);
#4824 = VERTEX_POINT('',#4825);
#4825 = CARTESIAN_POINT('',(2.710253189502,-0.43,0.));
#4826 = CIRCLE('',#4827,0.31);
#4827 = AXIS2_PLACEMENT_3D('',#4828,#4829,#4830);
#4828 = CARTESIAN_POINT('',(2.710253189502,-0.43,0.31));
#4829 = DIRECTION('',(1.110223024625E-16,-1.,0.));
#4830 = DIRECTION('',(-0.984807753012,-1.093356242223E-16,
    -0.173648177667));
#4831 = ORIENTED_EDGE('',*,*,#4832,.T.);
#4832 = EDGE_CURVE('',#4824,#4833,#4835,.T.);
#4833 = VERTEX_POINT('',#4834);
#4834 = CARTESIAN_POINT('',(3.,-0.43,0.));
#4835 = LINE('',#4836,#4837);
#4836 = CARTESIAN_POINT('',(2.710253189502,-0.43,0.));
#4837 = VECTOR('',#4838,1.);
#4838 = DIRECTION('',(1.,1.110223024625E-16,0.));
#4839 = ORIENTED_EDGE('',*,*,#4840,.T.);
#4840 = EDGE_CURVE('',#4833,#4841,#4843,.T.);
#4841 = VERTEX_POINT('',#4842);
#4842 = CARTESIAN_POINT('',(3.,-0.43,0.21));
#4843 = LINE('',#4844,#4845);
#4844 = CARTESIAN_POINT('',(3.,-0.43,0.));
#4845 = VECTOR('',#4846,1.);
#4846 = DIRECTION('',(0.,0.,1.));
#4847 = ORIENTED_EDGE('',*,*,#4848,.T.);
#4848 = EDGE_CURVE('',#4841,#4849,#4851,.T.);
#4849 = VERTEX_POINT('',#4850);
#4850 = CARTESIAN_POINT('',(2.710253189502,-0.43,0.21));
#4851 = LINE('',#4852,#4853);
#4852 = CARTESIAN_POINT('',(3.,-0.43,0.21));
#4853 = VECTOR('',#4854,1.);
#4854 = DIRECTION('',(-1.,-1.110223024625E-16,0.));
#4855 = ORIENTED_EDGE('',*,*,#4856,.T.);
#4856 = EDGE_CURVE('',#4849,#4857,#4859,.T.);
#4857 = VERTEX_POINT('',#4858);
#4858 = CARTESIAN_POINT('',(2.611772414201,-0.43,0.292635182233));
#4859 = CIRCLE('',#4860,0.1);
#4860 = AXIS2_PLACEMENT_3D('',#4861,#4862,#4863);
#4861 = CARTESIAN_POINT('',(2.710253189502,-0.43,0.31));
#4862 = DIRECTION('',(-1.110223024625E-16,1.,0.));
#4863 = DIRECTION('',(4.440892098501E-15,4.930380657631E-31,-1.));
#4864 = ORIENTED_EDGE('',*,*,#4865,.T.);
#4865 = EDGE_CURVE('',#4857,#4866,#4868,.T.);
#4866 = VERTEX_POINT('',#4867);
#4867 = CARTESIAN_POINT('',(2.555290403434,-0.43,0.648830935077));
#4868 = LINE('',#4869,#4870);
#4869 = CARTESIAN_POINT('',(2.611772414201,-0.43,0.292635182233));
#4870 = VECTOR('',#4871,1.);
#4871 = DIRECTION('',(-0.1566133833,-1.738757841037E-17,0.987659986114)
  );
#4872 = ORIENTED_EDGE('',*,*,#4873,.T.);
#4873 = EDGE_CURVE('',#4866,#4874,#4876,.T.);
#4874 = VERTEX_POINT('',#4875);
#4875 = CARTESIAN_POINT('',(2.25,-0.43,0.905));
#4876 = CIRCLE('',#4877,0.31);
#4877 = AXIS2_PLACEMENT_3D('',#4878,#4879,#4880);
#4878 = CARTESIAN_POINT('',(2.25,-0.43,0.595));
#4879 = DIRECTION('',(1.110223024625E-16,-1.,0.));
#4880 = DIRECTION('',(0.984807753012,1.093356242223E-16,0.173648177667)
  );
#4881 = ORIENTED_EDGE('',*,*,#4882,.T.);
#4882 = EDGE_CURVE('',#4874,#2933,#4883,.T.);
#4883 = LINE('',#4884,#4885);
#4884 = CARTESIAN_POINT('',(2.25,-0.43,0.905));
#4885 = VECTOR('',#4886,1.);
#4886 = DIRECTION('',(-1.,-1.110223024625E-16,0.));
#4887 = PLANE('',#4888);
#4888 = AXIS2_PLACEMENT_3D('',#4889,#4890,#4891);
#4889 = CARTESIAN_POINT('',(2.476022294864,-0.43,0.454762084394));
#4890 = DIRECTION('',(1.110223024625E-16,-1.,0.));
#4891 = DIRECTION('',(0.,0.,1.));
#4892 = ADVANCED_FACE('',(#4893),#4912,.F.);
#4893 = FACE_BOUND('',#4894,.F.);
#4894 = EDGE_LOOP('',(#4895,#4896,#4905,#4911));
#4895 = ORIENTED_EDGE('',*,*,#2971,.T.);
#4896 = ORIENTED_EDGE('',*,*,#4897,.T.);
#4897 = EDGE_CURVE('',#2964,#4898,#4900,.T.);
#4898 = VERTEX_POINT('',#4899);
#4899 = CARTESIAN_POINT('',(2.348480775301,-0.84,0.612364817767));
#4900 = CIRCLE('',#4901,0.1);
#4901 = AXIS2_PLACEMENT_3D('',#4902,#4903,#4904);
#4902 = CARTESIAN_POINT('',(2.25,-0.84,0.595));
#4903 = DIRECTION('',(-1.110223024625E-16,1.,0.));
#4904 = DIRECTION('',(4.440892098501E-15,4.930380657631E-31,1.));
#4905 = ORIENTED_EDGE('',*,*,#4906,.F.);
#4906 = EDGE_CURVE('',#4807,#4898,#4907,.T.);
#4907 = LINE('',#4908,#4909);
#4908 = CARTESIAN_POINT('',(2.348480775301,-0.43,0.612364817767));
#4909 = VECTOR('',#4910,1.);
#4910 = DIRECTION('',(1.110223024625E-16,-1.,0.));
#4911 = ORIENTED_EDGE('',*,*,#4806,.F.);
#4912 = CYLINDRICAL_SURFACE('',#4913,0.1);
#4913 = AXIS2_PLACEMENT_3D('',#4914,#4915,#4916);
#4914 = CARTESIAN_POINT('',(2.25,-0.43,0.595));
#4915 = DIRECTION('',(-1.110223024625E-16,1.,0.));
#4916 = DIRECTION('',(4.440892098501E-15,4.930380657631E-31,1.));
#4917 = ADVANCED_FACE('',(#4918),#4996,.T.);
#4918 = FACE_BOUND('',#4919,.T.);
#4919 = EDGE_LOOP('',(#4920,#4921,#4922,#4923,#4931,#4940,#4948,#4956,
    #4964,#4973,#4981,#4990));
#4920 = ORIENTED_EDGE('',*,*,#2985,.F.);
#4921 = ORIENTED_EDGE('',*,*,#2963,.T.);
#4922 = ORIENTED_EDGE('',*,*,#4897,.T.);
#4923 = ORIENTED_EDGE('',*,*,#4924,.T.);
#4924 = EDGE_CURVE('',#4898,#4925,#4927,.T.);
#4925 = VERTEX_POINT('',#4926);
#4926 = CARTESIAN_POINT('',(2.404962786068,-0.84,0.256169064923));
#4927 = LINE('',#4928,#4929);
#4928 = CARTESIAN_POINT('',(2.348480775301,-0.84,0.612364817767));
#4929 = VECTOR('',#4930,1.);
#4930 = DIRECTION('',(0.1566133833,1.738757841037E-17,-0.987659986114));
#4931 = ORIENTED_EDGE('',*,*,#4932,.T.);
#4932 = EDGE_CURVE('',#4925,#4933,#4935,.T.);
#4933 = VERTEX_POINT('',#4934);
#4934 = CARTESIAN_POINT('',(2.710253189502,-0.84,0.));
#4935 = CIRCLE('',#4936,0.31);
#4936 = AXIS2_PLACEMENT_3D('',#4937,#4938,#4939);
#4937 = CARTESIAN_POINT('',(2.710253189502,-0.84,0.31));
#4938 = DIRECTION('',(1.110223024625E-16,-1.,0.));
#4939 = DIRECTION('',(-0.984807753012,-1.093356242223E-16,
    -0.173648177667));
#4940 = ORIENTED_EDGE('',*,*,#4941,.T.);
#4941 = EDGE_CURVE('',#4933,#4942,#4944,.T.);
#4942 = VERTEX_POINT('',#4943);
#4943 = CARTESIAN_POINT('',(3.,-0.84,0.));
#4944 = LINE('',#4945,#4946);
#4945 = CARTESIAN_POINT('',(2.710253189502,-0.84,0.));
#4946 = VECTOR('',#4947,1.);
#4947 = DIRECTION('',(1.,1.110223024625E-16,0.));
#4948 = ORIENTED_EDGE('',*,*,#4949,.T.);
#4949 = EDGE_CURVE('',#4942,#4950,#4952,.T.);
#4950 = VERTEX_POINT('',#4951);
#4951 = CARTESIAN_POINT('',(3.,-0.84,0.21));
#4952 = LINE('',#4953,#4954);
#4953 = CARTESIAN_POINT('',(3.,-0.84,0.));
#4954 = VECTOR('',#4955,1.);
#4955 = DIRECTION('',(0.,0.,1.));
#4956 = ORIENTED_EDGE('',*,*,#4957,.T.);
#4957 = EDGE_CURVE('',#4950,#4958,#4960,.T.);
#4958 = VERTEX_POINT('',#4959);
#4959 = CARTESIAN_POINT('',(2.710253189502,-0.84,0.21));
#4960 = LINE('',#4961,#4962);
#4961 = CARTESIAN_POINT('',(3.,-0.84,0.21));
#4962 = VECTOR('',#4963,1.);
#4963 = DIRECTION('',(-1.,-1.110223024625E-16,0.));
#4964 = ORIENTED_EDGE('',*,*,#4965,.T.);
#4965 = EDGE_CURVE('',#4958,#4966,#4968,.T.);
#4966 = VERTEX_POINT('',#4967);
#4967 = CARTESIAN_POINT('',(2.611772414201,-0.84,0.292635182233));
#4968 = CIRCLE('',#4969,0.1);
#4969 = AXIS2_PLACEMENT_3D('',#4970,#4971,#4972);
#4970 = CARTESIAN_POINT('',(2.710253189502,-0.84,0.31));
#4971 = DIRECTION('',(-1.110223024625E-16,1.,0.));
#4972 = DIRECTION('',(4.440892098501E-15,4.930380657631E-31,-1.));
#4973 = ORIENTED_EDGE('',*,*,#4974,.T.);
#4974 = EDGE_CURVE('',#4966,#4975,#4977,.T.);
#4975 = VERTEX_POINT('',#4976);
#4976 = CARTESIAN_POINT('',(2.555290403434,-0.84,0.648830935077));
#4977 = LINE('',#4978,#4979);
#4978 = CARTESIAN_POINT('',(2.611772414201,-0.84,0.292635182233));
#4979 = VECTOR('',#4980,1.);
#4980 = DIRECTION('',(-0.1566133833,-1.738757841037E-17,0.987659986114)
  );
#4981 = ORIENTED_EDGE('',*,*,#4982,.T.);
#4982 = EDGE_CURVE('',#4975,#4983,#4985,.T.);
#4983 = VERTEX_POINT('',#4984);
#4984 = CARTESIAN_POINT('',(2.25,-0.84,0.905));
#4985 = CIRCLE('',#4986,0.31);
#4986 = AXIS2_PLACEMENT_3D('',#4987,#4988,#4989);
#4987 = CARTESIAN_POINT('',(2.25,-0.84,0.595));
#4988 = DIRECTION('',(1.110223024625E-16,-1.,0.));
#4989 = DIRECTION('',(0.984807753012,1.093356242223E-16,0.173648177667)
  );
#4990 = ORIENTED_EDGE('',*,*,#4991,.T.);
#4991 = EDGE_CURVE('',#4983,#2986,#4992,.T.);
#4992 = LINE('',#4993,#4994);
#4993 = CARTESIAN_POINT('',(2.25,-0.84,0.905));
#4994 = VECTOR('',#4995,1.);
#4995 = DIRECTION('',(-1.,-1.110223024625E-16,0.));
#4996 = PLANE('',#4997);
#4997 = AXIS2_PLACEMENT_3D('',#4998,#4999,#5000);
#4998 = CARTESIAN_POINT('',(2.476022294864,-0.84,0.454762084394));
#4999 = DIRECTION('',(1.110223024625E-16,-1.,0.));
#5000 = DIRECTION('',(0.,0.,1.));
#5001 = ADVANCED_FACE('',(#5002),#5018,.F.);
#5002 = FACE_BOUND('',#5003,.F.);
#5003 = EDGE_LOOP('',(#5004,#5010,#5011,#5017));
#5004 = ORIENTED_EDGE('',*,*,#5005,.F.);
#5005 = EDGE_CURVE('',#2986,#3386,#5006,.T.);
#5006 = LINE('',#5007,#5008);
#5007 = CARTESIAN_POINT('',(2.25,-0.84,0.905));
#5008 = VECTOR('',#5009,1.);
#5009 = DIRECTION('',(-1.,-1.110223024625E-16,0.));
#5010 = ORIENTED_EDGE('',*,*,#3002,.T.);
#5011 = ORIENTED_EDGE('',*,*,#5012,.T.);
#5012 = EDGE_CURVE('',#2995,#3394,#5013,.T.);
#5013 = LINE('',#5014,#5015);
#5014 = CARTESIAN_POINT('',(2.25,-1.7,0.905));
#5015 = VECTOR('',#5016,1.);
#5016 = DIRECTION('',(-1.,-1.110223024625E-16,0.));
#5017 = ORIENTED_EDGE('',*,*,#3393,.F.);
#5018 = PLANE('',#5019);
#5019 = AXIS2_PLACEMENT_3D('',#5020,#5021,#5022);
#5020 = CARTESIAN_POINT('',(-3.398748225007E-16,2.44975,0.905));
#5021 = DIRECTION('',(5.214436594795E-32,-6.649901845667E-24,-1.));
#5022 = DIRECTION('',(1.,1.692993148776E-16,5.214436482213E-32));
#5023 = ADVANCED_FACE('',(#5024),#5110,.F.);
#5024 = FACE_BOUND('',#5025,.F.);
#5025 = EDGE_LOOP('',(#5026,#5027,#5028,#5037,#5045,#5054,#5062,#5070,
    #5078,#5087,#5095,#5104));
#5026 = ORIENTED_EDGE('',*,*,#2994,.F.);
#5027 = ORIENTED_EDGE('',*,*,#3016,.T.);
#5028 = ORIENTED_EDGE('',*,*,#5029,.T.);
#5029 = EDGE_CURVE('',#3017,#5030,#5032,.T.);
#5030 = VERTEX_POINT('',#5031);
#5031 = CARTESIAN_POINT('',(2.348480775301,-1.7,0.612364817767));
#5032 = CIRCLE('',#5033,0.1);
#5033 = AXIS2_PLACEMENT_3D('',#5034,#5035,#5036);
#5034 = CARTESIAN_POINT('',(2.25,-1.7,0.595));
#5035 = DIRECTION('',(-1.110223024625E-16,1.,0.));
#5036 = DIRECTION('',(4.440892098501E-15,4.930380657631E-31,1.));
#5037 = ORIENTED_EDGE('',*,*,#5038,.T.);
#5038 = EDGE_CURVE('',#5030,#5039,#5041,.T.);
#5039 = VERTEX_POINT('',#5040);
#5040 = CARTESIAN_POINT('',(2.404962786068,-1.7,0.256169064923));
#5041 = LINE('',#5042,#5043);
#5042 = CARTESIAN_POINT('',(2.348480775301,-1.7,0.612364817767));
#5043 = VECTOR('',#5044,1.);
#5044 = DIRECTION('',(0.1566133833,1.738757841037E-17,-0.987659986114));
#5045 = ORIENTED_EDGE('',*,*,#5046,.T.);
#5046 = EDGE_CURVE('',#5039,#5047,#5049,.T.);
#5047 = VERTEX_POINT('',#5048);
#5048 = CARTESIAN_POINT('',(2.710253189502,-1.7,0.));
#5049 = CIRCLE('',#5050,0.31);
#5050 = AXIS2_PLACEMENT_3D('',#5051,#5052,#5053);
#5051 = CARTESIAN_POINT('',(2.710253189502,-1.7,0.31));
#5052 = DIRECTION('',(1.110223024625E-16,-1.,0.));
#5053 = DIRECTION('',(-0.984807753012,-1.093356242223E-16,
    -0.173648177667));
#5054 = ORIENTED_EDGE('',*,*,#5055,.T.);
#5055 = EDGE_CURVE('',#5047,#5056,#5058,.T.);
#5056 = VERTEX_POINT('',#5057);
#5057 = CARTESIAN_POINT('',(3.,-1.7,0.));
#5058 = LINE('',#5059,#5060);
#5059 = CARTESIAN_POINT('',(2.710253189502,-1.7,0.));
#5060 = VECTOR('',#5061,1.);
#5061 = DIRECTION('',(1.,1.110223024625E-16,0.));
#5062 = ORIENTED_EDGE('',*,*,#5063,.T.);
#5063 = EDGE_CURVE('',#5056,#5064,#5066,.T.);
#5064 = VERTEX_POINT('',#5065);
#5065 = CARTESIAN_POINT('',(3.,-1.7,0.21));
#5066 = LINE('',#5067,#5068);
#5067 = CARTESIAN_POINT('',(3.,-1.7,0.));
#5068 = VECTOR('',#5069,1.);
#5069 = DIRECTION('',(0.,0.,1.));
#5070 = ORIENTED_EDGE('',*,*,#5071,.T.);
#5071 = EDGE_CURVE('',#5064,#5072,#5074,.T.);
#5072 = VERTEX_POINT('',#5073);
#5073 = CARTESIAN_POINT('',(2.710253189502,-1.7,0.21));
#5074 = LINE('',#5075,#5076);
#5075 = CARTESIAN_POINT('',(3.,-1.7,0.21));
#5076 = VECTOR('',#5077,1.);
#5077 = DIRECTION('',(-1.,-1.110223024625E-16,0.));
#5078 = ORIENTED_EDGE('',*,*,#5079,.T.);
#5079 = EDGE_CURVE('',#5072,#5080,#5082,.T.);
#5080 = VERTEX_POINT('',#5081);
#5081 = CARTESIAN_POINT('',(2.611772414201,-1.7,0.292635182233));
#5082 = CIRCLE('',#5083,0.1);
#5083 = AXIS2_PLACEMENT_3D('',#5084,#5085,#5086);
#5084 = CARTESIAN_POINT('',(2.710253189502,-1.7,0.31));
#5085 = DIRECTION('',(-1.110223024625E-16,1.,0.));
#5086 = DIRECTION('',(4.440892098501E-15,4.930380657631E-31,-1.));
#5087 = ORIENTED_EDGE('',*,*,#5088,.T.);
#5088 = EDGE_CURVE('',#5080,#5089,#5091,.T.);
#5089 = VERTEX_POINT('',#5090);
#5090 = CARTESIAN_POINT('',(2.555290403434,-1.7,0.648830935077));
#5091 = LINE('',#5092,#5093);
#5092 = CARTESIAN_POINT('',(2.611772414201,-1.7,0.292635182233));
#5093 = VECTOR('',#5094,1.);
#5094 = DIRECTION('',(-0.1566133833,-1.738757841037E-17,0.987659986114)
  );
#5095 = ORIENTED_EDGE('',*,*,#5096,.T.);
#5096 = EDGE_CURVE('',#5089,#5097,#5099,.T.);
#5097 = VERTEX_POINT('',#5098);
#5098 = CARTESIAN_POINT('',(2.25,-1.7,0.905));
#5099 = CIRCLE('',#5100,0.31);
#5100 = AXIS2_PLACEMENT_3D('',#5101,#5102,#5103);
#5101 = CARTESIAN_POINT('',(2.25,-1.7,0.595));
#5102 = DIRECTION('',(1.110223024625E-16,-1.,0.));
#5103 = DIRECTION('',(0.984807753012,1.093356242223E-16,0.173648177667)
  );
#5104 = ORIENTED_EDGE('',*,*,#5105,.T.);
#5105 = EDGE_CURVE('',#5097,#2995,#5106,.T.);
#5106 = LINE('',#5107,#5108);
#5107 = CARTESIAN_POINT('',(2.25,-1.7,0.905));
#5108 = VECTOR('',#5109,1.);
#5109 = DIRECTION('',(-1.,-1.110223024625E-16,0.));
#5110 = PLANE('',#5111);
#5111 = AXIS2_PLACEMENT_3D('',#5112,#5113,#5114);
#5112 = CARTESIAN_POINT('',(2.476022294864,-1.7,0.454762084394));
#5113 = DIRECTION('',(1.110223024625E-16,-1.,0.));
#5114 = DIRECTION('',(0.,0.,1.));
#5115 = ADVANCED_FACE('',(#5116),#5135,.F.);
#5116 = FACE_BOUND('',#5117,.F.);
#5117 = EDGE_LOOP('',(#5118,#5119,#5128,#5134));
#5118 = ORIENTED_EDGE('',*,*,#3033,.T.);
#5119 = ORIENTED_EDGE('',*,*,#5120,.T.);
#5120 = EDGE_CURVE('',#3026,#5121,#5123,.T.);
#5121 = VERTEX_POINT('',#5122);
#5122 = CARTESIAN_POINT('',(2.348480775301,-2.11,0.612364817767));
#5123 = CIRCLE('',#5124,0.1);
#5124 = AXIS2_PLACEMENT_3D('',#5125,#5126,#5127);
#5125 = CARTESIAN_POINT('',(2.25,-2.11,0.595));
#5126 = DIRECTION('',(-1.110223024625E-16,1.,0.));
#5127 = DIRECTION('',(4.440892098501E-15,4.930380657631E-31,1.));
#5128 = ORIENTED_EDGE('',*,*,#5129,.F.);
#5129 = EDGE_CURVE('',#5030,#5121,#5130,.T.);
#5130 = LINE('',#5131,#5132);
#5131 = CARTESIAN_POINT('',(2.348480775301,-1.7,0.612364817767));
#5132 = VECTOR('',#5133,1.);
#5133 = DIRECTION('',(1.110223024625E-16,-1.,0.));
#5134 = ORIENTED_EDGE('',*,*,#5029,.F.);
#5135 = CYLINDRICAL_SURFACE('',#5136,0.1);
#5136 = AXIS2_PLACEMENT_3D('',#5137,#5138,#5139);
#5137 = CARTESIAN_POINT('',(2.25,-1.7,0.595));
#5138 = DIRECTION('',(-1.110223024625E-16,1.,0.));
#5139 = DIRECTION('',(4.440892098501E-15,4.930380657631E-31,1.));
#5140 = ADVANCED_FACE('',(#5141),#5219,.T.);
#5141 = FACE_BOUND('',#5142,.T.);
#5142 = EDGE_LOOP('',(#5143,#5144,#5145,#5146,#5154,#5163,#5171,#5179,
    #5187,#5196,#5204,#5213));
#5143 = ORIENTED_EDGE('',*,*,#3047,.F.);
#5144 = ORIENTED_EDGE('',*,*,#3025,.T.);
#5145 = ORIENTED_EDGE('',*,*,#5120,.T.);
#5146 = ORIENTED_EDGE('',*,*,#5147,.T.);
#5147 = EDGE_CURVE('',#5121,#5148,#5150,.T.);
#5148 = VERTEX_POINT('',#5149);
#5149 = CARTESIAN_POINT('',(2.404962786068,-2.11,0.256169064923));
#5150 = LINE('',#5151,#5152);
#5151 = CARTESIAN_POINT('',(2.348480775301,-2.11,0.612364817767));
#5152 = VECTOR('',#5153,1.);
#5153 = DIRECTION('',(0.1566133833,1.738757841037E-17,-0.987659986114));
#5154 = ORIENTED_EDGE('',*,*,#5155,.T.);
#5155 = EDGE_CURVE('',#5148,#5156,#5158,.T.);
#5156 = VERTEX_POINT('',#5157);
#5157 = CARTESIAN_POINT('',(2.710253189502,-2.11,0.));
#5158 = CIRCLE('',#5159,0.31);
#5159 = AXIS2_PLACEMENT_3D('',#5160,#5161,#5162);
#5160 = CARTESIAN_POINT('',(2.710253189502,-2.11,0.31));
#5161 = DIRECTION('',(1.110223024625E-16,-1.,0.));
#5162 = DIRECTION('',(-0.984807753012,-1.093356242223E-16,
    -0.173648177667));
#5163 = ORIENTED_EDGE('',*,*,#5164,.T.);
#5164 = EDGE_CURVE('',#5156,#5165,#5167,.T.);
#5165 = VERTEX_POINT('',#5166);
#5166 = CARTESIAN_POINT('',(3.,-2.11,0.));
#5167 = LINE('',#5168,#5169);
#5168 = CARTESIAN_POINT('',(2.710253189502,-2.11,0.));
#5169 = VECTOR('',#5170,1.);
#5170 = DIRECTION('',(1.,1.110223024625E-16,0.));
#5171 = ORIENTED_EDGE('',*,*,#5172,.T.);
#5172 = EDGE_CURVE('',#5165,#5173,#5175,.T.);
#5173 = VERTEX_POINT('',#5174);
#5174 = CARTESIAN_POINT('',(3.,-2.11,0.21));
#5175 = LINE('',#5176,#5177);
#5176 = CARTESIAN_POINT('',(3.,-2.11,0.));
#5177 = VECTOR('',#5178,1.);
#5178 = DIRECTION('',(0.,0.,1.));
#5179 = ORIENTED_EDGE('',*,*,#5180,.T.);
#5180 = EDGE_CURVE('',#5173,#5181,#5183,.T.);
#5181 = VERTEX_POINT('',#5182);
#5182 = CARTESIAN_POINT('',(2.710253189502,-2.11,0.21));
#5183 = LINE('',#5184,#5185);
#5184 = CARTESIAN_POINT('',(3.,-2.11,0.21));
#5185 = VECTOR('',#5186,1.);
#5186 = DIRECTION('',(-1.,-1.110223024625E-16,0.));
#5187 = ORIENTED_EDGE('',*,*,#5188,.T.);
#5188 = EDGE_CURVE('',#5181,#5189,#5191,.T.);
#5189 = VERTEX_POINT('',#5190);
#5190 = CARTESIAN_POINT('',(2.611772414201,-2.11,0.292635182233));
#5191 = CIRCLE('',#5192,0.1);
#5192 = AXIS2_PLACEMENT_3D('',#5193,#5194,#5195);
#5193 = CARTESIAN_POINT('',(2.710253189502,-2.11,0.31));
#5194 = DIRECTION('',(-1.110223024625E-16,1.,0.));
#5195 = DIRECTION('',(4.440892098501E-15,4.930380657631E-31,-1.));
#5196 = ORIENTED_EDGE('',*,*,#5197,.T.);
#5197 = EDGE_CURVE('',#5189,#5198,#5200,.T.);
#5198 = VERTEX_POINT('',#5199);
#5199 = CARTESIAN_POINT('',(2.555290403434,-2.11,0.648830935077));
#5200 = LINE('',#5201,#5202);
#5201 = CARTESIAN_POINT('',(2.611772414201,-2.11,0.292635182233));
#5202 = VECTOR('',#5203,1.);
#5203 = DIRECTION('',(-0.1566133833,-1.738757841037E-17,0.987659986114)
  );
#5204 = ORIENTED_EDGE('',*,*,#5205,.T.);
#5205 = EDGE_CURVE('',#5198,#5206,#5208,.T.);
#5206 = VERTEX_POINT('',#5207);
#5207 = CARTESIAN_POINT('',(2.25,-2.11,0.905));
#5208 = CIRCLE('',#5209,0.31);
#5209 = AXIS2_PLACEMENT_3D('',#5210,#5211,#5212);
#5210 = CARTESIAN_POINT('',(2.25,-2.11,0.595));
#5211 = DIRECTION('',(1.110223024625E-16,-1.,0.));
#5212 = DIRECTION('',(0.984807753012,1.093356242223E-16,0.173648177667)
  );
#5213 = ORIENTED_EDGE('',*,*,#5214,.T.);
#5214 = EDGE_CURVE('',#5206,#3048,#5215,.T.);
#5215 = LINE('',#5216,#5217);
#5216 = CARTESIAN_POINT('',(2.25,-2.11,0.905));
#5217 = VECTOR('',#5218,1.);
#5218 = DIRECTION('',(-1.,-1.110223024625E-16,0.));
#5219 = PLANE('',#5220);
#5220 = AXIS2_PLACEMENT_3D('',#5221,#5222,#5223);
#5221 = CARTESIAN_POINT('',(2.476022294864,-2.11,0.454762084394));
#5222 = DIRECTION('',(1.110223024625E-16,-1.,0.));
#5223 = DIRECTION('',(0.,0.,1.));
#5224 = ADVANCED_FACE('',(#5225),#5236,.T.);
#5225 = FACE_BOUND('',#5226,.T.);
#5226 = EDGE_LOOP('',(#5227,#5228,#5229,#5230));
#5227 = ORIENTED_EDGE('',*,*,#4259,.T.);
#5228 = ORIENTED_EDGE('',*,*,#3160,.T.);
#5229 = ORIENTED_EDGE('',*,*,#4361,.F.);
#5230 = ORIENTED_EDGE('',*,*,#5231,.F.);
#5231 = EDGE_CURVE('',#4252,#4354,#5232,.T.);
#5232 = LINE('',#5233,#5234);
#5233 = CARTESIAN_POINT('',(-2.555290403434,1.7,0.648830935077));
#5234 = VECTOR('',#5235,1.);
#5235 = DIRECTION('',(1.144237745222E-17,1.,0.));
#5236 = CYLINDRICAL_SURFACE('',#5237,0.31);
#5237 = AXIS2_PLACEMENT_3D('',#5238,#5239,#5240);
#5238 = CARTESIAN_POINT('',(-2.25,1.7,0.595));
#5239 = DIRECTION('',(-1.144237745222E-17,-1.,0.));
#5240 = DIRECTION('',(-0.984807753012,1.126854202784E-17,0.173648177667)
  );
#5241 = ADVANCED_FACE('',(#5242),#5255,.F.);
#5242 = FACE_BOUND('',#5243,.F.);
#5243 = EDGE_LOOP('',(#5244,#5245,#5251,#5252,#5253,#5254));
#5244 = ORIENTED_EDGE('',*,*,#3604,.F.);
#5245 = ORIENTED_EDGE('',*,*,#5246,.T.);
#5246 = EDGE_CURVE('',#3596,#3705,#5247,.T.);
#5247 = LINE('',#5248,#5249);
#5248 = CARTESIAN_POINT('',(-2.25,-2.11,0.905));
#5249 = VECTOR('',#5250,1.);
#5250 = DIRECTION('',(1.144237745222E-17,1.,0.));
#5251 = ORIENTED_EDGE('',*,*,#3713,.T.);
#5252 = ORIENTED_EDGE('',*,*,#3735,.T.);
#5253 = ORIENTED_EDGE('',*,*,#3207,.F.);
#5254 = ORIENTED_EDGE('',*,*,#3478,.F.);
#5255 = PLANE('',#5256);
#5256 = AXIS2_PLACEMENT_3D('',#5257,#5258,#5259);
#5257 = CARTESIAN_POINT('',(-2.25,-2.11,0.905));
#5258 = DIRECTION('',(0.,0.,-1.));
#5259 = DIRECTION('',(1.,-1.144237745222E-17,0.));
#5260 = ADVANCED_FACE('',(#5261),#5274,.F.);
#5261 = FACE_BOUND('',#5262,.F.);
#5262 = EDGE_LOOP('',(#5263,#5264,#5270,#5271,#5272,#5273));
#5263 = ORIENTED_EDGE('',*,*,#3827,.F.);
#5264 = ORIENTED_EDGE('',*,*,#5265,.T.);
#5265 = EDGE_CURVE('',#3819,#3928,#5266,.T.);
#5266 = LINE('',#5267,#5268);
#5267 = CARTESIAN_POINT('',(-2.25,-0.84,0.905));
#5268 = VECTOR('',#5269,1.);
#5269 = DIRECTION('',(1.144237745222E-17,1.,0.));
#5270 = ORIENTED_EDGE('',*,*,#3936,.T.);
#5271 = ORIENTED_EDGE('',*,*,#3958,.T.);
#5272 = ORIENTED_EDGE('',*,*,#3223,.F.);
#5273 = ORIENTED_EDGE('',*,*,#3728,.F.);
#5274 = PLANE('',#5275);
#5275 = AXIS2_PLACEMENT_3D('',#5276,#5277,#5278);
#5276 = CARTESIAN_POINT('',(-2.25,-0.84,0.905));
#5277 = DIRECTION('',(0.,0.,-1.));
#5278 = DIRECTION('',(1.,-1.144237745222E-17,0.));
#5279 = ADVANCED_FACE('',(#5280),#5293,.F.);
#5280 = FACE_BOUND('',#5281,.F.);
#5281 = EDGE_LOOP('',(#5282,#5283,#5289,#5290,#5291,#5292));
#5282 = ORIENTED_EDGE('',*,*,#4050,.F.);
#5283 = ORIENTED_EDGE('',*,*,#5284,.T.);
#5284 = EDGE_CURVE('',#4042,#4151,#5285,.T.);
#5285 = LINE('',#5286,#5287);
#5286 = CARTESIAN_POINT('',(-2.25,0.43,0.905));
#5287 = VECTOR('',#5288,1.);
#5288 = DIRECTION('',(1.144237745222E-17,1.,0.));
#5289 = ORIENTED_EDGE('',*,*,#4159,.T.);
#5290 = ORIENTED_EDGE('',*,*,#4176,.T.);
#5291 = ORIENTED_EDGE('',*,*,#3239,.F.);
#5292 = ORIENTED_EDGE('',*,*,#3951,.F.);
#5293 = PLANE('',#5294);
#5294 = AXIS2_PLACEMENT_3D('',#5295,#5296,#5297);
#5295 = CARTESIAN_POINT('',(-2.25,0.43,0.905));
#5296 = DIRECTION('',(0.,0.,-1.));
#5297 = DIRECTION('',(1.,-1.144237745222E-17,0.));
#5298 = ADVANCED_FACE('',(#5299,#5328),#5339,.T.);
#5299 = FACE_BOUND('',#5300,.T.);
#5300 = EDGE_LOOP('',(#5301,#5302,#5303,#5304,#5312,#5320,#5326,#5327));
#5301 = ORIENTED_EDGE('',*,*,#3314,.F.);
#5302 = ORIENTED_EDGE('',*,*,#3291,.F.);
#5303 = ORIENTED_EDGE('',*,*,#3262,.F.);
#5304 = ORIENTED_EDGE('',*,*,#5305,.F.);
#5305 = EDGE_CURVE('',#5306,#3263,#5308,.T.);
#5306 = VERTEX_POINT('',#5307);
#5307 = CARTESIAN_POINT('',(-1.649171017995,-2.347342035991,1.55));
#5308 = LINE('',#5309,#5310);
#5309 = CARTESIAN_POINT('',(-1.649171017995,-2.347342035991,1.55));
#5310 = VECTOR('',#5311,1.);
#5311 = DIRECTION('',(-0.707106781187,0.707106781187,0.));
#5312 = ORIENTED_EDGE('',*,*,#5313,.F.);
#5313 = EDGE_CURVE('',#5314,#5306,#5316,.T.);
#5314 = VERTEX_POINT('',#5315);
#5315 = CARTESIAN_POINT('',(1.649171017995,-2.347342035991,1.55));
#5316 = LINE('',#5317,#5318);
#5317 = CARTESIAN_POINT('',(1.649171017995,-2.347342035991,1.55));
#5318 = VECTOR('',#5319,1.);
#5319 = DIRECTION('',(-1.,-1.110223024625E-16,0.));
#5320 = ORIENTED_EDGE('',*,*,#5321,.F.);
#5321 = EDGE_CURVE('',#3418,#5314,#5322,.T.);
#5322 = LINE('',#5323,#5324);
#5323 = CARTESIAN_POINT('',(1.847342035991,-2.149171017995,1.55));
#5324 = VECTOR('',#5325,1.);
#5325 = DIRECTION('',(-0.707106781187,-0.707106781187,0.));
#5326 = ORIENTED_EDGE('',*,*,#3424,.F.);
#5327 = ORIENTED_EDGE('',*,*,#3337,.F.);
#5328 = FACE_BOUND('',#5329,.T.);
#5329 = EDGE_LOOP('',(#5330));
#5330 = ORIENTED_EDGE('',*,*,#5331,.T.);
#5331 = EDGE_CURVE('',#5332,#5332,#5334,.T.);
#5332 = VERTEX_POINT('',#5333);
#5333 = CARTESIAN_POINT('',(-1.197342035991,1.397342035991,1.55));
#5334 = CIRCLE('',#5335,0.3);
#5335 = AXIS2_PLACEMENT_3D('',#5336,#5337,#5338);
#5336 = CARTESIAN_POINT('',(-1.197342035991,1.697342035991,1.55));
#5337 = DIRECTION('',(0.,-0.,-1.));
#5338 = DIRECTION('',(1.110223024625E-16,-1.,0.));
#5339 = PLANE('',#5340);
#5340 = AXIS2_PLACEMENT_3D('',#5341,#5342,#5343);
#5341 = CARTESIAN_POINT('',(-1.649171017995,2.347342035991,1.55));
#5342 = DIRECTION('',(0.,0.,1.));
#5343 = DIRECTION('',(0.574872573702,-0.818242949255,0.));
#5344 = ADVANCED_FACE('',(#5345),#5355,.F.);
#5345 = FACE_BOUND('',#5346,.F.);
#5346 = EDGE_LOOP('',(#5347,#5348,#5349,#5350));
#5347 = ORIENTED_EDGE('',*,*,#3485,.T.);
#5348 = ORIENTED_EDGE('',*,*,#3270,.T.);
#5349 = ORIENTED_EDGE('',*,*,#5305,.F.);
#5350 = ORIENTED_EDGE('',*,*,#5351,.F.);
#5351 = EDGE_CURVE('',#3486,#5306,#5352,.T.);
#5352 = B_SPLINE_CURVE_WITH_KNOTS('',1,(#5353,#5354),.UNSPECIFIED.,.F.,
  .F.,(2,2),(0.,1.),.PIECEWISE_BEZIER_KNOTS.);
#5353 = CARTESIAN_POINT('',(-1.70025,-2.4495,0.905));
#5354 = CARTESIAN_POINT('',(-1.649171017995,-2.347342035991,1.55));
#5355 = B_SPLINE_SURFACE_WITH_KNOTS('',1,1,(
    (#5356,#5357)
    ,(#5358,#5359
    )),.UNSPECIFIED.,.F.,.F.,.F.,(2,2),(2,2),(0.,0.352492730421),(0.,1.)
  ,.PIECEWISE_BEZIER_KNOTS.);
#5356 = CARTESIAN_POINT('',(-1.70025,-2.4495,0.905));
#5357 = CARTESIAN_POINT('',(-1.649171017995,-2.347342035991,1.55));
#5358 = CARTESIAN_POINT('',(-1.9495,-2.20025,0.905));
#5359 = CARTESIAN_POINT('',(-1.847342035991,-2.149171017995,1.55));
#5360 = ADVANCED_FACE('',(#5361),#5374,.F.);
#5361 = FACE_BOUND('',#5362,.F.);
#5362 = EDGE_LOOP('',(#5363,#5364,#5370,#5371,#5372,#5373));
#5363 = ORIENTED_EDGE('',*,*,#4659,.F.);
#5364 = ORIENTED_EDGE('',*,*,#5365,.T.);
#5365 = EDGE_CURVE('',#4651,#4760,#5366,.T.);
#5366 = LINE('',#5367,#5368);
#5367 = CARTESIAN_POINT('',(2.25,0.84,0.905));
#5368 = VECTOR('',#5369,1.);
#5369 = DIRECTION('',(1.110223024625E-16,-1.,0.));
#5370 = ORIENTED_EDGE('',*,*,#4768,.T.);
#5371 = ORIENTED_EDGE('',*,*,#4782,.T.);
#5372 = ORIENTED_EDGE('',*,*,#3369,.F.);
#5373 = ORIENTED_EDGE('',*,*,#4566,.F.);
#5374 = PLANE('',#5375);
#5375 = AXIS2_PLACEMENT_3D('',#5376,#5377,#5378);
#5376 = CARTESIAN_POINT('',(2.25,0.84,0.905));
#5377 = DIRECTION('',(0.,0.,-1.));
#5378 = DIRECTION('',(-1.,-1.110223024625E-16,-0.));
#5379 = ADVANCED_FACE('',(#5380),#5393,.F.);
#5380 = FACE_BOUND('',#5381,.F.);
#5381 = EDGE_LOOP('',(#5382,#5383,#5389,#5390,#5391,#5392));
#5382 = ORIENTED_EDGE('',*,*,#4882,.F.);
#5383 = ORIENTED_EDGE('',*,*,#5384,.T.);
#5384 = EDGE_CURVE('',#4874,#4983,#5385,.T.);
#5385 = LINE('',#5386,#5387);
#5386 = CARTESIAN_POINT('',(2.25,-0.43,0.905));
#5387 = VECTOR('',#5388,1.);
#5388 = DIRECTION('',(1.110223024625E-16,-1.,0.));
#5389 = ORIENTED_EDGE('',*,*,#4991,.T.);
#5390 = ORIENTED_EDGE('',*,*,#5005,.T.);
#5391 = ORIENTED_EDGE('',*,*,#3385,.F.);
#5392 = ORIENTED_EDGE('',*,*,#4789,.F.);
#5393 = PLANE('',#5394);
#5394 = AXIS2_PLACEMENT_3D('',#5395,#5396,#5397);
#5395 = CARTESIAN_POINT('',(2.25,-0.43,0.905));
#5396 = DIRECTION('',(0.,0.,-1.));
#5397 = DIRECTION('',(-1.,-1.110223024625E-16,-0.));
#5398 = ADVANCED_FACE('',(#5399),#5412,.F.);
#5399 = FACE_BOUND('',#5400,.F.);
#5400 = EDGE_LOOP('',(#5401,#5402,#5408,#5409,#5410,#5411));
#5401 = ORIENTED_EDGE('',*,*,#5105,.F.);
#5402 = ORIENTED_EDGE('',*,*,#5403,.T.);
#5403 = EDGE_CURVE('',#5097,#5206,#5404,.T.);
#5404 = LINE('',#5405,#5406);
#5405 = CARTESIAN_POINT('',(2.25,-1.7,0.905));
#5406 = VECTOR('',#5407,1.);
#5407 = DIRECTION('',(1.110223024625E-16,-1.,0.));
#5408 = ORIENTED_EDGE('',*,*,#5214,.T.);
#5409 = ORIENTED_EDGE('',*,*,#3508,.T.);
#5410 = ORIENTED_EDGE('',*,*,#3401,.F.);
#5411 = ORIENTED_EDGE('',*,*,#5012,.F.);
#5412 = PLANE('',#5413);
#5413 = AXIS2_PLACEMENT_3D('',#5414,#5415,#5416);
#5414 = CARTESIAN_POINT('',(2.25,-1.7,0.905));
#5415 = DIRECTION('',(0.,0.,-1.));
#5416 = DIRECTION('',(-1.,-1.110223024625E-16,-0.));
#5417 = ADVANCED_FACE('',(#5418),#5428,.F.);
#5418 = FACE_BOUND('',#5419,.F.);
#5419 = EDGE_LOOP('',(#5420,#5421,#5426,#5427));
#5420 = ORIENTED_EDGE('',*,*,#3501,.T.);
#5421 = ORIENTED_EDGE('',*,*,#5422,.T.);
#5422 = EDGE_CURVE('',#3494,#5314,#5423,.T.);
#5423 = B_SPLINE_CURVE_WITH_KNOTS('',1,(#5424,#5425),.UNSPECIFIED.,.F.,
  .F.,(2,2),(0.,1.),.PIECEWISE_BEZIER_KNOTS.);
#5424 = CARTESIAN_POINT('',(1.70025,-2.4495,0.905));
#5425 = CARTESIAN_POINT('',(1.649171017995,-2.347342035991,1.55));
#5426 = ORIENTED_EDGE('',*,*,#5321,.F.);
#5427 = ORIENTED_EDGE('',*,*,#3417,.F.);
#5428 = B_SPLINE_SURFACE_WITH_KNOTS('',1,1,(
    (#5429,#5430)
    ,(#5431,#5432
    )),.UNSPECIFIED.,.F.,.F.,.F.,(2,2),(2,2),(0.,0.352492730421),(0.,1.)
  ,.PIECEWISE_BEZIER_KNOTS.);
#5429 = CARTESIAN_POINT('',(1.9495,-2.20025,0.905));
#5430 = CARTESIAN_POINT('',(1.847342035991,-2.149171017995,1.55));
#5431 = CARTESIAN_POINT('',(1.70025,-2.4495,0.905));
#5432 = CARTESIAN_POINT('',(1.649171017995,-2.347342035991,1.55));
#5433 = ADVANCED_FACE('',(#5434),#5445,.T.);
#5434 = FACE_BOUND('',#5435,.T.);
#5435 = EDGE_LOOP('',(#5436,#5437,#5438,#5439));
#5436 = ORIENTED_EDGE('',*,*,#4446,.T.);
#5437 = ORIENTED_EDGE('',*,*,#3447,.T.);
#5438 = ORIENTED_EDGE('',*,*,#4548,.F.);
#5439 = ORIENTED_EDGE('',*,*,#5440,.F.);
#5440 = EDGE_CURVE('',#4439,#4541,#5441,.T.);
#5441 = LINE('',#5442,#5443);
#5442 = CARTESIAN_POINT('',(2.555290403434,2.11,0.648830935077));
#5443 = VECTOR('',#5444,1.);
#5444 = DIRECTION('',(1.110223024625E-16,-1.,0.));
#5445 = CYLINDRICAL_SURFACE('',#5446,0.31);
#5446 = AXIS2_PLACEMENT_3D('',#5447,#5448,#5449);
#5447 = CARTESIAN_POINT('',(2.25,2.11,0.595));
#5448 = DIRECTION('',(-1.110223024625E-16,1.,0.));
#5449 = DIRECTION('',(0.984807753012,1.093356242223E-16,0.173648177667)
  );
#5450 = ADVANCED_FACE('',(#5451),#5457,.F.);
#5451 = FACE_BOUND('',#5452,.F.);
#5452 = EDGE_LOOP('',(#5453,#5454,#5455,#5456));
#5453 = ORIENTED_EDGE('',*,*,#3493,.T.);
#5454 = ORIENTED_EDGE('',*,*,#5351,.T.);
#5455 = ORIENTED_EDGE('',*,*,#5313,.F.);
#5456 = ORIENTED_EDGE('',*,*,#5422,.F.);
#5457 = B_SPLINE_SURFACE_WITH_KNOTS('',1,1,(
    (#5458,#5459)
    ,(#5460,#5461
    )),.UNSPECIFIED.,.F.,.F.,.F.,(2,2),(2,2),(0.,3.4005),(0.,1.),
  .PIECEWISE_BEZIER_KNOTS.);
#5458 = CARTESIAN_POINT('',(1.70025,-2.4495,0.905));
#5459 = CARTESIAN_POINT('',(1.649171017995,-2.347342035991,1.55));
#5460 = CARTESIAN_POINT('',(-1.70025,-2.4495,0.905));
#5461 = CARTESIAN_POINT('',(-1.649171017995,-2.347342035991,1.55));
#5462 = ADVANCED_FACE('',(#5463),#5474,.T.);
#5463 = FACE_BOUND('',#5464,.T.);
#5464 = EDGE_LOOP('',(#5465,#5466,#5467,#5468));
#5465 = ORIENTED_EDGE('',*,*,#3595,.T.);
#5466 = ORIENTED_EDGE('',*,*,#5246,.T.);
#5467 = ORIENTED_EDGE('',*,*,#3704,.F.);
#5468 = ORIENTED_EDGE('',*,*,#5469,.F.);
#5469 = EDGE_CURVE('',#3588,#3697,#5470,.T.);
#5470 = LINE('',#5471,#5472);
#5471 = CARTESIAN_POINT('',(-2.555290403434,-2.11,0.648830935077));
#5472 = VECTOR('',#5473,1.);
#5473 = DIRECTION('',(1.144237745222E-17,1.,0.));
#5474 = CYLINDRICAL_SURFACE('',#5475,0.31);
#5475 = AXIS2_PLACEMENT_3D('',#5476,#5477,#5478);
#5476 = CARTESIAN_POINT('',(-2.25,-2.11,0.595));
#5477 = DIRECTION('',(-1.144237745222E-17,-1.,0.));
#5478 = DIRECTION('',(-0.984807753012,1.126854202784E-17,0.173648177667)
  );
#5479 = ADVANCED_FACE('',(#5480),#5491,.F.);
#5480 = FACE_BOUND('',#5481,.F.);
#5481 = EDGE_LOOP('',(#5482,#5488,#5489,#5490));
#5482 = ORIENTED_EDGE('',*,*,#5483,.T.);
#5483 = EDGE_CURVE('',#3579,#3688,#5484,.T.);
#5484 = LINE('',#5485,#5486);
#5485 = CARTESIAN_POINT('',(-2.611772414201,-2.11,0.292635182233));
#5486 = VECTOR('',#5487,1.);
#5487 = DIRECTION('',(1.144237745222E-17,1.,0.));
#5488 = ORIENTED_EDGE('',*,*,#3696,.T.);
#5489 = ORIENTED_EDGE('',*,*,#5469,.F.);
#5490 = ORIENTED_EDGE('',*,*,#3587,.F.);
#5491 = PLANE('',#5492);
#5492 = AXIS2_PLACEMENT_3D('',#5493,#5494,#5495);
#5493 = CARTESIAN_POINT('',(-2.611772414201,-2.11,0.292635182233));
#5494 = DIRECTION('',(0.987659986114,-1.130117835557E-17,-0.1566133833)
  );
#5495 = DIRECTION('',(0.1566133833,-1.792029445784E-18,0.987659986114));
#5496 = ADVANCED_FACE('',(#5497),#5508,.F.);
#5497 = FACE_BOUND('',#5498,.F.);
#5498 = EDGE_LOOP('',(#5499,#5505,#5506,#5507));
#5499 = ORIENTED_EDGE('',*,*,#5500,.T.);
#5500 = EDGE_CURVE('',#3571,#3680,#5501,.T.);
#5501 = LINE('',#5502,#5503);
#5502 = CARTESIAN_POINT('',(-2.710253189502,-2.11,0.21));
#5503 = VECTOR('',#5504,1.);
#5504 = DIRECTION('',(1.144237745222E-17,1.,0.));
#5505 = ORIENTED_EDGE('',*,*,#3687,.T.);
#5506 = ORIENTED_EDGE('',*,*,#5483,.F.);
#5507 = ORIENTED_EDGE('',*,*,#3578,.F.);
#5508 = CYLINDRICAL_SURFACE('',#5509,0.1);
#5509 = AXIS2_PLACEMENT_3D('',#5510,#5511,#5512);
#5510 = CARTESIAN_POINT('',(-2.710253189502,-2.11,0.31));
#5511 = DIRECTION('',(-1.144237745222E-17,-1.,0.));
#5512 = DIRECTION('',(-4.440892098501E-15,5.081436361563E-32,-1.));
#5513 = ADVANCED_FACE('',(#5514),#5525,.F.);
#5514 = FACE_BOUND('',#5515,.F.);
#5515 = EDGE_LOOP('',(#5516,#5522,#5523,#5524));
#5516 = ORIENTED_EDGE('',*,*,#5517,.T.);
#5517 = EDGE_CURVE('',#3563,#3672,#5518,.T.);
#5518 = LINE('',#5519,#5520);
#5519 = CARTESIAN_POINT('',(-3.,-2.11,0.21));
#5520 = VECTOR('',#5521,1.);
#5521 = DIRECTION('',(1.144237745222E-17,1.,0.));
#5522 = ORIENTED_EDGE('',*,*,#3679,.T.);
#5523 = ORIENTED_EDGE('',*,*,#5500,.F.);
#5524 = ORIENTED_EDGE('',*,*,#3570,.F.);
#5525 = PLANE('',#5526);
#5526 = AXIS2_PLACEMENT_3D('',#5527,#5528,#5529);
#5527 = CARTESIAN_POINT('',(-3.,-2.11,0.21));
#5528 = DIRECTION('',(0.,0.,-1.));
#5529 = DIRECTION('',(1.,-1.144237745222E-17,0.));
#5530 = ADVANCED_FACE('',(#5531),#5542,.F.);
#5531 = FACE_BOUND('',#5532,.F.);
#5532 = EDGE_LOOP('',(#5533,#5539,#5540,#5541));
#5533 = ORIENTED_EDGE('',*,*,#5534,.T.);
#5534 = EDGE_CURVE('',#3555,#3664,#5535,.T.);
#5535 = LINE('',#5536,#5537);
#5536 = CARTESIAN_POINT('',(-3.,-2.11,0.));
#5537 = VECTOR('',#5538,1.);
#5538 = DIRECTION('',(1.144237745222E-17,1.,0.));
#5539 = ORIENTED_EDGE('',*,*,#3671,.T.);
#5540 = ORIENTED_EDGE('',*,*,#5517,.F.);
#5541 = ORIENTED_EDGE('',*,*,#3562,.F.);
#5542 = PLANE('',#5543);
#5543 = AXIS2_PLACEMENT_3D('',#5544,#5545,#5546);
#5544 = CARTESIAN_POINT('',(-3.,-2.11,0.));
#5545 = DIRECTION('',(1.,-1.144237745222E-17,0.));
#5546 = DIRECTION('',(0.,0.,1.));
#5547 = ADVANCED_FACE('',(#5548),#5559,.F.);
#5548 = FACE_BOUND('',#5549,.F.);
#5549 = EDGE_LOOP('',(#5550,#5556,#5557,#5558));
#5550 = ORIENTED_EDGE('',*,*,#5551,.T.);
#5551 = EDGE_CURVE('',#3546,#3655,#5552,.T.);
#5552 = LINE('',#5553,#5554);
#5553 = CARTESIAN_POINT('',(-2.710253189502,-2.11,0.));
#5554 = VECTOR('',#5555,1.);
#5555 = DIRECTION('',(1.144237745222E-17,1.,0.));
#5556 = ORIENTED_EDGE('',*,*,#3663,.T.);
#5557 = ORIENTED_EDGE('',*,*,#5534,.F.);
#5558 = ORIENTED_EDGE('',*,*,#3554,.F.);
#5559 = PLANE('',#5560);
#5560 = AXIS2_PLACEMENT_3D('',#5561,#5562,#5563);
#5561 = CARTESIAN_POINT('',(-2.710253189502,-2.11,0.));
#5562 = DIRECTION('',(0.,0.,1.));
#5563 = DIRECTION('',(-1.,1.144237745222E-17,0.));
#5564 = ADVANCED_FACE('',(#5565),#5576,.T.);
#5565 = FACE_BOUND('',#5566,.T.);
#5566 = EDGE_LOOP('',(#5567,#5568,#5569,#5570));
#5567 = ORIENTED_EDGE('',*,*,#3545,.T.);
#5568 = ORIENTED_EDGE('',*,*,#5551,.T.);
#5569 = ORIENTED_EDGE('',*,*,#3654,.F.);
#5570 = ORIENTED_EDGE('',*,*,#5571,.F.);
#5571 = EDGE_CURVE('',#3538,#3647,#5572,.T.);
#5572 = LINE('',#5573,#5574);
#5573 = CARTESIAN_POINT('',(-2.404962786068,-2.11,0.256169064923));
#5574 = VECTOR('',#5575,1.);
#5575 = DIRECTION('',(1.144237745222E-17,1.,0.));
#5576 = CYLINDRICAL_SURFACE('',#5577,0.31);
#5577 = AXIS2_PLACEMENT_3D('',#5578,#5579,#5580);
#5578 = CARTESIAN_POINT('',(-2.710253189502,-2.11,0.31));
#5579 = DIRECTION('',(-1.144237745222E-17,-1.,0.));
#5580 = DIRECTION('',(0.984807753012,-1.126854202784E-17,-0.173648177667
    ));
#5581 = ADVANCED_FACE('',(#5582),#5588,.F.);
#5582 = FACE_BOUND('',#5583,.F.);
#5583 = EDGE_LOOP('',(#5584,#5585,#5586,#5587));
#5584 = ORIENTED_EDGE('',*,*,#3628,.T.);
#5585 = ORIENTED_EDGE('',*,*,#3646,.T.);
#5586 = ORIENTED_EDGE('',*,*,#5571,.F.);
#5587 = ORIENTED_EDGE('',*,*,#3537,.F.);
#5588 = PLANE('',#5589);
#5589 = AXIS2_PLACEMENT_3D('',#5590,#5591,#5592);
#5590 = CARTESIAN_POINT('',(-2.348480775301,-2.11,0.612364817767));
#5591 = DIRECTION('',(-0.987659986114,1.130117835557E-17,0.1566133833));
#5592 = DIRECTION('',(-0.1566133833,1.792029445784E-18,-0.987659986114)
  );
#5593 = ADVANCED_FACE('',(#5594),#5605,.T.);
#5594 = FACE_BOUND('',#5595,.T.);
#5595 = EDGE_LOOP('',(#5596,#5597,#5598,#5599));
#5596 = ORIENTED_EDGE('',*,*,#3818,.T.);
#5597 = ORIENTED_EDGE('',*,*,#5265,.T.);
#5598 = ORIENTED_EDGE('',*,*,#3927,.F.);
#5599 = ORIENTED_EDGE('',*,*,#5600,.F.);
#5600 = EDGE_CURVE('',#3811,#3920,#5601,.T.);
#5601 = LINE('',#5602,#5603);
#5602 = CARTESIAN_POINT('',(-2.555290403434,-0.84,0.648830935077));
#5603 = VECTOR('',#5604,1.);
#5604 = DIRECTION('',(1.144237745222E-17,1.,0.));
#5605 = CYLINDRICAL_SURFACE('',#5606,0.31);
#5606 = AXIS2_PLACEMENT_3D('',#5607,#5608,#5609);
#5607 = CARTESIAN_POINT('',(-2.25,-0.84,0.595));
#5608 = DIRECTION('',(-1.144237745222E-17,-1.,0.));
#5609 = DIRECTION('',(-0.984807753012,1.126854202784E-17,0.173648177667)
  );
#5610 = ADVANCED_FACE('',(#5611),#5622,.F.);
#5611 = FACE_BOUND('',#5612,.F.);
#5612 = EDGE_LOOP('',(#5613,#5619,#5620,#5621));
#5613 = ORIENTED_EDGE('',*,*,#5614,.T.);
#5614 = EDGE_CURVE('',#3802,#3911,#5615,.T.);
#5615 = LINE('',#5616,#5617);
#5616 = CARTESIAN_POINT('',(-2.611772414201,-0.84,0.292635182233));
#5617 = VECTOR('',#5618,1.);
#5618 = DIRECTION('',(1.144237745222E-17,1.,0.));
#5619 = ORIENTED_EDGE('',*,*,#3919,.T.);
#5620 = ORIENTED_EDGE('',*,*,#5600,.F.);
#5621 = ORIENTED_EDGE('',*,*,#3810,.F.);
#5622 = PLANE('',#5623);
#5623 = AXIS2_PLACEMENT_3D('',#5624,#5625,#5626);
#5624 = CARTESIAN_POINT('',(-2.611772414201,-0.84,0.292635182233));
#5625 = DIRECTION('',(0.987659986114,-1.130117835557E-17,-0.1566133833)
  );
#5626 = DIRECTION('',(0.1566133833,-1.792029445784E-18,0.987659986114));
#5627 = ADVANCED_FACE('',(#5628),#5639,.F.);
#5628 = FACE_BOUND('',#5629,.F.);
#5629 = EDGE_LOOP('',(#5630,#5636,#5637,#5638));
#5630 = ORIENTED_EDGE('',*,*,#5631,.T.);
#5631 = EDGE_CURVE('',#3794,#3903,#5632,.T.);
#5632 = LINE('',#5633,#5634);
#5633 = CARTESIAN_POINT('',(-2.710253189502,-0.84,0.21));
#5634 = VECTOR('',#5635,1.);
#5635 = DIRECTION('',(1.144237745222E-17,1.,0.));
#5636 = ORIENTED_EDGE('',*,*,#3910,.T.);
#5637 = ORIENTED_EDGE('',*,*,#5614,.F.);
#5638 = ORIENTED_EDGE('',*,*,#3801,.F.);
#5639 = CYLINDRICAL_SURFACE('',#5640,0.1);
#5640 = AXIS2_PLACEMENT_3D('',#5641,#5642,#5643);
#5641 = CARTESIAN_POINT('',(-2.710253189502,-0.84,0.31));
#5642 = DIRECTION('',(-1.144237745222E-17,-1.,0.));
#5643 = DIRECTION('',(-4.440892098501E-15,5.081436361563E-32,-1.));
#5644 = ADVANCED_FACE('',(#5645),#5656,.F.);
#5645 = FACE_BOUND('',#5646,.F.);
#5646 = EDGE_LOOP('',(#5647,#5653,#5654,#5655));
#5647 = ORIENTED_EDGE('',*,*,#5648,.T.);
#5648 = EDGE_CURVE('',#3786,#3895,#5649,.T.);
#5649 = LINE('',#5650,#5651);
#5650 = CARTESIAN_POINT('',(-3.,-0.84,0.21));
#5651 = VECTOR('',#5652,1.);
#5652 = DIRECTION('',(1.144237745222E-17,1.,0.));
#5653 = ORIENTED_EDGE('',*,*,#3902,.T.);
#5654 = ORIENTED_EDGE('',*,*,#5631,.F.);
#5655 = ORIENTED_EDGE('',*,*,#3793,.F.);
#5656 = PLANE('',#5657);
#5657 = AXIS2_PLACEMENT_3D('',#5658,#5659,#5660);
#5658 = CARTESIAN_POINT('',(-3.,-0.84,0.21));
#5659 = DIRECTION('',(0.,0.,-1.));
#5660 = DIRECTION('',(1.,-1.144237745222E-17,0.));
#5661 = ADVANCED_FACE('',(#5662),#5673,.F.);
#5662 = FACE_BOUND('',#5663,.F.);
#5663 = EDGE_LOOP('',(#5664,#5670,#5671,#5672));
#5664 = ORIENTED_EDGE('',*,*,#5665,.T.);
#5665 = EDGE_CURVE('',#3778,#3887,#5666,.T.);
#5666 = LINE('',#5667,#5668);
#5667 = CARTESIAN_POINT('',(-3.,-0.84,0.));
#5668 = VECTOR('',#5669,1.);
#5669 = DIRECTION('',(1.144237745222E-17,1.,0.));
#5670 = ORIENTED_EDGE('',*,*,#3894,.T.);
#5671 = ORIENTED_EDGE('',*,*,#5648,.F.);
#5672 = ORIENTED_EDGE('',*,*,#3785,.F.);
#5673 = PLANE('',#5674);
#5674 = AXIS2_PLACEMENT_3D('',#5675,#5676,#5677);
#5675 = CARTESIAN_POINT('',(-3.,-0.84,0.));
#5676 = DIRECTION('',(1.,-1.144237745222E-17,0.));
#5677 = DIRECTION('',(0.,0.,1.));
#5678 = ADVANCED_FACE('',(#5679),#5690,.F.);
#5679 = FACE_BOUND('',#5680,.F.);
#5680 = EDGE_LOOP('',(#5681,#5687,#5688,#5689));
#5681 = ORIENTED_EDGE('',*,*,#5682,.T.);
#5682 = EDGE_CURVE('',#3769,#3878,#5683,.T.);
#5683 = LINE('',#5684,#5685);
#5684 = CARTESIAN_POINT('',(-2.710253189502,-0.84,0.));
#5685 = VECTOR('',#5686,1.);
#5686 = DIRECTION('',(1.144237745222E-17,1.,0.));
#5687 = ORIENTED_EDGE('',*,*,#3886,.T.);
#5688 = ORIENTED_EDGE('',*,*,#5665,.F.);
#5689 = ORIENTED_EDGE('',*,*,#3777,.F.);
#5690 = PLANE('',#5691);
#5691 = AXIS2_PLACEMENT_3D('',#5692,#5693,#5694);
#5692 = CARTESIAN_POINT('',(-2.710253189502,-0.84,0.));
#5693 = DIRECTION('',(0.,0.,1.));
#5694 = DIRECTION('',(-1.,1.144237745222E-17,0.));
#5695 = ADVANCED_FACE('',(#5696),#5707,.T.);
#5696 = FACE_BOUND('',#5697,.T.);
#5697 = EDGE_LOOP('',(#5698,#5699,#5700,#5701));
#5698 = ORIENTED_EDGE('',*,*,#3768,.T.);
#5699 = ORIENTED_EDGE('',*,*,#5682,.T.);
#5700 = ORIENTED_EDGE('',*,*,#3877,.F.);
#5701 = ORIENTED_EDGE('',*,*,#5702,.F.);
#5702 = EDGE_CURVE('',#3761,#3870,#5703,.T.);
#5703 = LINE('',#5704,#5705);
#5704 = CARTESIAN_POINT('',(-2.404962786068,-0.84,0.256169064923));
#5705 = VECTOR('',#5706,1.);
#5706 = DIRECTION('',(1.144237745222E-17,1.,0.));
#5707 = CYLINDRICAL_SURFACE('',#5708,0.31);
#5708 = AXIS2_PLACEMENT_3D('',#5709,#5710,#5711);
#5709 = CARTESIAN_POINT('',(-2.710253189502,-0.84,0.31));
#5710 = DIRECTION('',(-1.144237745222E-17,-1.,0.));
#5711 = DIRECTION('',(0.984807753012,-1.126854202784E-17,-0.173648177667
    ));
#5712 = ADVANCED_FACE('',(#5713),#5719,.F.);
#5713 = FACE_BOUND('',#5714,.F.);
#5714 = EDGE_LOOP('',(#5715,#5716,#5717,#5718));
#5715 = ORIENTED_EDGE('',*,*,#3851,.T.);
#5716 = ORIENTED_EDGE('',*,*,#3869,.T.);
#5717 = ORIENTED_EDGE('',*,*,#5702,.F.);
#5718 = ORIENTED_EDGE('',*,*,#3760,.F.);
#5719 = PLANE('',#5720);
#5720 = AXIS2_PLACEMENT_3D('',#5721,#5722,#5723);
#5721 = CARTESIAN_POINT('',(-2.348480775301,-0.84,0.612364817767));
#5722 = DIRECTION('',(-0.987659986114,1.130117835557E-17,0.1566133833));
#5723 = DIRECTION('',(-0.1566133833,1.792029445784E-18,-0.987659986114)
  );
#5724 = ADVANCED_FACE('',(#5725),#5736,.T.);
#5725 = FACE_BOUND('',#5726,.T.);
#5726 = EDGE_LOOP('',(#5727,#5728,#5729,#5730));
#5727 = ORIENTED_EDGE('',*,*,#4041,.T.);
#5728 = ORIENTED_EDGE('',*,*,#5284,.T.);
#5729 = ORIENTED_EDGE('',*,*,#4150,.F.);
#5730 = ORIENTED_EDGE('',*,*,#5731,.F.);
#5731 = EDGE_CURVE('',#4034,#4143,#5732,.T.);
#5732 = LINE('',#5733,#5734);
#5733 = CARTESIAN_POINT('',(-2.555290403434,0.43,0.648830935077));
#5734 = VECTOR('',#5735,1.);
#5735 = DIRECTION('',(1.144237745222E-17,1.,0.));
#5736 = CYLINDRICAL_SURFACE('',#5737,0.31);
#5737 = AXIS2_PLACEMENT_3D('',#5738,#5739,#5740);
#5738 = CARTESIAN_POINT('',(-2.25,0.43,0.595));
#5739 = DIRECTION('',(-1.144237745222E-17,-1.,0.));
#5740 = DIRECTION('',(-0.984807753012,1.126854202784E-17,0.173648177667)
  );
#5741 = ADVANCED_FACE('',(#5742),#5753,.F.);
#5742 = FACE_BOUND('',#5743,.F.);
#5743 = EDGE_LOOP('',(#5744,#5750,#5751,#5752));
#5744 = ORIENTED_EDGE('',*,*,#5745,.T.);
#5745 = EDGE_CURVE('',#4025,#4134,#5746,.T.);
#5746 = LINE('',#5747,#5748);
#5747 = CARTESIAN_POINT('',(-2.611772414201,0.43,0.292635182233));
#5748 = VECTOR('',#5749,1.);
#5749 = DIRECTION('',(1.144237745222E-17,1.,0.));
#5750 = ORIENTED_EDGE('',*,*,#4142,.T.);
#5751 = ORIENTED_EDGE('',*,*,#5731,.F.);
#5752 = ORIENTED_EDGE('',*,*,#4033,.F.);
#5753 = PLANE('',#5754);
#5754 = AXIS2_PLACEMENT_3D('',#5755,#5756,#5757);
#5755 = CARTESIAN_POINT('',(-2.611772414201,0.43,0.292635182233));
#5756 = DIRECTION('',(0.987659986114,-1.130117835557E-17,-0.1566133833)
  );
#5757 = DIRECTION('',(0.1566133833,-1.792029445784E-18,0.987659986114));
#5758 = ADVANCED_FACE('',(#5759),#5770,.F.);
#5759 = FACE_BOUND('',#5760,.F.);
#5760 = EDGE_LOOP('',(#5761,#5767,#5768,#5769));
#5761 = ORIENTED_EDGE('',*,*,#5762,.T.);
#5762 = EDGE_CURVE('',#4017,#4126,#5763,.T.);
#5763 = LINE('',#5764,#5765);
#5764 = CARTESIAN_POINT('',(-2.710253189502,0.43,0.21));
#5765 = VECTOR('',#5766,1.);
#5766 = DIRECTION('',(1.144237745222E-17,1.,0.));
#5767 = ORIENTED_EDGE('',*,*,#4133,.T.);
#5768 = ORIENTED_EDGE('',*,*,#5745,.F.);
#5769 = ORIENTED_EDGE('',*,*,#4024,.F.);
#5770 = CYLINDRICAL_SURFACE('',#5771,0.1);
#5771 = AXIS2_PLACEMENT_3D('',#5772,#5773,#5774);
#5772 = CARTESIAN_POINT('',(-2.710253189502,0.43,0.31));
#5773 = DIRECTION('',(-1.144237745222E-17,-1.,0.));
#5774 = DIRECTION('',(-4.440892098501E-15,5.081436361563E-32,-1.));
#5775 = ADVANCED_FACE('',(#5776),#5787,.F.);
#5776 = FACE_BOUND('',#5777,.F.);
#5777 = EDGE_LOOP('',(#5778,#5784,#5785,#5786));
#5778 = ORIENTED_EDGE('',*,*,#5779,.T.);
#5779 = EDGE_CURVE('',#4009,#4118,#5780,.T.);
#5780 = LINE('',#5781,#5782);
#5781 = CARTESIAN_POINT('',(-3.,0.43,0.21));
#5782 = VECTOR('',#5783,1.);
#5783 = DIRECTION('',(1.144237745222E-17,1.,0.));
#5784 = ORIENTED_EDGE('',*,*,#4125,.T.);
#5785 = ORIENTED_EDGE('',*,*,#5762,.F.);
#5786 = ORIENTED_EDGE('',*,*,#4016,.F.);
#5787 = PLANE('',#5788);
#5788 = AXIS2_PLACEMENT_3D('',#5789,#5790,#5791);
#5789 = CARTESIAN_POINT('',(-3.,0.43,0.21));
#5790 = DIRECTION('',(0.,0.,-1.));
#5791 = DIRECTION('',(1.,-1.144237745222E-17,0.));
#5792 = ADVANCED_FACE('',(#5793),#5804,.F.);
#5793 = FACE_BOUND('',#5794,.F.);
#5794 = EDGE_LOOP('',(#5795,#5801,#5802,#5803));
#5795 = ORIENTED_EDGE('',*,*,#5796,.T.);
#5796 = EDGE_CURVE('',#4001,#4110,#5797,.T.);
#5797 = LINE('',#5798,#5799);
#5798 = CARTESIAN_POINT('',(-3.,0.43,0.));
#5799 = VECTOR('',#5800,1.);
#5800 = DIRECTION('',(1.144237745222E-17,1.,0.));
#5801 = ORIENTED_EDGE('',*,*,#4117,.T.);
#5802 = ORIENTED_EDGE('',*,*,#5779,.F.);
#5803 = ORIENTED_EDGE('',*,*,#4008,.F.);
#5804 = PLANE('',#5805);
#5805 = AXIS2_PLACEMENT_3D('',#5806,#5807,#5808);
#5806 = CARTESIAN_POINT('',(-3.,0.43,0.));
#5807 = DIRECTION('',(1.,-1.144237745222E-17,0.));
#5808 = DIRECTION('',(0.,0.,1.));
#5809 = ADVANCED_FACE('',(#5810),#5821,.F.);
#5810 = FACE_BOUND('',#5811,.F.);
#5811 = EDGE_LOOP('',(#5812,#5818,#5819,#5820));
#5812 = ORIENTED_EDGE('',*,*,#5813,.T.);
#5813 = EDGE_CURVE('',#3992,#4101,#5814,.T.);
#5814 = LINE('',#5815,#5816);
#5815 = CARTESIAN_POINT('',(-2.710253189502,0.43,0.));
#5816 = VECTOR('',#5817,1.);
#5817 = DIRECTION('',(1.144237745222E-17,1.,0.));
#5818 = ORIENTED_EDGE('',*,*,#4109,.T.);
#5819 = ORIENTED_EDGE('',*,*,#5796,.F.);
#5820 = ORIENTED_EDGE('',*,*,#4000,.F.);
#5821 = PLANE('',#5822);
#5822 = AXIS2_PLACEMENT_3D('',#5823,#5824,#5825);
#5823 = CARTESIAN_POINT('',(-2.710253189502,0.43,0.));
#5824 = DIRECTION('',(0.,0.,1.));
#5825 = DIRECTION('',(-1.,1.144237745222E-17,0.));
#5826 = ADVANCED_FACE('',(#5827),#5838,.T.);
#5827 = FACE_BOUND('',#5828,.T.);
#5828 = EDGE_LOOP('',(#5829,#5830,#5831,#5832));
#5829 = ORIENTED_EDGE('',*,*,#3991,.T.);
#5830 = ORIENTED_EDGE('',*,*,#5813,.T.);
#5831 = ORIENTED_EDGE('',*,*,#4100,.F.);
#5832 = ORIENTED_EDGE('',*,*,#5833,.F.);
#5833 = EDGE_CURVE('',#3984,#4093,#5834,.T.);
#5834 = LINE('',#5835,#5836);
#5835 = CARTESIAN_POINT('',(-2.404962786068,0.43,0.256169064923));
#5836 = VECTOR('',#5837,1.);
#5837 = DIRECTION('',(1.144237745222E-17,1.,0.));
#5838 = CYLINDRICAL_SURFACE('',#5839,0.31);
#5839 = AXIS2_PLACEMENT_3D('',#5840,#5841,#5842);
#5840 = CARTESIAN_POINT('',(-2.710253189502,0.43,0.31));
#5841 = DIRECTION('',(-1.144237745222E-17,-1.,0.));
#5842 = DIRECTION('',(0.984807753012,-1.126854202784E-17,-0.173648177667
    ));
#5843 = ADVANCED_FACE('',(#5844),#5850,.F.);
#5844 = FACE_BOUND('',#5845,.F.);
#5845 = EDGE_LOOP('',(#5846,#5847,#5848,#5849));
#5846 = ORIENTED_EDGE('',*,*,#4074,.T.);
#5847 = ORIENTED_EDGE('',*,*,#4092,.T.);
#5848 = ORIENTED_EDGE('',*,*,#5833,.F.);
#5849 = ORIENTED_EDGE('',*,*,#3983,.F.);
#5850 = PLANE('',#5851);
#5851 = AXIS2_PLACEMENT_3D('',#5852,#5853,#5854);
#5852 = CARTESIAN_POINT('',(-2.348480775301,0.43,0.612364817767));
#5853 = DIRECTION('',(-0.987659986114,1.130117835557E-17,0.1566133833));
#5854 = DIRECTION('',(-0.1566133833,1.792029445784E-18,-0.987659986114)
  );
#5855 = ADVANCED_FACE('',(#5856),#5867,.F.);
#5856 = FACE_BOUND('',#5857,.F.);
#5857 = EDGE_LOOP('',(#5858,#5864,#5865,#5866));
#5858 = ORIENTED_EDGE('',*,*,#5859,.T.);
#5859 = EDGE_CURVE('',#4243,#4345,#5860,.T.);
#5860 = LINE('',#5861,#5862);
#5861 = CARTESIAN_POINT('',(-2.611772414201,1.7,0.292635182233));
#5862 = VECTOR('',#5863,1.);
#5863 = DIRECTION('',(1.144237745222E-17,1.,0.));
#5864 = ORIENTED_EDGE('',*,*,#4353,.T.);
#5865 = ORIENTED_EDGE('',*,*,#5231,.F.);
#5866 = ORIENTED_EDGE('',*,*,#4251,.F.);
#5867 = PLANE('',#5868);
#5868 = AXIS2_PLACEMENT_3D('',#5869,#5870,#5871);
#5869 = CARTESIAN_POINT('',(-2.611772414201,1.7,0.292635182233));
#5870 = DIRECTION('',(0.987659986114,-1.130117835557E-17,-0.1566133833)
  );
#5871 = DIRECTION('',(0.1566133833,-1.792029445784E-18,0.987659986114));
#5872 = ADVANCED_FACE('',(#5873),#5884,.F.);
#5873 = FACE_BOUND('',#5874,.F.);
#5874 = EDGE_LOOP('',(#5875,#5881,#5882,#5883));
#5875 = ORIENTED_EDGE('',*,*,#5876,.T.);
#5876 = EDGE_CURVE('',#4235,#4337,#5877,.T.);
#5877 = LINE('',#5878,#5879);
#5878 = CARTESIAN_POINT('',(-2.710253189502,1.7,0.21));
#5879 = VECTOR('',#5880,1.);
#5880 = DIRECTION('',(1.144237745222E-17,1.,0.));
#5881 = ORIENTED_EDGE('',*,*,#4344,.T.);
#5882 = ORIENTED_EDGE('',*,*,#5859,.F.);
#5883 = ORIENTED_EDGE('',*,*,#4242,.F.);
#5884 = CYLINDRICAL_SURFACE('',#5885,0.1);
#5885 = AXIS2_PLACEMENT_3D('',#5886,#5887,#5888);
#5886 = CARTESIAN_POINT('',(-2.710253189502,1.7,0.31));
#5887 = DIRECTION('',(-1.144237745222E-17,-1.,0.));
#5888 = DIRECTION('',(-4.440892098501E-15,5.081436361563E-32,-1.));
#5889 = ADVANCED_FACE('',(#5890),#5901,.F.);
#5890 = FACE_BOUND('',#5891,.F.);
#5891 = EDGE_LOOP('',(#5892,#5898,#5899,#5900));
#5892 = ORIENTED_EDGE('',*,*,#5893,.T.);
#5893 = EDGE_CURVE('',#4227,#4329,#5894,.T.);
#5894 = LINE('',#5895,#5896);
#5895 = CARTESIAN_POINT('',(-3.,1.7,0.21));
#5896 = VECTOR('',#5897,1.);
#5897 = DIRECTION('',(1.144237745222E-17,1.,0.));
#5898 = ORIENTED_EDGE('',*,*,#4336,.T.);
#5899 = ORIENTED_EDGE('',*,*,#5876,.F.);
#5900 = ORIENTED_EDGE('',*,*,#4234,.F.);
#5901 = PLANE('',#5902);
#5902 = AXIS2_PLACEMENT_3D('',#5903,#5904,#5905);
#5903 = CARTESIAN_POINT('',(-3.,1.7,0.21));
#5904 = DIRECTION('',(0.,0.,-1.));
#5905 = DIRECTION('',(1.,-1.144237745222E-17,0.));
#5906 = ADVANCED_FACE('',(#5907),#5918,.F.);
#5907 = FACE_BOUND('',#5908,.F.);
#5908 = EDGE_LOOP('',(#5909,#5915,#5916,#5917));
#5909 = ORIENTED_EDGE('',*,*,#5910,.T.);
#5910 = EDGE_CURVE('',#4219,#4321,#5911,.T.);
#5911 = LINE('',#5912,#5913);
#5912 = CARTESIAN_POINT('',(-3.,1.7,0.));
#5913 = VECTOR('',#5914,1.);
#5914 = DIRECTION('',(1.144237745222E-17,1.,0.));
#5915 = ORIENTED_EDGE('',*,*,#4328,.T.);
#5916 = ORIENTED_EDGE('',*,*,#5893,.F.);
#5917 = ORIENTED_EDGE('',*,*,#4226,.F.);
#5918 = PLANE('',#5919);
#5919 = AXIS2_PLACEMENT_3D('',#5920,#5921,#5922);
#5920 = CARTESIAN_POINT('',(-3.,1.7,0.));
#5921 = DIRECTION('',(1.,-1.144237745222E-17,0.));
#5922 = DIRECTION('',(0.,0.,1.));
#5923 = ADVANCED_FACE('',(#5924),#5935,.F.);
#5924 = FACE_BOUND('',#5925,.F.);
#5925 = EDGE_LOOP('',(#5926,#5932,#5933,#5934));
#5926 = ORIENTED_EDGE('',*,*,#5927,.T.);
#5927 = EDGE_CURVE('',#4210,#4312,#5928,.T.);
#5928 = LINE('',#5929,#5930);
#5929 = CARTESIAN_POINT('',(-2.710253189502,1.7,0.));
#5930 = VECTOR('',#5931,1.);
#5931 = DIRECTION('',(1.144237745222E-17,1.,0.));
#5932 = ORIENTED_EDGE('',*,*,#4320,.T.);
#5933 = ORIENTED_EDGE('',*,*,#5910,.F.);
#5934 = ORIENTED_EDGE('',*,*,#4218,.F.);
#5935 = PLANE('',#5936);
#5936 = AXIS2_PLACEMENT_3D('',#5937,#5938,#5939);
#5937 = CARTESIAN_POINT('',(-2.710253189502,1.7,0.));
#5938 = DIRECTION('',(0.,0.,1.));
#5939 = DIRECTION('',(-1.,1.144237745222E-17,0.));
#5940 = ADVANCED_FACE('',(#5941),#5952,.T.);
#5941 = FACE_BOUND('',#5942,.T.);
#5942 = EDGE_LOOP('',(#5943,#5944,#5945,#5946));
#5943 = ORIENTED_EDGE('',*,*,#4209,.T.);
#5944 = ORIENTED_EDGE('',*,*,#5927,.T.);
#5945 = ORIENTED_EDGE('',*,*,#4311,.F.);
#5946 = ORIENTED_EDGE('',*,*,#5947,.F.);
#5947 = EDGE_CURVE('',#4202,#4304,#5948,.T.);
#5948 = LINE('',#5949,#5950);
#5949 = CARTESIAN_POINT('',(-2.404962786068,1.7,0.256169064923));
#5950 = VECTOR('',#5951,1.);
#5951 = DIRECTION('',(1.144237745222E-17,1.,0.));
#5952 = CYLINDRICAL_SURFACE('',#5953,0.31);
#5953 = AXIS2_PLACEMENT_3D('',#5954,#5955,#5956);
#5954 = CARTESIAN_POINT('',(-2.710253189502,1.7,0.31));
#5955 = DIRECTION('',(-1.144237745222E-17,-1.,0.));
#5956 = DIRECTION('',(0.984807753012,-1.126854202784E-17,-0.173648177667
    ));
#5957 = ADVANCED_FACE('',(#5958),#5964,.F.);
#5958 = FACE_BOUND('',#5959,.F.);
#5959 = EDGE_LOOP('',(#5960,#5961,#5962,#5963));
#5960 = ORIENTED_EDGE('',*,*,#4285,.T.);
#5961 = ORIENTED_EDGE('',*,*,#4303,.T.);
#5962 = ORIENTED_EDGE('',*,*,#5947,.F.);
#5963 = ORIENTED_EDGE('',*,*,#4201,.F.);
#5964 = PLANE('',#5965);
#5965 = AXIS2_PLACEMENT_3D('',#5966,#5967,#5968);
#5966 = CARTESIAN_POINT('',(-2.348480775301,1.7,0.612364817767));
#5967 = DIRECTION('',(-0.987659986114,1.130117835557E-17,0.1566133833));
#5968 = DIRECTION('',(-0.1566133833,1.792029445784E-18,-0.987659986114)
  );
#5969 = ADVANCED_FACE('',(#5970),#5981,.F.);
#5970 = FACE_BOUND('',#5971,.F.);
#5971 = EDGE_LOOP('',(#5972,#5978,#5979,#5980));
#5972 = ORIENTED_EDGE('',*,*,#5973,.T.);
#5973 = EDGE_CURVE('',#4430,#4532,#5974,.T.);
#5974 = LINE('',#5975,#5976);
#5975 = CARTESIAN_POINT('',(2.611772414201,2.11,0.292635182233));
#5976 = VECTOR('',#5977,1.);
#5977 = DIRECTION('',(1.110223024625E-16,-1.,0.));
#5978 = ORIENTED_EDGE('',*,*,#4540,.T.);
#5979 = ORIENTED_EDGE('',*,*,#5440,.F.);
#5980 = ORIENTED_EDGE('',*,*,#4438,.F.);
#5981 = PLANE('',#5982);
#5982 = AXIS2_PLACEMENT_3D('',#5983,#5984,#5985);
#5983 = CARTESIAN_POINT('',(2.611772414201,2.11,0.292635182233));
#5984 = DIRECTION('',(-0.987659986114,-1.096522857085E-16,-0.1566133833)
  );
#5985 = DIRECTION('',(-0.1566133833,-1.738757841037E-17,0.987659986114)
  );
#5986 = ADVANCED_FACE('',(#5987),#5998,.F.);
#5987 = FACE_BOUND('',#5988,.F.);
#5988 = EDGE_LOOP('',(#5989,#5995,#5996,#5997));
#5989 = ORIENTED_EDGE('',*,*,#5990,.T.);
#5990 = EDGE_CURVE('',#4422,#4524,#5991,.T.);
#5991 = LINE('',#5992,#5993);
#5992 = CARTESIAN_POINT('',(2.710253189502,2.11,0.21));
#5993 = VECTOR('',#5994,1.);
#5994 = DIRECTION('',(1.110223024625E-16,-1.,0.));
#5995 = ORIENTED_EDGE('',*,*,#4531,.T.);
#5996 = ORIENTED_EDGE('',*,*,#5973,.F.);
#5997 = ORIENTED_EDGE('',*,*,#4429,.F.);
#5998 = CYLINDRICAL_SURFACE('',#5999,0.1);
#5999 = AXIS2_PLACEMENT_3D('',#6000,#6001,#6002);
#6000 = CARTESIAN_POINT('',(2.710253189502,2.11,0.31));
#6001 = DIRECTION('',(-1.110223024625E-16,1.,0.));
#6002 = DIRECTION('',(4.440892098501E-15,4.930380657631E-31,-1.));
#6003 = ADVANCED_FACE('',(#6004),#6015,.F.);
#6004 = FACE_BOUND('',#6005,.F.);
#6005 = EDGE_LOOP('',(#6006,#6012,#6013,#6014));
#6006 = ORIENTED_EDGE('',*,*,#6007,.T.);
#6007 = EDGE_CURVE('',#4414,#4516,#6008,.T.);
#6008 = LINE('',#6009,#6010);
#6009 = CARTESIAN_POINT('',(3.,2.11,0.21));
#6010 = VECTOR('',#6011,1.);
#6011 = DIRECTION('',(1.110223024625E-16,-1.,0.));
#6012 = ORIENTED_EDGE('',*,*,#4523,.T.);
#6013 = ORIENTED_EDGE('',*,*,#5990,.F.);
#6014 = ORIENTED_EDGE('',*,*,#4421,.F.);
#6015 = PLANE('',#6016);
#6016 = AXIS2_PLACEMENT_3D('',#6017,#6018,#6019);
#6017 = CARTESIAN_POINT('',(3.,2.11,0.21));
#6018 = DIRECTION('',(0.,0.,-1.));
#6019 = DIRECTION('',(-1.,-1.110223024625E-16,-0.));
#6020 = ADVANCED_FACE('',(#6021),#6032,.F.);
#6021 = FACE_BOUND('',#6022,.F.);
#6022 = EDGE_LOOP('',(#6023,#6029,#6030,#6031));
#6023 = ORIENTED_EDGE('',*,*,#6024,.T.);
#6024 = EDGE_CURVE('',#4406,#4508,#6025,.T.);
#6025 = LINE('',#6026,#6027);
#6026 = CARTESIAN_POINT('',(3.,2.11,0.));
#6027 = VECTOR('',#6028,1.);
#6028 = DIRECTION('',(1.110223024625E-16,-1.,0.));
#6029 = ORIENTED_EDGE('',*,*,#4515,.T.);
#6030 = ORIENTED_EDGE('',*,*,#6007,.F.);
#6031 = ORIENTED_EDGE('',*,*,#4413,.F.);
#6032 = PLANE('',#6033);
#6033 = AXIS2_PLACEMENT_3D('',#6034,#6035,#6036);
#6034 = CARTESIAN_POINT('',(3.,2.11,0.));
#6035 = DIRECTION('',(-1.,-1.110223024625E-16,0.));
#6036 = DIRECTION('',(0.,0.,1.));
#6037 = ADVANCED_FACE('',(#6038),#6049,.F.);
#6038 = FACE_BOUND('',#6039,.F.);
#6039 = EDGE_LOOP('',(#6040,#6046,#6047,#6048));
#6040 = ORIENTED_EDGE('',*,*,#6041,.T.);
#6041 = EDGE_CURVE('',#4397,#4499,#6042,.T.);
#6042 = LINE('',#6043,#6044);
#6043 = CARTESIAN_POINT('',(2.710253189502,2.11,0.));
#6044 = VECTOR('',#6045,1.);
#6045 = DIRECTION('',(1.110223024625E-16,-1.,0.));
#6046 = ORIENTED_EDGE('',*,*,#4507,.T.);
#6047 = ORIENTED_EDGE('',*,*,#6024,.F.);
#6048 = ORIENTED_EDGE('',*,*,#4405,.F.);
#6049 = PLANE('',#6050);
#6050 = AXIS2_PLACEMENT_3D('',#6051,#6052,#6053);
#6051 = CARTESIAN_POINT('',(2.710253189502,2.11,0.));
#6052 = DIRECTION('',(0.,0.,1.));
#6053 = DIRECTION('',(1.,1.110223024625E-16,-0.));
#6054 = ADVANCED_FACE('',(#6055),#6066,.T.);
#6055 = FACE_BOUND('',#6056,.T.);
#6056 = EDGE_LOOP('',(#6057,#6058,#6059,#6060));
#6057 = ORIENTED_EDGE('',*,*,#4396,.T.);
#6058 = ORIENTED_EDGE('',*,*,#6041,.T.);
#6059 = ORIENTED_EDGE('',*,*,#4498,.F.);
#6060 = ORIENTED_EDGE('',*,*,#6061,.F.);
#6061 = EDGE_CURVE('',#4389,#4491,#6062,.T.);
#6062 = LINE('',#6063,#6064);
#6063 = CARTESIAN_POINT('',(2.404962786068,2.11,0.256169064923));
#6064 = VECTOR('',#6065,1.);
#6065 = DIRECTION('',(1.110223024625E-16,-1.,0.));
#6066 = CYLINDRICAL_SURFACE('',#6067,0.31);
#6067 = AXIS2_PLACEMENT_3D('',#6068,#6069,#6070);
#6068 = CARTESIAN_POINT('',(2.710253189502,2.11,0.31));
#6069 = DIRECTION('',(-1.110223024625E-16,1.,0.));
#6070 = DIRECTION('',(-0.984807753012,-1.093356242223E-16,
    -0.173648177667));
#6071 = ADVANCED_FACE('',(#6072),#6078,.F.);
#6072 = FACE_BOUND('',#6073,.F.);
#6073 = EDGE_LOOP('',(#6074,#6075,#6076,#6077));
#6074 = ORIENTED_EDGE('',*,*,#4472,.T.);
#6075 = ORIENTED_EDGE('',*,*,#4490,.T.);
#6076 = ORIENTED_EDGE('',*,*,#6061,.F.);
#6077 = ORIENTED_EDGE('',*,*,#4388,.F.);
#6078 = PLANE('',#6079);
#6079 = AXIS2_PLACEMENT_3D('',#6080,#6081,#6082);
#6080 = CARTESIAN_POINT('',(2.348480775301,2.11,0.612364817767));
#6081 = DIRECTION('',(0.987659986114,1.096522857085E-16,0.1566133833));
#6082 = DIRECTION('',(0.1566133833,1.738757841037E-17,-0.987659986114));
#6083 = ADVANCED_FACE('',(#6084),#6095,.T.);
#6084 = FACE_BOUND('',#6085,.T.);
#6085 = EDGE_LOOP('',(#6086,#6087,#6088,#6089));
#6086 = ORIENTED_EDGE('',*,*,#4650,.T.);
#6087 = ORIENTED_EDGE('',*,*,#5365,.T.);
#6088 = ORIENTED_EDGE('',*,*,#4759,.F.);
#6089 = ORIENTED_EDGE('',*,*,#6090,.F.);
#6090 = EDGE_CURVE('',#4643,#4752,#6091,.T.);
#6091 = LINE('',#6092,#6093);
#6092 = CARTESIAN_POINT('',(2.555290403434,0.84,0.648830935077));
#6093 = VECTOR('',#6094,1.);
#6094 = DIRECTION('',(1.110223024625E-16,-1.,0.));
#6095 = CYLINDRICAL_SURFACE('',#6096,0.31);
#6096 = AXIS2_PLACEMENT_3D('',#6097,#6098,#6099);
#6097 = CARTESIAN_POINT('',(2.25,0.84,0.595));
#6098 = DIRECTION('',(-1.110223024625E-16,1.,0.));
#6099 = DIRECTION('',(0.984807753012,1.093356242223E-16,0.173648177667)
  );
#6100 = ADVANCED_FACE('',(#6101),#6112,.F.);
#6101 = FACE_BOUND('',#6102,.F.);
#6102 = EDGE_LOOP('',(#6103,#6109,#6110,#6111));
#6103 = ORIENTED_EDGE('',*,*,#6104,.T.);
#6104 = EDGE_CURVE('',#4634,#4743,#6105,.T.);
#6105 = LINE('',#6106,#6107);
#6106 = CARTESIAN_POINT('',(2.611772414201,0.84,0.292635182233));
#6107 = VECTOR('',#6108,1.);
#6108 = DIRECTION('',(1.110223024625E-16,-1.,0.));
#6109 = ORIENTED_EDGE('',*,*,#4751,.T.);
#6110 = ORIENTED_EDGE('',*,*,#6090,.F.);
#6111 = ORIENTED_EDGE('',*,*,#4642,.F.);
#6112 = PLANE('',#6113);
#6113 = AXIS2_PLACEMENT_3D('',#6114,#6115,#6116);
#6114 = CARTESIAN_POINT('',(2.611772414201,0.84,0.292635182233));
#6115 = DIRECTION('',(-0.987659986114,-1.096522857085E-16,-0.1566133833)
  );
#6116 = DIRECTION('',(-0.1566133833,-1.738757841037E-17,0.987659986114)
  );
#6117 = ADVANCED_FACE('',(#6118),#6129,.F.);
#6118 = FACE_BOUND('',#6119,.F.);
#6119 = EDGE_LOOP('',(#6120,#6126,#6127,#6128));
#6120 = ORIENTED_EDGE('',*,*,#6121,.T.);
#6121 = EDGE_CURVE('',#4626,#4735,#6122,.T.);
#6122 = LINE('',#6123,#6124);
#6123 = CARTESIAN_POINT('',(2.710253189502,0.84,0.21));
#6124 = VECTOR('',#6125,1.);
#6125 = DIRECTION('',(1.110223024625E-16,-1.,0.));
#6126 = ORIENTED_EDGE('',*,*,#4742,.T.);
#6127 = ORIENTED_EDGE('',*,*,#6104,.F.);
#6128 = ORIENTED_EDGE('',*,*,#4633,.F.);
#6129 = CYLINDRICAL_SURFACE('',#6130,0.1);
#6130 = AXIS2_PLACEMENT_3D('',#6131,#6132,#6133);
#6131 = CARTESIAN_POINT('',(2.710253189502,0.84,0.31));
#6132 = DIRECTION('',(-1.110223024625E-16,1.,0.));
#6133 = DIRECTION('',(4.440892098501E-15,4.930380657631E-31,-1.));
#6134 = ADVANCED_FACE('',(#6135),#6146,.F.);
#6135 = FACE_BOUND('',#6136,.F.);
#6136 = EDGE_LOOP('',(#6137,#6143,#6144,#6145));
#6137 = ORIENTED_EDGE('',*,*,#6138,.T.);
#6138 = EDGE_CURVE('',#4618,#4727,#6139,.T.);
#6139 = LINE('',#6140,#6141);
#6140 = CARTESIAN_POINT('',(3.,0.84,0.21));
#6141 = VECTOR('',#6142,1.);
#6142 = DIRECTION('',(1.110223024625E-16,-1.,0.));
#6143 = ORIENTED_EDGE('',*,*,#4734,.T.);
#6144 = ORIENTED_EDGE('',*,*,#6121,.F.);
#6145 = ORIENTED_EDGE('',*,*,#4625,.F.);
#6146 = PLANE('',#6147);
#6147 = AXIS2_PLACEMENT_3D('',#6148,#6149,#6150);
#6148 = CARTESIAN_POINT('',(3.,0.84,0.21));
#6149 = DIRECTION('',(0.,0.,-1.));
#6150 = DIRECTION('',(-1.,-1.110223024625E-16,-0.));
#6151 = ADVANCED_FACE('',(#6152),#6163,.F.);
#6152 = FACE_BOUND('',#6153,.F.);
#6153 = EDGE_LOOP('',(#6154,#6160,#6161,#6162));
#6154 = ORIENTED_EDGE('',*,*,#6155,.T.);
#6155 = EDGE_CURVE('',#4610,#4719,#6156,.T.);
#6156 = LINE('',#6157,#6158);
#6157 = CARTESIAN_POINT('',(3.,0.84,0.));
#6158 = VECTOR('',#6159,1.);
#6159 = DIRECTION('',(1.110223024625E-16,-1.,0.));
#6160 = ORIENTED_EDGE('',*,*,#4726,.T.);
#6161 = ORIENTED_EDGE('',*,*,#6138,.F.);
#6162 = ORIENTED_EDGE('',*,*,#4617,.F.);
#6163 = PLANE('',#6164);
#6164 = AXIS2_PLACEMENT_3D('',#6165,#6166,#6167);
#6165 = CARTESIAN_POINT('',(3.,0.84,0.));
#6166 = DIRECTION('',(-1.,-1.110223024625E-16,0.));
#6167 = DIRECTION('',(0.,0.,1.));
#6168 = ADVANCED_FACE('',(#6169),#6180,.F.);
#6169 = FACE_BOUND('',#6170,.F.);
#6170 = EDGE_LOOP('',(#6171,#6177,#6178,#6179));
#6171 = ORIENTED_EDGE('',*,*,#6172,.T.);
#6172 = EDGE_CURVE('',#4601,#4710,#6173,.T.);
#6173 = LINE('',#6174,#6175);
#6174 = CARTESIAN_POINT('',(2.710253189502,0.84,0.));
#6175 = VECTOR('',#6176,1.);
#6176 = DIRECTION('',(1.110223024625E-16,-1.,0.));
#6177 = ORIENTED_EDGE('',*,*,#4718,.T.);
#6178 = ORIENTED_EDGE('',*,*,#6155,.F.);
#6179 = ORIENTED_EDGE('',*,*,#4609,.F.);
#6180 = PLANE('',#6181);
#6181 = AXIS2_PLACEMENT_3D('',#6182,#6183,#6184);
#6182 = CARTESIAN_POINT('',(2.710253189502,0.84,0.));
#6183 = DIRECTION('',(0.,0.,1.));
#6184 = DIRECTION('',(1.,1.110223024625E-16,-0.));
#6185 = ADVANCED_FACE('',(#6186),#6197,.T.);
#6186 = FACE_BOUND('',#6187,.T.);
#6187 = EDGE_LOOP('',(#6188,#6189,#6190,#6191));
#6188 = ORIENTED_EDGE('',*,*,#4600,.T.);
#6189 = ORIENTED_EDGE('',*,*,#6172,.T.);
#6190 = ORIENTED_EDGE('',*,*,#4709,.F.);
#6191 = ORIENTED_EDGE('',*,*,#6192,.F.);
#6192 = EDGE_CURVE('',#4593,#4702,#6193,.T.);
#6193 = LINE('',#6194,#6195);
#6194 = CARTESIAN_POINT('',(2.404962786068,0.84,0.256169064923));
#6195 = VECTOR('',#6196,1.);
#6196 = DIRECTION('',(1.110223024625E-16,-1.,0.));
#6197 = CYLINDRICAL_SURFACE('',#6198,0.31);
#6198 = AXIS2_PLACEMENT_3D('',#6199,#6200,#6201);
#6199 = CARTESIAN_POINT('',(2.710253189502,0.84,0.31));
#6200 = DIRECTION('',(-1.110223024625E-16,1.,0.));
#6201 = DIRECTION('',(-0.984807753012,-1.093356242223E-16,
    -0.173648177667));
#6202 = ADVANCED_FACE('',(#6203),#6209,.F.);
#6203 = FACE_BOUND('',#6204,.F.);
#6204 = EDGE_LOOP('',(#6205,#6206,#6207,#6208));
#6205 = ORIENTED_EDGE('',*,*,#4683,.T.);
#6206 = ORIENTED_EDGE('',*,*,#4701,.T.);
#6207 = ORIENTED_EDGE('',*,*,#6192,.F.);
#6208 = ORIENTED_EDGE('',*,*,#4592,.F.);
#6209 = PLANE('',#6210);
#6210 = AXIS2_PLACEMENT_3D('',#6211,#6212,#6213);
#6211 = CARTESIAN_POINT('',(2.348480775301,0.84,0.612364817767));
#6212 = DIRECTION('',(0.987659986114,1.096522857085E-16,0.1566133833));
#6213 = DIRECTION('',(0.1566133833,1.738757841037E-17,-0.987659986114));
#6214 = ADVANCED_FACE('',(#6215),#6226,.T.);
#6215 = FACE_BOUND('',#6216,.T.);
#6216 = EDGE_LOOP('',(#6217,#6218,#6219,#6220));
#6217 = ORIENTED_EDGE('',*,*,#4873,.T.);
#6218 = ORIENTED_EDGE('',*,*,#5384,.T.);
#6219 = ORIENTED_EDGE('',*,*,#4982,.F.);
#6220 = ORIENTED_EDGE('',*,*,#6221,.F.);
#6221 = EDGE_CURVE('',#4866,#4975,#6222,.T.);
#6222 = LINE('',#6223,#6224);
#6223 = CARTESIAN_POINT('',(2.555290403434,-0.43,0.648830935077));
#6224 = VECTOR('',#6225,1.);
#6225 = DIRECTION('',(1.110223024625E-16,-1.,0.));
#6226 = CYLINDRICAL_SURFACE('',#6227,0.31);
#6227 = AXIS2_PLACEMENT_3D('',#6228,#6229,#6230);
#6228 = CARTESIAN_POINT('',(2.25,-0.43,0.595));
#6229 = DIRECTION('',(-1.110223024625E-16,1.,0.));
#6230 = DIRECTION('',(0.984807753012,1.093356242223E-16,0.173648177667)
  );
#6231 = ADVANCED_FACE('',(#6232),#6243,.F.);
#6232 = FACE_BOUND('',#6233,.F.);
#6233 = EDGE_LOOP('',(#6234,#6240,#6241,#6242));
#6234 = ORIENTED_EDGE('',*,*,#6235,.T.);
#6235 = EDGE_CURVE('',#4857,#4966,#6236,.T.);
#6236 = LINE('',#6237,#6238);
#6237 = CARTESIAN_POINT('',(2.611772414201,-0.43,0.292635182233));
#6238 = VECTOR('',#6239,1.);
#6239 = DIRECTION('',(1.110223024625E-16,-1.,0.));
#6240 = ORIENTED_EDGE('',*,*,#4974,.T.);
#6241 = ORIENTED_EDGE('',*,*,#6221,.F.);
#6242 = ORIENTED_EDGE('',*,*,#4865,.F.);
#6243 = PLANE('',#6244);
#6244 = AXIS2_PLACEMENT_3D('',#6245,#6246,#6247);
#6245 = CARTESIAN_POINT('',(2.611772414201,-0.43,0.292635182233));
#6246 = DIRECTION('',(-0.987659986114,-1.096522857085E-16,-0.1566133833)
  );
#6247 = DIRECTION('',(-0.1566133833,-1.738757841037E-17,0.987659986114)
  );
#6248 = ADVANCED_FACE('',(#6249),#6260,.F.);
#6249 = FACE_BOUND('',#6250,.F.);
#6250 = EDGE_LOOP('',(#6251,#6257,#6258,#6259));
#6251 = ORIENTED_EDGE('',*,*,#6252,.T.);
#6252 = EDGE_CURVE('',#4849,#4958,#6253,.T.);
#6253 = LINE('',#6254,#6255);
#6254 = CARTESIAN_POINT('',(2.710253189502,-0.43,0.21));
#6255 = VECTOR('',#6256,1.);
#6256 = DIRECTION('',(1.110223024625E-16,-1.,0.));
#6257 = ORIENTED_EDGE('',*,*,#4965,.T.);
#6258 = ORIENTED_EDGE('',*,*,#6235,.F.);
#6259 = ORIENTED_EDGE('',*,*,#4856,.F.);
#6260 = CYLINDRICAL_SURFACE('',#6261,0.1);
#6261 = AXIS2_PLACEMENT_3D('',#6262,#6263,#6264);
#6262 = CARTESIAN_POINT('',(2.710253189502,-0.43,0.31));
#6263 = DIRECTION('',(-1.110223024625E-16,1.,0.));
#6264 = DIRECTION('',(4.440892098501E-15,4.930380657631E-31,-1.));
#6265 = ADVANCED_FACE('',(#6266),#6277,.F.);
#6266 = FACE_BOUND('',#6267,.F.);
#6267 = EDGE_LOOP('',(#6268,#6274,#6275,#6276));
#6268 = ORIENTED_EDGE('',*,*,#6269,.T.);
#6269 = EDGE_CURVE('',#4841,#4950,#6270,.T.);
#6270 = LINE('',#6271,#6272);
#6271 = CARTESIAN_POINT('',(3.,-0.43,0.21));
#6272 = VECTOR('',#6273,1.);
#6273 = DIRECTION('',(1.110223024625E-16,-1.,0.));
#6274 = ORIENTED_EDGE('',*,*,#4957,.T.);
#6275 = ORIENTED_EDGE('',*,*,#6252,.F.);
#6276 = ORIENTED_EDGE('',*,*,#4848,.F.);
#6277 = PLANE('',#6278);
#6278 = AXIS2_PLACEMENT_3D('',#6279,#6280,#6281);
#6279 = CARTESIAN_POINT('',(3.,-0.43,0.21));
#6280 = DIRECTION('',(0.,0.,-1.));
#6281 = DIRECTION('',(-1.,-1.110223024625E-16,-0.));
#6282 = ADVANCED_FACE('',(#6283),#6294,.F.);
#6283 = FACE_BOUND('',#6284,.F.);
#6284 = EDGE_LOOP('',(#6285,#6291,#6292,#6293));
#6285 = ORIENTED_EDGE('',*,*,#6286,.T.);
#6286 = EDGE_CURVE('',#4833,#4942,#6287,.T.);
#6287 = LINE('',#6288,#6289);
#6288 = CARTESIAN_POINT('',(3.,-0.43,0.));
#6289 = VECTOR('',#6290,1.);
#6290 = DIRECTION('',(1.110223024625E-16,-1.,0.));
#6291 = ORIENTED_EDGE('',*,*,#4949,.T.);
#6292 = ORIENTED_EDGE('',*,*,#6269,.F.);
#6293 = ORIENTED_EDGE('',*,*,#4840,.F.);
#6294 = PLANE('',#6295);
#6295 = AXIS2_PLACEMENT_3D('',#6296,#6297,#6298);
#6296 = CARTESIAN_POINT('',(3.,-0.43,0.));
#6297 = DIRECTION('',(-1.,-1.110223024625E-16,0.));
#6298 = DIRECTION('',(0.,0.,1.));
#6299 = ADVANCED_FACE('',(#6300),#6311,.F.);
#6300 = FACE_BOUND('',#6301,.F.);
#6301 = EDGE_LOOP('',(#6302,#6308,#6309,#6310));
#6302 = ORIENTED_EDGE('',*,*,#6303,.T.);
#6303 = EDGE_CURVE('',#4824,#4933,#6304,.T.);
#6304 = LINE('',#6305,#6306);
#6305 = CARTESIAN_POINT('',(2.710253189502,-0.43,0.));
#6306 = VECTOR('',#6307,1.);
#6307 = DIRECTION('',(1.110223024625E-16,-1.,0.));
#6308 = ORIENTED_EDGE('',*,*,#4941,.T.);
#6309 = ORIENTED_EDGE('',*,*,#6286,.F.);
#6310 = ORIENTED_EDGE('',*,*,#4832,.F.);
#6311 = PLANE('',#6312);
#6312 = AXIS2_PLACEMENT_3D('',#6313,#6314,#6315);
#6313 = CARTESIAN_POINT('',(2.710253189502,-0.43,0.));
#6314 = DIRECTION('',(0.,0.,1.));
#6315 = DIRECTION('',(1.,1.110223024625E-16,-0.));
#6316 = ADVANCED_FACE('',(#6317),#6328,.T.);
#6317 = FACE_BOUND('',#6318,.T.);
#6318 = EDGE_LOOP('',(#6319,#6320,#6321,#6322));
#6319 = ORIENTED_EDGE('',*,*,#4823,.T.);
#6320 = ORIENTED_EDGE('',*,*,#6303,.T.);
#6321 = ORIENTED_EDGE('',*,*,#4932,.F.);
#6322 = ORIENTED_EDGE('',*,*,#6323,.F.);
#6323 = EDGE_CURVE('',#4816,#4925,#6324,.T.);
#6324 = LINE('',#6325,#6326);
#6325 = CARTESIAN_POINT('',(2.404962786068,-0.43,0.256169064923));
#6326 = VECTOR('',#6327,1.);
#6327 = DIRECTION('',(1.110223024625E-16,-1.,0.));
#6328 = CYLINDRICAL_SURFACE('',#6329,0.31);
#6329 = AXIS2_PLACEMENT_3D('',#6330,#6331,#6332);
#6330 = CARTESIAN_POINT('',(2.710253189502,-0.43,0.31));
#6331 = DIRECTION('',(-1.110223024625E-16,1.,0.));
#6332 = DIRECTION('',(-0.984807753012,-1.093356242223E-16,
    -0.173648177667));
#6333 = ADVANCED_FACE('',(#6334),#6340,.F.);
#6334 = FACE_BOUND('',#6335,.F.);
#6335 = EDGE_LOOP('',(#6336,#6337,#6338,#6339));
#6336 = ORIENTED_EDGE('',*,*,#4906,.T.);
#6337 = ORIENTED_EDGE('',*,*,#4924,.T.);
#6338 = ORIENTED_EDGE('',*,*,#6323,.F.);
#6339 = ORIENTED_EDGE('',*,*,#4815,.F.);
#6340 = PLANE('',#6341);
#6341 = AXIS2_PLACEMENT_3D('',#6342,#6343,#6344);
#6342 = CARTESIAN_POINT('',(2.348480775301,-0.43,0.612364817767));
#6343 = DIRECTION('',(0.987659986114,1.096522857085E-16,0.1566133833));
#6344 = DIRECTION('',(0.1566133833,1.738757841037E-17,-0.987659986114));
#6345 = ADVANCED_FACE('',(#6346),#6357,.T.);
#6346 = FACE_BOUND('',#6347,.T.);
#6347 = EDGE_LOOP('',(#6348,#6349,#6350,#6351));
#6348 = ORIENTED_EDGE('',*,*,#5096,.T.);
#6349 = ORIENTED_EDGE('',*,*,#5403,.T.);
#6350 = ORIENTED_EDGE('',*,*,#5205,.F.);
#6351 = ORIENTED_EDGE('',*,*,#6352,.F.);
#6352 = EDGE_CURVE('',#5089,#5198,#6353,.T.);
#6353 = LINE('',#6354,#6355);
#6354 = CARTESIAN_POINT('',(2.555290403434,-1.7,0.648830935077));
#6355 = VECTOR('',#6356,1.);
#6356 = DIRECTION('',(1.110223024625E-16,-1.,0.));
#6357 = CYLINDRICAL_SURFACE('',#6358,0.31);
#6358 = AXIS2_PLACEMENT_3D('',#6359,#6360,#6361);
#6359 = CARTESIAN_POINT('',(2.25,-1.7,0.595));
#6360 = DIRECTION('',(-1.110223024625E-16,1.,0.));
#6361 = DIRECTION('',(0.984807753012,1.093356242223E-16,0.173648177667)
  );
#6362 = ADVANCED_FACE('',(#6363),#6374,.F.);
#6363 = FACE_BOUND('',#6364,.F.);
#6364 = EDGE_LOOP('',(#6365,#6371,#6372,#6373));
#6365 = ORIENTED_EDGE('',*,*,#6366,.T.);
#6366 = EDGE_CURVE('',#5080,#5189,#6367,.T.);
#6367 = LINE('',#6368,#6369);
#6368 = CARTESIAN_POINT('',(2.611772414201,-1.7,0.292635182233));
#6369 = VECTOR('',#6370,1.);
#6370 = DIRECTION('',(1.110223024625E-16,-1.,0.));
#6371 = ORIENTED_EDGE('',*,*,#5197,.T.);
#6372 = ORIENTED_EDGE('',*,*,#6352,.F.);
#6373 = ORIENTED_EDGE('',*,*,#5088,.F.);
#6374 = PLANE('',#6375);
#6375 = AXIS2_PLACEMENT_3D('',#6376,#6377,#6378);
#6376 = CARTESIAN_POINT('',(2.611772414201,-1.7,0.292635182233));
#6377 = DIRECTION('',(-0.987659986114,-1.096522857085E-16,-0.1566133833)
  );
#6378 = DIRECTION('',(-0.1566133833,-1.738757841037E-17,0.987659986114)
  );
#6379 = ADVANCED_FACE('',(#6380),#6391,.F.);
#6380 = FACE_BOUND('',#6381,.F.);
#6381 = EDGE_LOOP('',(#6382,#6388,#6389,#6390));
#6382 = ORIENTED_EDGE('',*,*,#6383,.T.);
#6383 = EDGE_CURVE('',#5072,#5181,#6384,.T.);
#6384 = LINE('',#6385,#6386);
#6385 = CARTESIAN_POINT('',(2.710253189502,-1.7,0.21));
#6386 = VECTOR('',#6387,1.);
#6387 = DIRECTION('',(1.110223024625E-16,-1.,0.));
#6388 = ORIENTED_EDGE('',*,*,#5188,.T.);
#6389 = ORIENTED_EDGE('',*,*,#6366,.F.);
#6390 = ORIENTED_EDGE('',*,*,#5079,.F.);
#6391 = CYLINDRICAL_SURFACE('',#6392,0.1);
#6392 = AXIS2_PLACEMENT_3D('',#6393,#6394,#6395);
#6393 = CARTESIAN_POINT('',(2.710253189502,-1.7,0.31));
#6394 = DIRECTION('',(-1.110223024625E-16,1.,0.));
#6395 = DIRECTION('',(4.440892098501E-15,4.930380657631E-31,-1.));
#6396 = ADVANCED_FACE('',(#6397),#6408,.F.);
#6397 = FACE_BOUND('',#6398,.F.);
#6398 = EDGE_LOOP('',(#6399,#6405,#6406,#6407));
#6399 = ORIENTED_EDGE('',*,*,#6400,.T.);
#6400 = EDGE_CURVE('',#5064,#5173,#6401,.T.);
#6401 = LINE('',#6402,#6403);
#6402 = CARTESIAN_POINT('',(3.,-1.7,0.21));
#6403 = VECTOR('',#6404,1.);
#6404 = DIRECTION('',(1.110223024625E-16,-1.,0.));
#6405 = ORIENTED_EDGE('',*,*,#5180,.T.);
#6406 = ORIENTED_EDGE('',*,*,#6383,.F.);
#6407 = ORIENTED_EDGE('',*,*,#5071,.F.);
#6408 = PLANE('',#6409);
#6409 = AXIS2_PLACEMENT_3D('',#6410,#6411,#6412);
#6410 = CARTESIAN_POINT('',(3.,-1.7,0.21));
#6411 = DIRECTION('',(0.,0.,-1.));
#6412 = DIRECTION('',(-1.,-1.110223024625E-16,-0.));
#6413 = ADVANCED_FACE('',(#6414),#6425,.F.);
#6414 = FACE_BOUND('',#6415,.F.);
#6415 = EDGE_LOOP('',(#6416,#6422,#6423,#6424));
#6416 = ORIENTED_EDGE('',*,*,#6417,.T.);
#6417 = EDGE_CURVE('',#5056,#5165,#6418,.T.);
#6418 = LINE('',#6419,#6420);
#6419 = CARTESIAN_POINT('',(3.,-1.7,0.));
#6420 = VECTOR('',#6421,1.);
#6421 = DIRECTION('',(1.110223024625E-16,-1.,0.));
#6422 = ORIENTED_EDGE('',*,*,#5172,.T.);
#6423 = ORIENTED_EDGE('',*,*,#6400,.F.);
#6424 = ORIENTED_EDGE('',*,*,#5063,.F.);
#6425 = PLANE('',#6426);
#6426 = AXIS2_PLACEMENT_3D('',#6427,#6428,#6429);
#6427 = CARTESIAN_POINT('',(3.,-1.7,0.));
#6428 = DIRECTION('',(-1.,-1.110223024625E-16,0.));
#6429 = DIRECTION('',(0.,0.,1.));
#6430 = ADVANCED_FACE('',(#6431),#6442,.F.);
#6431 = FACE_BOUND('',#6432,.F.);
#6432 = EDGE_LOOP('',(#6433,#6439,#6440,#6441));
#6433 = ORIENTED_EDGE('',*,*,#6434,.T.);
#6434 = EDGE_CURVE('',#5047,#5156,#6435,.T.);
#6435 = LINE('',#6436,#6437);
#6436 = CARTESIAN_POINT('',(2.710253189502,-1.7,0.));
#6437 = VECTOR('',#6438,1.);
#6438 = DIRECTION('',(1.110223024625E-16,-1.,0.));
#6439 = ORIENTED_EDGE('',*,*,#5164,.T.);
#6440 = ORIENTED_EDGE('',*,*,#6417,.F.);
#6441 = ORIENTED_EDGE('',*,*,#5055,.F.);
#6442 = PLANE('',#6443);
#6443 = AXIS2_PLACEMENT_3D('',#6444,#6445,#6446);
#6444 = CARTESIAN_POINT('',(2.710253189502,-1.7,0.));
#6445 = DIRECTION('',(0.,0.,1.));
#6446 = DIRECTION('',(1.,1.110223024625E-16,-0.));
#6447 = ADVANCED_FACE('',(#6448),#6459,.T.);
#6448 = FACE_BOUND('',#6449,.T.);
#6449 = EDGE_LOOP('',(#6450,#6451,#6452,#6453));
#6450 = ORIENTED_EDGE('',*,*,#5046,.T.);
#6451 = ORIENTED_EDGE('',*,*,#6434,.T.);
#6452 = ORIENTED_EDGE('',*,*,#5155,.F.);
#6453 = ORIENTED_EDGE('',*,*,#6454,.F.);
#6454 = EDGE_CURVE('',#5039,#5148,#6455,.T.);
#6455 = LINE('',#6456,#6457);
#6456 = CARTESIAN_POINT('',(2.404962786068,-1.7,0.256169064923));
#6457 = VECTOR('',#6458,1.);
#6458 = DIRECTION('',(1.110223024625E-16,-1.,0.));
#6459 = CYLINDRICAL_SURFACE('',#6460,0.31);
#6460 = AXIS2_PLACEMENT_3D('',#6461,#6462,#6463);
#6461 = CARTESIAN_POINT('',(2.710253189502,-1.7,0.31));
#6462 = DIRECTION('',(-1.110223024625E-16,1.,0.));
#6463 = DIRECTION('',(-0.984807753012,-1.093356242223E-16,
    -0.173648177667));
#6464 = ADVANCED_FACE('',(#6465),#6471,.F.);
#6465 = FACE_BOUND('',#6466,.F.);
#6466 = EDGE_LOOP('',(#6467,#6468,#6469,#6470));
#6467 = ORIENTED_EDGE('',*,*,#5129,.T.);
#6468 = ORIENTED_EDGE('',*,*,#5147,.T.);
#6469 = ORIENTED_EDGE('',*,*,#6454,.F.);
#6470 = ORIENTED_EDGE('',*,*,#5038,.F.);
#6471 = PLANE('',#6472);
#6472 = AXIS2_PLACEMENT_3D('',#6473,#6474,#6475);
#6473 = CARTESIAN_POINT('',(2.348480775301,-1.7,0.612364817767));
#6474 = DIRECTION('',(0.987659986114,1.096522857085E-16,0.1566133833));
#6475 = DIRECTION('',(0.1566133833,1.738757841037E-17,-0.987659986114));
#6476 = ADVANCED_FACE('',(#6477),#6480,.F.);
#6477 = FACE_BOUND('',#6478,.T.);
#6478 = EDGE_LOOP('',(#6479));
#6479 = ORIENTED_EDGE('',*,*,#5331,.F.);
#6480 = PLANE('',#6481);
#6481 = AXIS2_PLACEMENT_3D('',#6482,#6483,#6484);
#6482 = CARTESIAN_POINT('',(-1.197342035991,1.697342035991,1.55));
#6483 = DIRECTION('',(0.,0.,-1.));
#6484 = DIRECTION('',(1.110223024625E-16,-1.,0.));
#6485 = ( GEOMETRIC_REPRESENTATION_CONTEXT(3) 
GLOBAL_UNCERTAINTY_ASSIGNED_CONTEXT((#6489)) 
GLOBAL_UNIT_ASSIGNED_CONTEXT((#6486,#6487,#6488)) REPRESENTATION_CONTEXT
('Context #1','3D Context with UNIT and UNCERTAINTY') );
#6486 = ( LENGTH_UNIT() NAMED_UNIT(*) SI_UNIT(.MILLI.,.METRE.) );
#6487 = ( NAMED_UNIT(*) PLANE_ANGLE_UNIT() SI_UNIT($,.RADIAN.) );
#6488 = ( NAMED_UNIT(*) SI_UNIT($,.STERADIAN.) SOLID_ANGLE_UNIT() );
#6489 = UNCERTAINTY_MEASURE_WITH_UNIT(LENGTH_MEASURE(1.E-07),#6486,
  'distance_accuracy_value','confusion accuracy');
#6490 = CONTEXT_DEPENDENT_SHAPE_REPRESENTATION(#6491,#6493);
#6491 = ( REPRESENTATION_RELATIONSHIP('','',#1872,#10) 
REPRESENTATION_RELATIONSHIP_WITH_TRANSFORMATION(#6492) 
SHAPE_REPRESENTATION_RELATIONSHIP() );
#6492 = ITEM_DEFINED_TRANSFORMATION('','',#11,#31);
#6493 = PRODUCT_DEFINITION_SHAPE('Placement','Placement of an item',
  #6494);
#6494 = NEXT_ASSEMBLY_USAGE_OCCURRENCE('5','U1','',#5,#1867,$);
#6495 = PRODUCT_RELATED_PRODUCT_CATEGORY('part',$,(#1869));
#6496 = SHAPE_DEFINITION_REPRESENTATION(#6497,#6503);
#6497 = PRODUCT_DEFINITION_SHAPE('','',#6498);
#6498 = PRODUCT_DEFINITION('design','',#6499,#6502);
#6499 = PRODUCT_DEFINITION_FORMATION('','',#6500);
#6500 = PRODUCT('R_0603_1608Metric','R_0603_1608Metric','',(#6501));
#6501 = PRODUCT_CONTEXT('',#2,'mechanical');
#6502 = PRODUCT_DEFINITION_CONTEXT('part definition',#2,'design');
#6503 = ADVANCED_BREP_SHAPE_REPRESENTATION('',(#11,#6504),#7294);
#6504 = MANIFOLD_SOLID_BREP('',#6505);
#6505 = CLOSED_SHELL('',(#6506,#6546,#6629,#6654,#6679,#6746,#6763,#6780
    ,#6829,#6846,#6863,#6912,#6929,#6998,#7029,#7053,#7122,#7146,#7163,
    #7180,#7197,#7214,#7231,#7248,#7265,#7282));
#6506 = ADVANCED_FACE('',(#6507),#6541,.F.);
#6507 = FACE_BOUND('',#6508,.F.);
#6508 = EDGE_LOOP('',(#6509,#6519,#6527,#6535));
#6509 = ORIENTED_EDGE('',*,*,#6510,.F.);
#6510 = EDGE_CURVE('',#6511,#6513,#6515,.T.);
#6511 = VERTEX_POINT('',#6512);
#6512 = CARTESIAN_POINT('',(-0.8,-0.4,4.5E-02));
#6513 = VERTEX_POINT('',#6514);
#6514 = CARTESIAN_POINT('',(-0.8,-0.4,0.405));
#6515 = LINE('',#6516,#6517);
#6516 = CARTESIAN_POINT('',(-0.8,-0.4,0.));
#6517 = VECTOR('',#6518,1.);
#6518 = DIRECTION('',(0.,0.,1.));
#6519 = ORIENTED_EDGE('',*,*,#6520,.T.);
#6520 = EDGE_CURVE('',#6511,#6521,#6523,.T.);
#6521 = VERTEX_POINT('',#6522);
#6522 = CARTESIAN_POINT('',(-0.8,0.4,4.5E-02));
#6523 = LINE('',#6524,#6525);
#6524 = CARTESIAN_POINT('',(-0.8,-0.4,4.5E-02));
#6525 = VECTOR('',#6526,1.);
#6526 = DIRECTION('',(0.,1.,0.));
#6527 = ORIENTED_EDGE('',*,*,#6528,.T.);
#6528 = EDGE_CURVE('',#6521,#6529,#6531,.T.);
#6529 = VERTEX_POINT('',#6530);
#6530 = CARTESIAN_POINT('',(-0.8,0.4,0.405));
#6531 = LINE('',#6532,#6533);
#6532 = CARTESIAN_POINT('',(-0.8,0.4,0.));
#6533 = VECTOR('',#6534,1.);
#6534 = DIRECTION('',(0.,0.,1.));
#6535 = ORIENTED_EDGE('',*,*,#6536,.F.);
#6536 = EDGE_CURVE('',#6513,#6529,#6537,.T.);
#6537 = LINE('',#6538,#6539);
#6538 = CARTESIAN_POINT('',(-0.8,-0.4,0.405));
#6539 = VECTOR('',#6540,1.);
#6540 = DIRECTION('',(0.,1.,0.));
#6541 = PLANE('',#6542);
#6542 = AXIS2_PLACEMENT_3D('',#6543,#6544,#6545);
#6543 = CARTESIAN_POINT('',(-0.8,-0.4,0.));
#6544 = DIRECTION('',(1.,0.,0.));
#6545 = DIRECTION('',(0.,0.,1.));
#6546 = ADVANCED_FACE('',(#6547),#6624,.F.);
#6547 = FACE_BOUND('',#6548,.F.);
#6548 = EDGE_LOOP('',(#6549,#6559,#6566,#6567,#6576,#6584,#6593,#6601,
    #6609,#6617));
#6549 = ORIENTED_EDGE('',*,*,#6550,.F.);
#6550 = EDGE_CURVE('',#6551,#6553,#6555,.T.);
#6551 = VERTEX_POINT('',#6552);
#6552 = CARTESIAN_POINT('',(-0.755,-0.4,-2.775557561563E-17));
#6553 = VERTEX_POINT('',#6554);
#6554 = CARTESIAN_POINT('',(-0.545,-0.4,-2.775557561563E-17));
#6555 = LINE('',#6556,#6557);
#6556 = CARTESIAN_POINT('',(-0.8,-0.4,0.));
#6557 = VECTOR('',#6558,1.);
#6558 = DIRECTION('',(1.,0.,0.));
#6559 = ORIENTED_EDGE('',*,*,#6560,.F.);
#6560 = EDGE_CURVE('',#6511,#6551,#6561,.T.);
#6561 = CIRCLE('',#6562,4.5E-02);
#6562 = AXIS2_PLACEMENT_3D('',#6563,#6564,#6565);
#6563 = CARTESIAN_POINT('',(-0.755,-0.4,4.5E-02));
#6564 = DIRECTION('',(0.,-1.,0.));
#6565 = DIRECTION('',(0.,0.,1.));
#6566 = ORIENTED_EDGE('',*,*,#6510,.T.);
#6567 = ORIENTED_EDGE('',*,*,#6568,.T.);
#6568 = EDGE_CURVE('',#6513,#6569,#6571,.T.);
#6569 = VERTEX_POINT('',#6570);
#6570 = CARTESIAN_POINT('',(-0.755,-0.4,0.45));
#6571 = CIRCLE('',#6572,4.5E-02);
#6572 = AXIS2_PLACEMENT_3D('',#6573,#6574,#6575);
#6573 = CARTESIAN_POINT('',(-0.755,-0.4,0.405));
#6574 = DIRECTION('',(0.,1.,0.));
#6575 = DIRECTION('',(0.,-0.,1.));
#6576 = ORIENTED_EDGE('',*,*,#6577,.T.);
#6577 = EDGE_CURVE('',#6569,#6578,#6580,.T.);
#6578 = VERTEX_POINT('',#6579);
#6579 = CARTESIAN_POINT('',(-0.545,-0.4,0.45));
#6580 = LINE('',#6581,#6582);
#6581 = CARTESIAN_POINT('',(-0.8,-0.4,0.45));
#6582 = VECTOR('',#6583,1.);
#6583 = DIRECTION('',(1.,0.,0.));
#6584 = ORIENTED_EDGE('',*,*,#6585,.F.);
#6585 = EDGE_CURVE('',#6586,#6578,#6588,.T.);
#6586 = VERTEX_POINT('',#6587);
#6587 = CARTESIAN_POINT('',(-0.5,-0.4,0.405));
#6588 = CIRCLE('',#6589,4.5E-02);
#6589 = AXIS2_PLACEMENT_3D('',#6590,#6591,#6592);
#6590 = CARTESIAN_POINT('',(-0.545,-0.4,0.405));
#6591 = DIRECTION('',(0.,-1.,0.));
#6592 = DIRECTION('',(0.,0.,1.));
#6593 = ORIENTED_EDGE('',*,*,#6594,.F.);
#6594 = EDGE_CURVE('',#6595,#6586,#6597,.T.);
#6595 = VERTEX_POINT('',#6596);
#6596 = CARTESIAN_POINT('',(-0.755,-0.4,0.405));
#6597 = LINE('',#6598,#6599);
#6598 = CARTESIAN_POINT('',(-0.755,-0.4,0.405));
#6599 = VECTOR('',#6600,1.);
#6600 = DIRECTION('',(1.,0.,0.));
#6601 = ORIENTED_EDGE('',*,*,#6602,.F.);
#6602 = EDGE_CURVE('',#6603,#6595,#6605,.T.);
#6603 = VERTEX_POINT('',#6604);
#6604 = CARTESIAN_POINT('',(-0.755,-0.4,4.5E-02));
#6605 = LINE('',#6606,#6607);
#6606 = CARTESIAN_POINT('',(-0.755,-0.4,4.5E-02));
#6607 = VECTOR('',#6608,1.);
#6608 = DIRECTION('',(0.,0.,1.));
#6609 = ORIENTED_EDGE('',*,*,#6610,.T.);
#6610 = EDGE_CURVE('',#6603,#6611,#6613,.T.);
#6611 = VERTEX_POINT('',#6612);
#6612 = CARTESIAN_POINT('',(-0.5,-0.4,4.5E-02));
#6613 = LINE('',#6614,#6615);
#6614 = CARTESIAN_POINT('',(-0.755,-0.4,4.5E-02));
#6615 = VECTOR('',#6616,1.);
#6616 = DIRECTION('',(1.,0.,0.));
#6617 = ORIENTED_EDGE('',*,*,#6618,.T.);
#6618 = EDGE_CURVE('',#6611,#6553,#6619,.T.);
#6619 = CIRCLE('',#6620,4.5E-02);
#6620 = AXIS2_PLACEMENT_3D('',#6621,#6622,#6623);
#6621 = CARTESIAN_POINT('',(-0.545,-0.4,4.5E-02));
#6622 = DIRECTION('',(0.,1.,0.));
#6623 = DIRECTION('',(0.,-0.,1.));
#6624 = PLANE('',#6625);
#6625 = AXIS2_PLACEMENT_3D('',#6626,#6627,#6628);
#6626 = CARTESIAN_POINT('',(-0.8,-0.4,0.));
#6627 = DIRECTION('',(0.,1.,0.));
#6628 = DIRECTION('',(0.,-0.,1.));
#6629 = ADVANCED_FACE('',(#6630),#6649,.T.);
#6630 = FACE_BOUND('',#6631,.T.);
#6631 = EDGE_LOOP('',(#6632,#6633,#6642,#6648));
#6632 = ORIENTED_EDGE('',*,*,#6520,.T.);
#6633 = ORIENTED_EDGE('',*,*,#6634,.T.);
#6634 = EDGE_CURVE('',#6521,#6635,#6637,.T.);
#6635 = VERTEX_POINT('',#6636);
#6636 = CARTESIAN_POINT('',(-0.755,0.4,-2.775557561563E-17));
#6637 = CIRCLE('',#6638,4.5E-02);
#6638 = AXIS2_PLACEMENT_3D('',#6639,#6640,#6641);
#6639 = CARTESIAN_POINT('',(-0.755,0.4,4.5E-02));
#6640 = DIRECTION('',(0.,-1.,0.));
#6641 = DIRECTION('',(0.,0.,1.));
#6642 = ORIENTED_EDGE('',*,*,#6643,.F.);
#6643 = EDGE_CURVE('',#6551,#6635,#6644,.T.);
#6644 = LINE('',#6645,#6646);
#6645 = CARTESIAN_POINT('',(-0.755,-0.4,-2.775557561563E-17));
#6646 = VECTOR('',#6647,1.);
#6647 = DIRECTION('',(0.,1.,0.));
#6648 = ORIENTED_EDGE('',*,*,#6560,.F.);
#6649 = CYLINDRICAL_SURFACE('',#6650,4.5E-02);
#6650 = AXIS2_PLACEMENT_3D('',#6651,#6652,#6653);
#6651 = CARTESIAN_POINT('',(-0.755,-0.4,4.5E-02));
#6652 = DIRECTION('',(0.,1.,0.));
#6653 = DIRECTION('',(-1.,0.,0.));
#6654 = ADVANCED_FACE('',(#6655),#6674,.T.);
#6655 = FACE_BOUND('',#6656,.T.);
#6656 = EDGE_LOOP('',(#6657,#6658,#6666,#6673));
#6657 = ORIENTED_EDGE('',*,*,#6568,.T.);
#6658 = ORIENTED_EDGE('',*,*,#6659,.T.);
#6659 = EDGE_CURVE('',#6569,#6660,#6662,.T.);
#6660 = VERTEX_POINT('',#6661);
#6661 = CARTESIAN_POINT('',(-0.755,0.4,0.45));
#6662 = LINE('',#6663,#6664);
#6663 = CARTESIAN_POINT('',(-0.755,-0.4,0.45));
#6664 = VECTOR('',#6665,1.);
#6665 = DIRECTION('',(0.,1.,0.));
#6666 = ORIENTED_EDGE('',*,*,#6667,.F.);
#6667 = EDGE_CURVE('',#6529,#6660,#6668,.T.);
#6668 = CIRCLE('',#6669,4.5E-02);
#6669 = AXIS2_PLACEMENT_3D('',#6670,#6671,#6672);
#6670 = CARTESIAN_POINT('',(-0.755,0.4,0.405));
#6671 = DIRECTION('',(0.,1.,0.));
#6672 = DIRECTION('',(0.,-0.,1.));
#6673 = ORIENTED_EDGE('',*,*,#6536,.F.);
#6674 = CYLINDRICAL_SURFACE('',#6675,4.5E-02);
#6675 = AXIS2_PLACEMENT_3D('',#6676,#6677,#6678);
#6676 = CARTESIAN_POINT('',(-0.755,-0.4,0.405));
#6677 = DIRECTION('',(0.,1.,0.));
#6678 = DIRECTION('',(-1.,0.,0.));
#6679 = ADVANCED_FACE('',(#6680),#6741,.T.);
#6680 = FACE_BOUND('',#6681,.T.);
#6681 = EDGE_LOOP('',(#6682,#6690,#6691,#6692,#6693,#6701,#6710,#6718,
    #6726,#6734));
#6682 = ORIENTED_EDGE('',*,*,#6683,.F.);
#6683 = EDGE_CURVE('',#6635,#6684,#6686,.T.);
#6684 = VERTEX_POINT('',#6685);
#6685 = CARTESIAN_POINT('',(-0.545,0.4,-2.775557561563E-17));
#6686 = LINE('',#6687,#6688);
#6687 = CARTESIAN_POINT('',(-0.8,0.4,0.));
#6688 = VECTOR('',#6689,1.);
#6689 = DIRECTION('',(1.,0.,0.));
#6690 = ORIENTED_EDGE('',*,*,#6634,.F.);
#6691 = ORIENTED_EDGE('',*,*,#6528,.T.);
#6692 = ORIENTED_EDGE('',*,*,#6667,.T.);
#6693 = ORIENTED_EDGE('',*,*,#6694,.T.);
#6694 = EDGE_CURVE('',#6660,#6695,#6697,.T.);
#6695 = VERTEX_POINT('',#6696);
#6696 = CARTESIAN_POINT('',(-0.545,0.4,0.45));
#6697 = LINE('',#6698,#6699);
#6698 = CARTESIAN_POINT('',(-0.8,0.4,0.45));
#6699 = VECTOR('',#6700,1.);
#6700 = DIRECTION('',(1.,0.,0.));
#6701 = ORIENTED_EDGE('',*,*,#6702,.F.);
#6702 = EDGE_CURVE('',#6703,#6695,#6705,.T.);
#6703 = VERTEX_POINT('',#6704);
#6704 = CARTESIAN_POINT('',(-0.5,0.4,0.405));
#6705 = CIRCLE('',#6706,4.5E-02);
#6706 = AXIS2_PLACEMENT_3D('',#6707,#6708,#6709);
#6707 = CARTESIAN_POINT('',(-0.545,0.4,0.405));
#6708 = DIRECTION('',(0.,-1.,0.));
#6709 = DIRECTION('',(0.,0.,1.));
#6710 = ORIENTED_EDGE('',*,*,#6711,.F.);
#6711 = EDGE_CURVE('',#6712,#6703,#6714,.T.);
#6712 = VERTEX_POINT('',#6713);
#6713 = CARTESIAN_POINT('',(-0.755,0.4,0.405));
#6714 = LINE('',#6715,#6716);
#6715 = CARTESIAN_POINT('',(-0.755,0.4,0.405));
#6716 = VECTOR('',#6717,1.);
#6717 = DIRECTION('',(1.,0.,0.));
#6718 = ORIENTED_EDGE('',*,*,#6719,.F.);
#6719 = EDGE_CURVE('',#6720,#6712,#6722,.T.);
#6720 = VERTEX_POINT('',#6721);
#6721 = CARTESIAN_POINT('',(-0.755,0.4,4.5E-02));
#6722 = LINE('',#6723,#6724);
#6723 = CARTESIAN_POINT('',(-0.755,0.4,4.5E-02));
#6724 = VECTOR('',#6725,1.);
#6725 = DIRECTION('',(0.,0.,1.));
#6726 = ORIENTED_EDGE('',*,*,#6727,.T.);
#6727 = EDGE_CURVE('',#6720,#6728,#6730,.T.);
#6728 = VERTEX_POINT('',#6729);
#6729 = CARTESIAN_POINT('',(-0.5,0.4,4.5E-02));
#6730 = LINE('',#6731,#6732);
#6731 = CARTESIAN_POINT('',(-0.755,0.4,4.5E-02));
#6732 = VECTOR('',#6733,1.);
#6733 = DIRECTION('',(1.,0.,0.));
#6734 = ORIENTED_EDGE('',*,*,#6735,.T.);
#6735 = EDGE_CURVE('',#6728,#6684,#6736,.T.);
#6736 = CIRCLE('',#6737,4.5E-02);
#6737 = AXIS2_PLACEMENT_3D('',#6738,#6739,#6740);
#6738 = CARTESIAN_POINT('',(-0.545,0.4,4.5E-02));
#6739 = DIRECTION('',(0.,1.,0.));
#6740 = DIRECTION('',(0.,-0.,1.));
#6741 = PLANE('',#6742);
#6742 = AXIS2_PLACEMENT_3D('',#6743,#6744,#6745);
#6743 = CARTESIAN_POINT('',(-0.8,0.4,0.));
#6744 = DIRECTION('',(0.,1.,0.));
#6745 = DIRECTION('',(0.,-0.,1.));
#6746 = ADVANCED_FACE('',(#6747),#6758,.F.);
#6747 = FACE_BOUND('',#6748,.F.);
#6748 = EDGE_LOOP('',(#6749,#6750,#6751,#6752));
#6749 = ORIENTED_EDGE('',*,*,#6683,.F.);
#6750 = ORIENTED_EDGE('',*,*,#6643,.F.);
#6751 = ORIENTED_EDGE('',*,*,#6550,.T.);
#6752 = ORIENTED_EDGE('',*,*,#6753,.T.);
#6753 = EDGE_CURVE('',#6553,#6684,#6754,.T.);
#6754 = LINE('',#6755,#6756);
#6755 = CARTESIAN_POINT('',(-0.545,-0.4,-2.775557561563E-17));
#6756 = VECTOR('',#6757,1.);
#6757 = DIRECTION('',(0.,1.,0.));
#6758 = PLANE('',#6759);
#6759 = AXIS2_PLACEMENT_3D('',#6760,#6761,#6762);
#6760 = CARTESIAN_POINT('',(-0.8,-0.4,0.));
#6761 = DIRECTION('',(0.,0.,1.));
#6762 = DIRECTION('',(1.,0.,-0.));
#6763 = ADVANCED_FACE('',(#6764),#6775,.T.);
#6764 = FACE_BOUND('',#6765,.T.);
#6765 = EDGE_LOOP('',(#6766,#6767,#6768,#6769));
#6766 = ORIENTED_EDGE('',*,*,#6618,.T.);
#6767 = ORIENTED_EDGE('',*,*,#6753,.T.);
#6768 = ORIENTED_EDGE('',*,*,#6735,.F.);
#6769 = ORIENTED_EDGE('',*,*,#6770,.F.);
#6770 = EDGE_CURVE('',#6611,#6728,#6771,.T.);
#6771 = LINE('',#6772,#6773);
#6772 = CARTESIAN_POINT('',(-0.5,-0.4,4.5E-02));
#6773 = VECTOR('',#6774,1.);
#6774 = DIRECTION('',(0.,1.,0.));
#6775 = CYLINDRICAL_SURFACE('',#6776,4.5E-02);
#6776 = AXIS2_PLACEMENT_3D('',#6777,#6778,#6779);
#6777 = CARTESIAN_POINT('',(-0.545,-0.4,4.5E-02));
#6778 = DIRECTION('',(0.,1.,0.));
#6779 = DIRECTION('',(1.,0.,0.));
#6780 = ADVANCED_FACE('',(#6781),#6824,.F.);
#6781 = FACE_BOUND('',#6782,.F.);
#6782 = EDGE_LOOP('',(#6783,#6784,#6785,#6786,#6794,#6802,#6810,#6818));
#6783 = ORIENTED_EDGE('',*,*,#6610,.F.);
#6784 = ORIENTED_EDGE('',*,*,#6602,.T.);
#6785 = ORIENTED_EDGE('',*,*,#6594,.T.);
#6786 = ORIENTED_EDGE('',*,*,#6787,.T.);
#6787 = EDGE_CURVE('',#6586,#6788,#6790,.T.);
#6788 = VERTEX_POINT('',#6789);
#6789 = CARTESIAN_POINT('',(0.5,-0.4,0.405));
#6790 = LINE('',#6791,#6792);
#6791 = CARTESIAN_POINT('',(-0.5,-0.4,0.405));
#6792 = VECTOR('',#6793,1.);
#6793 = DIRECTION('',(1.,0.,0.));
#6794 = ORIENTED_EDGE('',*,*,#6795,.T.);
#6795 = EDGE_CURVE('',#6788,#6796,#6798,.T.);
#6796 = VERTEX_POINT('',#6797);
#6797 = CARTESIAN_POINT('',(0.755,-0.4,0.405));
#6798 = LINE('',#6799,#6800);
#6799 = CARTESIAN_POINT('',(-0.755,-0.4,0.405));
#6800 = VECTOR('',#6801,1.);
#6801 = DIRECTION('',(1.,0.,0.));
#6802 = ORIENTED_EDGE('',*,*,#6803,.F.);
#6803 = EDGE_CURVE('',#6804,#6796,#6806,.T.);
#6804 = VERTEX_POINT('',#6805);
#6805 = CARTESIAN_POINT('',(0.755,-0.4,4.5E-02));
#6806 = LINE('',#6807,#6808);
#6807 = CARTESIAN_POINT('',(0.755,-0.4,4.5E-02));
#6808 = VECTOR('',#6809,1.);
#6809 = DIRECTION('',(0.,0.,1.));
#6810 = ORIENTED_EDGE('',*,*,#6811,.F.);
#6811 = EDGE_CURVE('',#6812,#6804,#6814,.T.);
#6812 = VERTEX_POINT('',#6813);
#6813 = CARTESIAN_POINT('',(0.5,-0.4,4.5E-02));
#6814 = LINE('',#6815,#6816);
#6815 = CARTESIAN_POINT('',(-0.755,-0.4,4.5E-02));
#6816 = VECTOR('',#6817,1.);
#6817 = DIRECTION('',(1.,0.,0.));
#6818 = ORIENTED_EDGE('',*,*,#6819,.F.);
#6819 = EDGE_CURVE('',#6611,#6812,#6820,.T.);
#6820 = LINE('',#6821,#6822);
#6821 = CARTESIAN_POINT('',(-0.755,-0.4,4.5E-02));
#6822 = VECTOR('',#6823,1.);
#6823 = DIRECTION('',(1.,0.,0.));
#6824 = PLANE('',#6825);
#6825 = AXIS2_PLACEMENT_3D('',#6826,#6827,#6828);
#6826 = CARTESIAN_POINT('',(-0.755,-0.4,4.5E-02));
#6827 = DIRECTION('',(0.,1.,0.));
#6828 = DIRECTION('',(0.,-0.,1.));
#6829 = ADVANCED_FACE('',(#6830),#6841,.T.);
#6830 = FACE_BOUND('',#6831,.T.);
#6831 = EDGE_LOOP('',(#6832,#6833,#6834,#6835));
#6832 = ORIENTED_EDGE('',*,*,#6694,.F.);
#6833 = ORIENTED_EDGE('',*,*,#6659,.F.);
#6834 = ORIENTED_EDGE('',*,*,#6577,.T.);
#6835 = ORIENTED_EDGE('',*,*,#6836,.T.);
#6836 = EDGE_CURVE('',#6578,#6695,#6837,.T.);
#6837 = LINE('',#6838,#6839);
#6838 = CARTESIAN_POINT('',(-0.545,-0.4,0.45));
#6839 = VECTOR('',#6840,1.);
#6840 = DIRECTION('',(0.,1.,0.));
#6841 = PLANE('',#6842);
#6842 = AXIS2_PLACEMENT_3D('',#6843,#6844,#6845);
#6843 = CARTESIAN_POINT('',(-0.8,-0.4,0.45));
#6844 = DIRECTION('',(0.,0.,1.));
#6845 = DIRECTION('',(1.,0.,-0.));
#6846 = ADVANCED_FACE('',(#6847),#6858,.T.);
#6847 = FACE_BOUND('',#6848,.T.);
#6848 = EDGE_LOOP('',(#6849,#6855,#6856,#6857));
#6849 = ORIENTED_EDGE('',*,*,#6850,.T.);
#6850 = EDGE_CURVE('',#6586,#6703,#6851,.T.);
#6851 = LINE('',#6852,#6853);
#6852 = CARTESIAN_POINT('',(-0.5,-0.4,0.405));
#6853 = VECTOR('',#6854,1.);
#6854 = DIRECTION('',(0.,1.,0.));
#6855 = ORIENTED_EDGE('',*,*,#6702,.T.);
#6856 = ORIENTED_EDGE('',*,*,#6836,.F.);
#6857 = ORIENTED_EDGE('',*,*,#6585,.F.);
#6858 = CYLINDRICAL_SURFACE('',#6859,4.5E-02);
#6859 = AXIS2_PLACEMENT_3D('',#6860,#6861,#6862);
#6860 = CARTESIAN_POINT('',(-0.545,-0.4,0.405));
#6861 = DIRECTION('',(0.,1.,0.));
#6862 = DIRECTION('',(1.,0.,0.));
#6863 = ADVANCED_FACE('',(#6864),#6907,.T.);
#6864 = FACE_BOUND('',#6865,.T.);
#6865 = EDGE_LOOP('',(#6866,#6867,#6868,#6869,#6877,#6885,#6893,#6901));
#6866 = ORIENTED_EDGE('',*,*,#6727,.F.);
#6867 = ORIENTED_EDGE('',*,*,#6719,.T.);
#6868 = ORIENTED_EDGE('',*,*,#6711,.T.);
#6869 = ORIENTED_EDGE('',*,*,#6870,.T.);
#6870 = EDGE_CURVE('',#6703,#6871,#6873,.T.);
#6871 = VERTEX_POINT('',#6872);
#6872 = CARTESIAN_POINT('',(0.5,0.4,0.405));
#6873 = LINE('',#6874,#6875);
#6874 = CARTESIAN_POINT('',(-0.5,0.4,0.405));
#6875 = VECTOR('',#6876,1.);
#6876 = DIRECTION('',(1.,0.,0.));
#6877 = ORIENTED_EDGE('',*,*,#6878,.T.);
#6878 = EDGE_CURVE('',#6871,#6879,#6881,.T.);
#6879 = VERTEX_POINT('',#6880);
#6880 = CARTESIAN_POINT('',(0.755,0.4,0.405));
#6881 = LINE('',#6882,#6883);
#6882 = CARTESIAN_POINT('',(-0.755,0.4,0.405));
#6883 = VECTOR('',#6884,1.);
#6884 = DIRECTION('',(1.,0.,0.));
#6885 = ORIENTED_EDGE('',*,*,#6886,.F.);
#6886 = EDGE_CURVE('',#6887,#6879,#6889,.T.);
#6887 = VERTEX_POINT('',#6888);
#6888 = CARTESIAN_POINT('',(0.755,0.4,4.5E-02));
#6889 = LINE('',#6890,#6891);
#6890 = CARTESIAN_POINT('',(0.755,0.4,4.5E-02));
#6891 = VECTOR('',#6892,1.);
#6892 = DIRECTION('',(0.,0.,1.));
#6893 = ORIENTED_EDGE('',*,*,#6894,.F.);
#6894 = EDGE_CURVE('',#6895,#6887,#6897,.T.);
#6895 = VERTEX_POINT('',#6896);
#6896 = CARTESIAN_POINT('',(0.5,0.4,4.5E-02));
#6897 = LINE('',#6898,#6899);
#6898 = CARTESIAN_POINT('',(-0.755,0.4,4.5E-02));
#6899 = VECTOR('',#6900,1.);
#6900 = DIRECTION('',(1.,0.,0.));
#6901 = ORIENTED_EDGE('',*,*,#6902,.F.);
#6902 = EDGE_CURVE('',#6728,#6895,#6903,.T.);
#6903 = LINE('',#6904,#6905);
#6904 = CARTESIAN_POINT('',(-0.755,0.4,4.5E-02));
#6905 = VECTOR('',#6906,1.);
#6906 = DIRECTION('',(1.,0.,0.));
#6907 = PLANE('',#6908);
#6908 = AXIS2_PLACEMENT_3D('',#6909,#6910,#6911);
#6909 = CARTESIAN_POINT('',(-0.755,0.4,4.5E-02));
#6910 = DIRECTION('',(0.,1.,0.));
#6911 = DIRECTION('',(0.,-0.,1.));
#6912 = ADVANCED_FACE('',(#6913),#6924,.F.);
#6913 = FACE_BOUND('',#6914,.F.);
#6914 = EDGE_LOOP('',(#6915,#6916,#6917,#6923));
#6915 = ORIENTED_EDGE('',*,*,#6770,.F.);
#6916 = ORIENTED_EDGE('',*,*,#6819,.T.);
#6917 = ORIENTED_EDGE('',*,*,#6918,.T.);
#6918 = EDGE_CURVE('',#6812,#6895,#6919,.T.);
#6919 = LINE('',#6920,#6921);
#6920 = CARTESIAN_POINT('',(0.5,-0.4,4.5E-02));
#6921 = VECTOR('',#6922,1.);
#6922 = DIRECTION('',(0.,1.,0.));
#6923 = ORIENTED_EDGE('',*,*,#6902,.F.);
#6924 = PLANE('',#6925);
#6925 = AXIS2_PLACEMENT_3D('',#6926,#6927,#6928);
#6926 = CARTESIAN_POINT('',(-0.755,-0.4,4.5E-02));
#6927 = DIRECTION('',(0.,0.,1.));
#6928 = DIRECTION('',(1.,0.,-0.));
#6929 = ADVANCED_FACE('',(#6930),#6993,.F.);
#6930 = FACE_BOUND('',#6931,.F.);
#6931 = EDGE_LOOP('',(#6932,#6942,#6949,#6950,#6951,#6952,#6961,#6969,
    #6978,#6986));
#6932 = ORIENTED_EDGE('',*,*,#6933,.F.);
#6933 = EDGE_CURVE('',#6934,#6936,#6938,.T.);
#6934 = VERTEX_POINT('',#6935);
#6935 = CARTESIAN_POINT('',(0.545,-0.4,-2.775557561563E-17));
#6936 = VERTEX_POINT('',#6937);
#6937 = CARTESIAN_POINT('',(0.755,-0.4,-2.775557561563E-17));
#6938 = LINE('',#6939,#6940);
#6939 = CARTESIAN_POINT('',(0.5,-0.4,0.));
#6940 = VECTOR('',#6941,1.);
#6941 = DIRECTION('',(1.,0.,0.));
#6942 = ORIENTED_EDGE('',*,*,#6943,.F.);
#6943 = EDGE_CURVE('',#6812,#6934,#6944,.T.);
#6944 = CIRCLE('',#6945,4.5E-02);
#6945 = AXIS2_PLACEMENT_3D('',#6946,#6947,#6948);
#6946 = CARTESIAN_POINT('',(0.545,-0.4,4.5E-02));
#6947 = DIRECTION('',(0.,-1.,0.));
#6948 = DIRECTION('',(0.,0.,1.));
#6949 = ORIENTED_EDGE('',*,*,#6811,.T.);
#6950 = ORIENTED_EDGE('',*,*,#6803,.T.);
#6951 = ORIENTED_EDGE('',*,*,#6795,.F.);
#6952 = ORIENTED_EDGE('',*,*,#6953,.T.);
#6953 = EDGE_CURVE('',#6788,#6954,#6956,.T.);
#6954 = VERTEX_POINT('',#6955);
#6955 = CARTESIAN_POINT('',(0.545,-0.4,0.45));
#6956 = CIRCLE('',#6957,4.5E-02);
#6957 = AXIS2_PLACEMENT_3D('',#6958,#6959,#6960);
#6958 = CARTESIAN_POINT('',(0.545,-0.4,0.405));
#6959 = DIRECTION('',(0.,1.,0.));
#6960 = DIRECTION('',(0.,-0.,1.));
#6961 = ORIENTED_EDGE('',*,*,#6962,.T.);
#6962 = EDGE_CURVE('',#6954,#6963,#6965,.T.);
#6963 = VERTEX_POINT('',#6964);
#6964 = CARTESIAN_POINT('',(0.755,-0.4,0.45));
#6965 = LINE('',#6966,#6967);
#6966 = CARTESIAN_POINT('',(0.5,-0.4,0.45));
#6967 = VECTOR('',#6968,1.);
#6968 = DIRECTION('',(1.,0.,0.));
#6969 = ORIENTED_EDGE('',*,*,#6970,.F.);
#6970 = EDGE_CURVE('',#6971,#6963,#6973,.T.);
#6971 = VERTEX_POINT('',#6972);
#6972 = CARTESIAN_POINT('',(0.8,-0.4,0.405));
#6973 = CIRCLE('',#6974,4.5E-02);
#6974 = AXIS2_PLACEMENT_3D('',#6975,#6976,#6977);
#6975 = CARTESIAN_POINT('',(0.755,-0.4,0.405));
#6976 = DIRECTION('',(0.,-1.,0.));
#6977 = DIRECTION('',(0.,0.,1.));
#6978 = ORIENTED_EDGE('',*,*,#6979,.F.);
#6979 = EDGE_CURVE('',#6980,#6971,#6982,.T.);
#6980 = VERTEX_POINT('',#6981);
#6981 = CARTESIAN_POINT('',(0.8,-0.4,4.5E-02));
#6982 = LINE('',#6983,#6984);
#6983 = CARTESIAN_POINT('',(0.8,-0.4,0.));
#6984 = VECTOR('',#6985,1.);
#6985 = DIRECTION('',(0.,0.,1.));
#6986 = ORIENTED_EDGE('',*,*,#6987,.T.);
#6987 = EDGE_CURVE('',#6980,#6936,#6988,.T.);
#6988 = CIRCLE('',#6989,4.5E-02);
#6989 = AXIS2_PLACEMENT_3D('',#6990,#6991,#6992);
#6990 = CARTESIAN_POINT('',(0.755,-0.4,4.5E-02));
#6991 = DIRECTION('',(0.,1.,0.));
#6992 = DIRECTION('',(0.,-0.,1.));
#6993 = PLANE('',#6994);
#6994 = AXIS2_PLACEMENT_3D('',#6995,#6996,#6997);
#6995 = CARTESIAN_POINT('',(0.5,-0.4,0.));
#6996 = DIRECTION('',(0.,1.,0.));
#6997 = DIRECTION('',(0.,-0.,1.));
#6998 = ADVANCED_FACE('',(#6999),#7024,.F.);
#6999 = FACE_BOUND('',#7000,.F.);
#7000 = EDGE_LOOP('',(#7001,#7002,#7010,#7018));
#7001 = ORIENTED_EDGE('',*,*,#6787,.F.);
#7002 = ORIENTED_EDGE('',*,*,#7003,.T.);
#7003 = EDGE_CURVE('',#6586,#7004,#7006,.T.);
#7004 = VERTEX_POINT('',#7005);
#7005 = CARTESIAN_POINT('',(-0.5,-0.4,0.45));
#7006 = LINE('',#7007,#7008);
#7007 = CARTESIAN_POINT('',(-0.5,-0.4,0.405));
#7008 = VECTOR('',#7009,1.);
#7009 = DIRECTION('',(0.,0.,1.));
#7010 = ORIENTED_EDGE('',*,*,#7011,.T.);
#7011 = EDGE_CURVE('',#7004,#7012,#7014,.T.);
#7012 = VERTEX_POINT('',#7013);
#7013 = CARTESIAN_POINT('',(0.5,-0.4,0.45));
#7014 = LINE('',#7015,#7016);
#7015 = CARTESIAN_POINT('',(-0.5,-0.4,0.45));
#7016 = VECTOR('',#7017,1.);
#7017 = DIRECTION('',(1.,0.,0.));
#7018 = ORIENTED_EDGE('',*,*,#7019,.F.);
#7019 = EDGE_CURVE('',#6788,#7012,#7020,.T.);
#7020 = LINE('',#7021,#7022);
#7021 = CARTESIAN_POINT('',(0.5,-0.4,0.405));
#7022 = VECTOR('',#7023,1.);
#7023 = DIRECTION('',(0.,0.,1.));
#7024 = PLANE('',#7025);
#7025 = AXIS2_PLACEMENT_3D('',#7026,#7027,#7028);
#7026 = CARTESIAN_POINT('',(-0.5,-0.4,0.405));
#7027 = DIRECTION('',(0.,1.,0.));
#7028 = DIRECTION('',(0.,-0.,1.));
#7029 = ADVANCED_FACE('',(#7030),#7048,.F.);
#7030 = FACE_BOUND('',#7031,.F.);
#7031 = EDGE_LOOP('',(#7032,#7033,#7034,#7042));
#7032 = ORIENTED_EDGE('',*,*,#7003,.F.);
#7033 = ORIENTED_EDGE('',*,*,#6850,.T.);
#7034 = ORIENTED_EDGE('',*,*,#7035,.T.);
#7035 = EDGE_CURVE('',#6703,#7036,#7038,.T.);
#7036 = VERTEX_POINT('',#7037);
#7037 = CARTESIAN_POINT('',(-0.5,0.4,0.45));
#7038 = LINE('',#7039,#7040);
#7039 = CARTESIAN_POINT('',(-0.5,0.4,0.405));
#7040 = VECTOR('',#7041,1.);
#7041 = DIRECTION('',(0.,0.,1.));
#7042 = ORIENTED_EDGE('',*,*,#7043,.F.);
#7043 = EDGE_CURVE('',#7004,#7036,#7044,.T.);
#7044 = LINE('',#7045,#7046);
#7045 = CARTESIAN_POINT('',(-0.5,-0.4,0.45));
#7046 = VECTOR('',#7047,1.);
#7047 = DIRECTION('',(0.,1.,0.));
#7048 = PLANE('',#7049);
#7049 = AXIS2_PLACEMENT_3D('',#7050,#7051,#7052);
#7050 = CARTESIAN_POINT('',(-0.5,-0.4,0.405));
#7051 = DIRECTION('',(1.,0.,0.));
#7052 = DIRECTION('',(0.,0.,1.));
#7053 = ADVANCED_FACE('',(#7054),#7117,.T.);
#7054 = FACE_BOUND('',#7055,.T.);
#7055 = EDGE_LOOP('',(#7056,#7066,#7073,#7074,#7075,#7076,#7085,#7093,
    #7102,#7110));
#7056 = ORIENTED_EDGE('',*,*,#7057,.F.);
#7057 = EDGE_CURVE('',#7058,#7060,#7062,.T.);
#7058 = VERTEX_POINT('',#7059);
#7059 = CARTESIAN_POINT('',(0.545,0.4,-2.775557561563E-17));
#7060 = VERTEX_POINT('',#7061);
#7061 = CARTESIAN_POINT('',(0.755,0.4,-2.775557561563E-17));
#7062 = LINE('',#7063,#7064);
#7063 = CARTESIAN_POINT('',(0.5,0.4,0.));
#7064 = VECTOR('',#7065,1.);
#7065 = DIRECTION('',(1.,0.,0.));
#7066 = ORIENTED_EDGE('',*,*,#7067,.F.);
#7067 = EDGE_CURVE('',#6895,#7058,#7068,.T.);
#7068 = CIRCLE('',#7069,4.5E-02);
#7069 = AXIS2_PLACEMENT_3D('',#7070,#7071,#7072);
#7070 = CARTESIAN_POINT('',(0.545,0.4,4.5E-02));
#7071 = DIRECTION('',(0.,-1.,0.));
#7072 = DIRECTION('',(0.,0.,1.));
#7073 = ORIENTED_EDGE('',*,*,#6894,.T.);
#7074 = ORIENTED_EDGE('',*,*,#6886,.T.);
#7075 = ORIENTED_EDGE('',*,*,#6878,.F.);
#7076 = ORIENTED_EDGE('',*,*,#7077,.T.);
#7077 = EDGE_CURVE('',#6871,#7078,#7080,.T.);
#7078 = VERTEX_POINT('',#7079);
#7079 = CARTESIAN_POINT('',(0.545,0.4,0.45));
#7080 = CIRCLE('',#7081,4.5E-02);
#7081 = AXIS2_PLACEMENT_3D('',#7082,#7083,#7084);
#7082 = CARTESIAN_POINT('',(0.545,0.4,0.405));
#7083 = DIRECTION('',(0.,1.,0.));
#7084 = DIRECTION('',(0.,-0.,1.));
#7085 = ORIENTED_EDGE('',*,*,#7086,.T.);
#7086 = EDGE_CURVE('',#7078,#7087,#7089,.T.);
#7087 = VERTEX_POINT('',#7088);
#7088 = CARTESIAN_POINT('',(0.755,0.4,0.45));
#7089 = LINE('',#7090,#7091);
#7090 = CARTESIAN_POINT('',(0.5,0.4,0.45));
#7091 = VECTOR('',#7092,1.);
#7092 = DIRECTION('',(1.,0.,0.));
#7093 = ORIENTED_EDGE('',*,*,#7094,.F.);
#7094 = EDGE_CURVE('',#7095,#7087,#7097,.T.);
#7095 = VERTEX_POINT('',#7096);
#7096 = CARTESIAN_POINT('',(0.8,0.4,0.405));
#7097 = CIRCLE('',#7098,4.5E-02);
#7098 = AXIS2_PLACEMENT_3D('',#7099,#7100,#7101);
#7099 = CARTESIAN_POINT('',(0.755,0.4,0.405));
#7100 = DIRECTION('',(0.,-1.,0.));
#7101 = DIRECTION('',(0.,0.,1.));
#7102 = ORIENTED_EDGE('',*,*,#7103,.F.);
#7103 = EDGE_CURVE('',#7104,#7095,#7106,.T.);
#7104 = VERTEX_POINT('',#7105);
#7105 = CARTESIAN_POINT('',(0.8,0.4,4.5E-02));
#7106 = LINE('',#7107,#7108);
#7107 = CARTESIAN_POINT('',(0.8,0.4,0.));
#7108 = VECTOR('',#7109,1.);
#7109 = DIRECTION('',(0.,0.,1.));
#7110 = ORIENTED_EDGE('',*,*,#7111,.T.);
#7111 = EDGE_CURVE('',#7104,#7060,#7112,.T.);
#7112 = CIRCLE('',#7113,4.5E-02);
#7113 = AXIS2_PLACEMENT_3D('',#7114,#7115,#7116);
#7114 = CARTESIAN_POINT('',(0.755,0.4,4.5E-02));
#7115 = DIRECTION('',(0.,1.,0.));
#7116 = DIRECTION('',(0.,-0.,1.));
#7117 = PLANE('',#7118);
#7118 = AXIS2_PLACEMENT_3D('',#7119,#7120,#7121);
#7119 = CARTESIAN_POINT('',(0.5,0.4,0.));
#7120 = DIRECTION('',(0.,1.,0.));
#7121 = DIRECTION('',(0.,-0.,1.));
#7122 = ADVANCED_FACE('',(#7123),#7141,.T.);
#7123 = FACE_BOUND('',#7124,.T.);
#7124 = EDGE_LOOP('',(#7125,#7126,#7127,#7135));
#7125 = ORIENTED_EDGE('',*,*,#6870,.F.);
#7126 = ORIENTED_EDGE('',*,*,#7035,.T.);
#7127 = ORIENTED_EDGE('',*,*,#7128,.T.);
#7128 = EDGE_CURVE('',#7036,#7129,#7131,.T.);
#7129 = VERTEX_POINT('',#7130);
#7130 = CARTESIAN_POINT('',(0.5,0.4,0.45));
#7131 = LINE('',#7132,#7133);
#7132 = CARTESIAN_POINT('',(-0.5,0.4,0.45));
#7133 = VECTOR('',#7134,1.);
#7134 = DIRECTION('',(1.,0.,0.));
#7135 = ORIENTED_EDGE('',*,*,#7136,.F.);
#7136 = EDGE_CURVE('',#6871,#7129,#7137,.T.);
#7137 = LINE('',#7138,#7139);
#7138 = CARTESIAN_POINT('',(0.5,0.4,0.405));
#7139 = VECTOR('',#7140,1.);
#7140 = DIRECTION('',(0.,0.,1.));
#7141 = PLANE('',#7142);
#7142 = AXIS2_PLACEMENT_3D('',#7143,#7144,#7145);
#7143 = CARTESIAN_POINT('',(-0.5,0.4,0.405));
#7144 = DIRECTION('',(0.,1.,0.));
#7145 = DIRECTION('',(0.,-0.,1.));
#7146 = ADVANCED_FACE('',(#7147),#7158,.T.);
#7147 = FACE_BOUND('',#7148,.T.);
#7148 = EDGE_LOOP('',(#7149,#7150,#7151,#7157));
#7149 = ORIENTED_EDGE('',*,*,#6918,.T.);
#7150 = ORIENTED_EDGE('',*,*,#7067,.T.);
#7151 = ORIENTED_EDGE('',*,*,#7152,.F.);
#7152 = EDGE_CURVE('',#6934,#7058,#7153,.T.);
#7153 = LINE('',#7154,#7155);
#7154 = CARTESIAN_POINT('',(0.545,-0.4,-2.775557561563E-17));
#7155 = VECTOR('',#7156,1.);
#7156 = DIRECTION('',(0.,1.,0.));
#7157 = ORIENTED_EDGE('',*,*,#6943,.F.);
#7158 = CYLINDRICAL_SURFACE('',#7159,4.5E-02);
#7159 = AXIS2_PLACEMENT_3D('',#7160,#7161,#7162);
#7160 = CARTESIAN_POINT('',(0.545,-0.4,4.5E-02));
#7161 = DIRECTION('',(0.,1.,0.));
#7162 = DIRECTION('',(-1.,0.,0.));
#7163 = ADVANCED_FACE('',(#7164),#7175,.F.);
#7164 = FACE_BOUND('',#7165,.F.);
#7165 = EDGE_LOOP('',(#7166,#7167,#7168,#7169));
#7166 = ORIENTED_EDGE('',*,*,#7057,.F.);
#7167 = ORIENTED_EDGE('',*,*,#7152,.F.);
#7168 = ORIENTED_EDGE('',*,*,#6933,.T.);
#7169 = ORIENTED_EDGE('',*,*,#7170,.T.);
#7170 = EDGE_CURVE('',#6936,#7060,#7171,.T.);
#7171 = LINE('',#7172,#7173);
#7172 = CARTESIAN_POINT('',(0.755,-0.4,-2.775557561563E-17));
#7173 = VECTOR('',#7174,1.);
#7174 = DIRECTION('',(0.,1.,0.));
#7175 = PLANE('',#7176);
#7176 = AXIS2_PLACEMENT_3D('',#7177,#7178,#7179);
#7177 = CARTESIAN_POINT('',(0.5,-0.4,0.));
#7178 = DIRECTION('',(0.,0.,1.));
#7179 = DIRECTION('',(1.,0.,-0.));
#7180 = ADVANCED_FACE('',(#7181),#7192,.T.);
#7181 = FACE_BOUND('',#7182,.T.);
#7182 = EDGE_LOOP('',(#7183,#7184,#7185,#7186));
#7183 = ORIENTED_EDGE('',*,*,#6987,.T.);
#7184 = ORIENTED_EDGE('',*,*,#7170,.T.);
#7185 = ORIENTED_EDGE('',*,*,#7111,.F.);
#7186 = ORIENTED_EDGE('',*,*,#7187,.F.);
#7187 = EDGE_CURVE('',#6980,#7104,#7188,.T.);
#7188 = LINE('',#7189,#7190);
#7189 = CARTESIAN_POINT('',(0.8,-0.4,4.5E-02));
#7190 = VECTOR('',#7191,1.);
#7191 = DIRECTION('',(0.,1.,0.));
#7192 = CYLINDRICAL_SURFACE('',#7193,4.5E-02);
#7193 = AXIS2_PLACEMENT_3D('',#7194,#7195,#7196);
#7194 = CARTESIAN_POINT('',(0.755,-0.4,4.5E-02));
#7195 = DIRECTION('',(0.,1.,0.));
#7196 = DIRECTION('',(1.,0.,0.));
#7197 = ADVANCED_FACE('',(#7198),#7209,.T.);
#7198 = FACE_BOUND('',#7199,.T.);
#7199 = EDGE_LOOP('',(#7200,#7201,#7202,#7203));
#7200 = ORIENTED_EDGE('',*,*,#6979,.F.);
#7201 = ORIENTED_EDGE('',*,*,#7187,.T.);
#7202 = ORIENTED_EDGE('',*,*,#7103,.T.);
#7203 = ORIENTED_EDGE('',*,*,#7204,.F.);
#7204 = EDGE_CURVE('',#6971,#7095,#7205,.T.);
#7205 = LINE('',#7206,#7207);
#7206 = CARTESIAN_POINT('',(0.8,-0.4,0.405));
#7207 = VECTOR('',#7208,1.);
#7208 = DIRECTION('',(0.,1.,0.));
#7209 = PLANE('',#7210);
#7210 = AXIS2_PLACEMENT_3D('',#7211,#7212,#7213);
#7211 = CARTESIAN_POINT('',(0.8,-0.4,0.));
#7212 = DIRECTION('',(1.,0.,0.));
#7213 = DIRECTION('',(0.,0.,1.));
#7214 = ADVANCED_FACE('',(#7215),#7226,.T.);
#7215 = FACE_BOUND('',#7216,.T.);
#7216 = EDGE_LOOP('',(#7217,#7218,#7219,#7225));
#7217 = ORIENTED_EDGE('',*,*,#7204,.T.);
#7218 = ORIENTED_EDGE('',*,*,#7094,.T.);
#7219 = ORIENTED_EDGE('',*,*,#7220,.F.);
#7220 = EDGE_CURVE('',#6963,#7087,#7221,.T.);
#7221 = LINE('',#7222,#7223);
#7222 = CARTESIAN_POINT('',(0.755,-0.4,0.45));
#7223 = VECTOR('',#7224,1.);
#7224 = DIRECTION('',(0.,1.,0.));
#7225 = ORIENTED_EDGE('',*,*,#6970,.F.);
#7226 = CYLINDRICAL_SURFACE('',#7227,4.5E-02);
#7227 = AXIS2_PLACEMENT_3D('',#7228,#7229,#7230);
#7228 = CARTESIAN_POINT('',(0.755,-0.4,0.405));
#7229 = DIRECTION('',(0.,1.,0.));
#7230 = DIRECTION('',(1.,0.,0.));
#7231 = ADVANCED_FACE('',(#7232),#7243,.T.);
#7232 = FACE_BOUND('',#7233,.T.);
#7233 = EDGE_LOOP('',(#7234,#7235,#7241,#7242));
#7234 = ORIENTED_EDGE('',*,*,#7086,.F.);
#7235 = ORIENTED_EDGE('',*,*,#7236,.F.);
#7236 = EDGE_CURVE('',#6954,#7078,#7237,.T.);
#7237 = LINE('',#7238,#7239);
#7238 = CARTESIAN_POINT('',(0.545,-0.4,0.45));
#7239 = VECTOR('',#7240,1.);
#7240 = DIRECTION('',(0.,1.,0.));
#7241 = ORIENTED_EDGE('',*,*,#6962,.T.);
#7242 = ORIENTED_EDGE('',*,*,#7220,.T.);
#7243 = PLANE('',#7244);
#7244 = AXIS2_PLACEMENT_3D('',#7245,#7246,#7247);
#7245 = CARTESIAN_POINT('',(0.5,-0.4,0.45));
#7246 = DIRECTION('',(0.,0.,1.));
#7247 = DIRECTION('',(1.,0.,-0.));
#7248 = ADVANCED_FACE('',(#7249),#7260,.T.);
#7249 = FACE_BOUND('',#7250,.T.);
#7250 = EDGE_LOOP('',(#7251,#7252,#7253,#7254));
#7251 = ORIENTED_EDGE('',*,*,#6953,.T.);
#7252 = ORIENTED_EDGE('',*,*,#7236,.T.);
#7253 = ORIENTED_EDGE('',*,*,#7077,.F.);
#7254 = ORIENTED_EDGE('',*,*,#7255,.F.);
#7255 = EDGE_CURVE('',#6788,#6871,#7256,.T.);
#7256 = LINE('',#7257,#7258);
#7257 = CARTESIAN_POINT('',(0.5,-0.4,0.405));
#7258 = VECTOR('',#7259,1.);
#7259 = DIRECTION('',(0.,1.,0.));
#7260 = CYLINDRICAL_SURFACE('',#7261,4.5E-02);
#7261 = AXIS2_PLACEMENT_3D('',#7262,#7263,#7264);
#7262 = CARTESIAN_POINT('',(0.545,-0.4,0.405));
#7263 = DIRECTION('',(0.,1.,0.));
#7264 = DIRECTION('',(-1.,0.,0.));
#7265 = ADVANCED_FACE('',(#7266),#7277,.T.);
#7266 = FACE_BOUND('',#7267,.T.);
#7267 = EDGE_LOOP('',(#7268,#7269,#7270,#7271));
#7268 = ORIENTED_EDGE('',*,*,#7019,.F.);
#7269 = ORIENTED_EDGE('',*,*,#7255,.T.);
#7270 = ORIENTED_EDGE('',*,*,#7136,.T.);
#7271 = ORIENTED_EDGE('',*,*,#7272,.F.);
#7272 = EDGE_CURVE('',#7012,#7129,#7273,.T.);
#7273 = LINE('',#7274,#7275);
#7274 = CARTESIAN_POINT('',(0.5,-0.4,0.45));
#7275 = VECTOR('',#7276,1.);
#7276 = DIRECTION('',(0.,1.,0.));
#7277 = PLANE('',#7278);
#7278 = AXIS2_PLACEMENT_3D('',#7279,#7280,#7281);
#7279 = CARTESIAN_POINT('',(0.5,-0.4,0.405));
#7280 = DIRECTION('',(1.,0.,0.));
#7281 = DIRECTION('',(0.,0.,1.));
#7282 = ADVANCED_FACE('',(#7283),#7289,.T.);
#7283 = FACE_BOUND('',#7284,.T.);
#7284 = EDGE_LOOP('',(#7285,#7286,#7287,#7288));
#7285 = ORIENTED_EDGE('',*,*,#7043,.F.);
#7286 = ORIENTED_EDGE('',*,*,#7011,.T.);
#7287 = ORIENTED_EDGE('',*,*,#7272,.T.);
#7288 = ORIENTED_EDGE('',*,*,#7128,.F.);
#7289 = PLANE('',#7290);
#7290 = AXIS2_PLACEMENT_3D('',#7291,#7292,#7293);
#7291 = CARTESIAN_POINT('',(-0.5,-0.4,0.45));
#7292 = DIRECTION('',(0.,0.,1.));
#7293 = DIRECTION('',(1.,0.,-0.));
#7294 = ( GEOMETRIC_REPRESENTATION_CONTEXT(3) 
GLOBAL_UNCERTAINTY_ASSIGNED_CONTEXT((#7298)) 
GLOBAL_UNIT_ASSIGNED_CONTEXT((#7295,#7296,#7297)) REPRESENTATION_CONTEXT
('Context #1','3D Context with UNIT and UNCERTAINTY') );
#7295 = ( LENGTH_UNIT() NAMED_UNIT(*) SI_UNIT(.MILLI.,.METRE.) );
#7296 = ( NAMED_UNIT(*) PLANE_ANGLE_UNIT() SI_UNIT($,.RADIAN.) );
#7297 = ( NAMED_UNIT(*) SI_UNIT($,.STERADIAN.) SOLID_ANGLE_UNIT() );
#7298 = UNCERTAINTY_MEASURE_WITH_UNIT(LENGTH_MEASURE(1.E-07),#7295,
  'distance_accuracy_value','confusion accuracy');
#7299 = CONTEXT_DEPENDENT_SHAPE_REPRESENTATION(#7300,#7302);
#7300 = ( REPRESENTATION_RELATIONSHIP('','',#6503,#10) 
REPRESENTATION_RELATIONSHIP_WITH_TRANSFORMATION(#7301) 
SHAPE_REPRESENTATION_RELATIONSHIP() );
#7301 = ITEM_DEFINED_TRANSFORMATION('','',#11,#35);
#7302 = PRODUCT_DEFINITION_SHAPE('Placement','Placement of an item',
  #7303);
#7303 = NEXT_ASSEMBLY_USAGE_OCCURRENCE('6','R4','',#5,#6498,$);
#7304 = PRODUCT_RELATED_PRODUCT_CATEGORY('part',$,(#6500));
#7305 = CONTEXT_DEPENDENT_SHAPE_REPRESENTATION(#7306,#7308);
#7306 = ( REPRESENTATION_RELATIONSHIP('','',#989,#10) 
REPRESENTATION_RELATIONSHIP_WITH_TRANSFORMATION(#7307) 
SHAPE_REPRESENTATION_RELATIONSHIP() );
#7307 = ITEM_DEFINED_TRANSFORMATION('','',#11,#39);
#7308 = PRODUCT_DEFINITION_SHAPE('Placement','Placement of an item',
  #7309);
#7309 = NEXT_ASSEMBLY_USAGE_OCCURRENCE('7','C4','',#5,#984,$);
#7310 = SHAPE_DEFINITION_REPRESENTATION(#7311,#7317);
#7311 = PRODUCT_DEFINITION_SHAPE('','',#7312);
#7312 = PRODUCT_DEFINITION('design','',#7313,#7316);
#7313 = PRODUCT_DEFINITION_FORMATION('','',#7314);
#7314 = PRODUCT('C_1210_3225Metric','C_1210_3225Metric','',(#7315));
#7315 = PRODUCT_CONTEXT('',#2,'mechanical');
#7316 = PRODUCT_DEFINITION_CONTEXT('part definition',#2,'design');
#7317 = ADVANCED_BREP_SHAPE_REPRESENTATION('',(#11,#7318),#8172);
#7318 = MANIFOLD_SOLID_BREP('',#7319);
#7319 = CLOSED_SHELL('',(#7320,#7396,#7427,#7452,#7477,#7501,#7525,#7550
    ,#7575,#7592,#7678,#7710,#7734,#7759,#7783,#7808,#7832,#7857,#7874,
    #7960,#7991,#8016,#8041,#8065,#8089,#8114,#8139,#8156));
#7320 = ADVANCED_FACE('',(#7321),#7391,.F.);
#7321 = FACE_BOUND('',#7322,.F.);
#7322 = EDGE_LOOP('',(#7323,#7333,#7342,#7350,#7359,#7367,#7376,#7384));
#7323 = ORIENTED_EDGE('',*,*,#7324,.F.);
#7324 = EDGE_CURVE('',#7325,#7327,#7329,.T.);
#7325 = VERTEX_POINT('',#7326);
#7326 = CARTESIAN_POINT('',(-1.6,-1.25,4.E-02));
#7327 = VERTEX_POINT('',#7328);
#7328 = CARTESIAN_POINT('',(-1.6,-1.25,2.46));
#7329 = LINE('',#7330,#7331);
#7330 = CARTESIAN_POINT('',(-1.6,-1.25,0.));
#7331 = VECTOR('',#7332,1.);
#7332 = DIRECTION('',(0.,0.,1.));
#7333 = ORIENTED_EDGE('',*,*,#7334,.T.);
#7334 = EDGE_CURVE('',#7325,#7335,#7337,.T.);
#7335 = VERTEX_POINT('',#7336);
#7336 = CARTESIAN_POINT('',(-1.6,-1.21,0.));
#7337 = CIRCLE('',#7338,4.E-02);
#7338 = AXIS2_PLACEMENT_3D('',#7339,#7340,#7341);
#7339 = CARTESIAN_POINT('',(-1.6,-1.21,4.E-02));
#7340 = DIRECTION('',(1.,0.,-0.));
#7341 = DIRECTION('',(0.,0.,1.));
#7342 = ORIENTED_EDGE('',*,*,#7343,.T.);
#7343 = EDGE_CURVE('',#7335,#7344,#7346,.T.);
#7344 = VERTEX_POINT('',#7345);
#7345 = CARTESIAN_POINT('',(-1.6,1.21,0.));
#7346 = LINE('',#7347,#7348);
#7347 = CARTESIAN_POINT('',(-1.6,-1.25,0.));
#7348 = VECTOR('',#7349,1.);
#7349 = DIRECTION('',(0.,1.,0.));
#7350 = ORIENTED_EDGE('',*,*,#7351,.F.);
#7351 = EDGE_CURVE('',#7352,#7344,#7354,.T.);
#7352 = VERTEX_POINT('',#7353);
#7353 = CARTESIAN_POINT('',(-1.6,1.25,4.E-02));
#7354 = CIRCLE('',#7355,4.E-02);
#7355 = AXIS2_PLACEMENT_3D('',#7356,#7357,#7358);
#7356 = CARTESIAN_POINT('',(-1.6,1.21,4.E-02));
#7357 = DIRECTION('',(-1.,0.,0.));
#7358 = DIRECTION('',(0.,0.,1.));
#7359 = ORIENTED_EDGE('',*,*,#7360,.T.);
#7360 = EDGE_CURVE('',#7352,#7361,#7363,.T.);
#7361 = VERTEX_POINT('',#7362);
#7362 = CARTESIAN_POINT('',(-1.6,1.25,2.46));
#7363 = LINE('',#7364,#7365);
#7364 = CARTESIAN_POINT('',(-1.6,1.25,0.));
#7365 = VECTOR('',#7366,1.);
#7366 = DIRECTION('',(0.,0.,1.));
#7367 = ORIENTED_EDGE('',*,*,#7368,.T.);
#7368 = EDGE_CURVE('',#7361,#7369,#7371,.T.);
#7369 = VERTEX_POINT('',#7370);
#7370 = CARTESIAN_POINT('',(-1.6,1.21,2.5));
#7371 = CIRCLE('',#7372,4.E-02);
#7372 = AXIS2_PLACEMENT_3D('',#7373,#7374,#7375);
#7373 = CARTESIAN_POINT('',(-1.6,1.21,2.46));
#7374 = DIRECTION('',(1.,0.,-0.));
#7375 = DIRECTION('',(0.,0.,1.));
#7376 = ORIENTED_EDGE('',*,*,#7377,.F.);
#7377 = EDGE_CURVE('',#7378,#7369,#7380,.T.);
#7378 = VERTEX_POINT('',#7379);
#7379 = CARTESIAN_POINT('',(-1.6,-1.21,2.5));
#7380 = LINE('',#7381,#7382);
#7381 = CARTESIAN_POINT('',(-1.6,-1.25,2.5));
#7382 = VECTOR('',#7383,1.);
#7383 = DIRECTION('',(0.,1.,0.));
#7384 = ORIENTED_EDGE('',*,*,#7385,.F.);
#7385 = EDGE_CURVE('',#7327,#7378,#7386,.T.);
#7386 = CIRCLE('',#7387,4.E-02);
#7387 = AXIS2_PLACEMENT_3D('',#7388,#7389,#7390);
#7388 = CARTESIAN_POINT('',(-1.6,-1.21,2.46));
#7389 = DIRECTION('',(-1.,0.,0.));
#7390 = DIRECTION('',(0.,0.,1.));
#7391 = PLANE('',#7392);
#7392 = AXIS2_PLACEMENT_3D('',#7393,#7394,#7395);
#7393 = CARTESIAN_POINT('',(-1.6,-1.25,0.));
#7394 = DIRECTION('',(1.,0.,0.));
#7395 = DIRECTION('',(0.,0.,1.));
#7396 = ADVANCED_FACE('',(#7397),#7422,.F.);
#7397 = FACE_BOUND('',#7398,.F.);
#7398 = EDGE_LOOP('',(#7399,#7409,#7415,#7416));
#7399 = ORIENTED_EDGE('',*,*,#7400,.F.);
#7400 = EDGE_CURVE('',#7401,#7403,#7405,.T.);
#7401 = VERTEX_POINT('',#7402);
#7402 = CARTESIAN_POINT('',(-1.2,-1.25,4.E-02));
#7403 = VERTEX_POINT('',#7404);
#7404 = CARTESIAN_POINT('',(-1.2,-1.25,2.46));
#7405 = LINE('',#7406,#7407);
#7406 = CARTESIAN_POINT('',(-1.2,-1.25,0.));
#7407 = VECTOR('',#7408,1.);
#7408 = DIRECTION('',(0.,0.,1.));
#7409 = ORIENTED_EDGE('',*,*,#7410,.F.);
#7410 = EDGE_CURVE('',#7325,#7401,#7411,.T.);
#7411 = LINE('',#7412,#7413);
#7412 = CARTESIAN_POINT('',(-1.6,-1.25,4.E-02));
#7413 = VECTOR('',#7414,1.);
#7414 = DIRECTION('',(1.,0.,0.));
#7415 = ORIENTED_EDGE('',*,*,#7324,.T.);
#7416 = ORIENTED_EDGE('',*,*,#7417,.T.);
#7417 = EDGE_CURVE('',#7327,#7403,#7418,.T.);
#7418 = LINE('',#7419,#7420);
#7419 = CARTESIAN_POINT('',(-1.6,-1.25,2.46));
#7420 = VECTOR('',#7421,1.);
#7421 = DIRECTION('',(1.,0.,0.));
#7422 = PLANE('',#7423);
#7423 = AXIS2_PLACEMENT_3D('',#7424,#7425,#7426);
#7424 = CARTESIAN_POINT('',(-1.6,-1.25,0.));
#7425 = DIRECTION('',(0.,1.,0.));
#7426 = DIRECTION('',(0.,-0.,1.));
#7427 = ADVANCED_FACE('',(#7428),#7447,.T.);
#7428 = FACE_BOUND('',#7429,.T.);
#7429 = EDGE_LOOP('',(#7430,#7431,#7439,#7446));
#7430 = ORIENTED_EDGE('',*,*,#7334,.T.);
#7431 = ORIENTED_EDGE('',*,*,#7432,.T.);
#7432 = EDGE_CURVE('',#7335,#7433,#7435,.T.);
#7433 = VERTEX_POINT('',#7434);
#7434 = CARTESIAN_POINT('',(-1.2,-1.21,0.));
#7435 = LINE('',#7436,#7437);
#7436 = CARTESIAN_POINT('',(-1.6,-1.21,0.));
#7437 = VECTOR('',#7438,1.);
#7438 = DIRECTION('',(1.,0.,0.));
#7439 = ORIENTED_EDGE('',*,*,#7440,.F.);
#7440 = EDGE_CURVE('',#7401,#7433,#7441,.T.);
#7441 = CIRCLE('',#7442,4.E-02);
#7442 = AXIS2_PLACEMENT_3D('',#7443,#7444,#7445);
#7443 = CARTESIAN_POINT('',(-1.2,-1.21,4.E-02));
#7444 = DIRECTION('',(1.,0.,-0.));
#7445 = DIRECTION('',(0.,0.,1.));
#7446 = ORIENTED_EDGE('',*,*,#7410,.F.);
#7447 = CYLINDRICAL_SURFACE('',#7448,4.E-02);
#7448 = AXIS2_PLACEMENT_3D('',#7449,#7450,#7451);
#7449 = CARTESIAN_POINT('',(-1.6,-1.21,4.E-02));
#7450 = DIRECTION('',(1.,0.,0.));
#7451 = DIRECTION('',(0.,-1.,0.));
#7452 = ADVANCED_FACE('',(#7453),#7472,.T.);
#7453 = FACE_BOUND('',#7454,.T.);
#7454 = EDGE_LOOP('',(#7455,#7456,#7465,#7471));
#7455 = ORIENTED_EDGE('',*,*,#7417,.T.);
#7456 = ORIENTED_EDGE('',*,*,#7457,.T.);
#7457 = EDGE_CURVE('',#7403,#7458,#7460,.T.);
#7458 = VERTEX_POINT('',#7459);
#7459 = CARTESIAN_POINT('',(-1.2,-1.21,2.5));
#7460 = CIRCLE('',#7461,4.E-02);
#7461 = AXIS2_PLACEMENT_3D('',#7462,#7463,#7464);
#7462 = CARTESIAN_POINT('',(-1.2,-1.21,2.46));
#7463 = DIRECTION('',(-1.,0.,0.));
#7464 = DIRECTION('',(0.,0.,1.));
#7465 = ORIENTED_EDGE('',*,*,#7466,.F.);
#7466 = EDGE_CURVE('',#7378,#7458,#7467,.T.);
#7467 = LINE('',#7468,#7469);
#7468 = CARTESIAN_POINT('',(-1.6,-1.21,2.5));
#7469 = VECTOR('',#7470,1.);
#7470 = DIRECTION('',(1.,0.,0.));
#7471 = ORIENTED_EDGE('',*,*,#7385,.F.);
#7472 = CYLINDRICAL_SURFACE('',#7473,4.E-02);
#7473 = AXIS2_PLACEMENT_3D('',#7474,#7475,#7476);
#7474 = CARTESIAN_POINT('',(-1.6,-1.21,2.46));
#7475 = DIRECTION('',(1.,0.,0.));
#7476 = DIRECTION('',(0.,-1.,0.));
#7477 = ADVANCED_FACE('',(#7478),#7496,.F.);
#7478 = FACE_BOUND('',#7479,.F.);
#7479 = EDGE_LOOP('',(#7480,#7481,#7482,#7490));
#7480 = ORIENTED_EDGE('',*,*,#7343,.F.);
#7481 = ORIENTED_EDGE('',*,*,#7432,.T.);
#7482 = ORIENTED_EDGE('',*,*,#7483,.T.);
#7483 = EDGE_CURVE('',#7433,#7484,#7486,.T.);
#7484 = VERTEX_POINT('',#7485);
#7485 = CARTESIAN_POINT('',(-1.2,1.21,0.));
#7486 = LINE('',#7487,#7488);
#7487 = CARTESIAN_POINT('',(-1.2,-1.25,0.));
#7488 = VECTOR('',#7489,1.);
#7489 = DIRECTION('',(0.,1.,0.));
#7490 = ORIENTED_EDGE('',*,*,#7491,.F.);
#7491 = EDGE_CURVE('',#7344,#7484,#7492,.T.);
#7492 = LINE('',#7493,#7494);
#7493 = CARTESIAN_POINT('',(-1.6,1.21,0.));
#7494 = VECTOR('',#7495,1.);
#7495 = DIRECTION('',(1.,0.,0.));
#7496 = PLANE('',#7497);
#7497 = AXIS2_PLACEMENT_3D('',#7498,#7499,#7500);
#7498 = CARTESIAN_POINT('',(-1.6,-1.25,0.));
#7499 = DIRECTION('',(0.,0.,1.));
#7500 = DIRECTION('',(1.,0.,-0.));
#7501 = ADVANCED_FACE('',(#7502),#7520,.T.);
#7502 = FACE_BOUND('',#7503,.T.);
#7503 = EDGE_LOOP('',(#7504,#7505,#7506,#7514));
#7504 = ORIENTED_EDGE('',*,*,#7377,.F.);
#7505 = ORIENTED_EDGE('',*,*,#7466,.T.);
#7506 = ORIENTED_EDGE('',*,*,#7507,.T.);
#7507 = EDGE_CURVE('',#7458,#7508,#7510,.T.);
#7508 = VERTEX_POINT('',#7509);
#7509 = CARTESIAN_POINT('',(-1.2,1.21,2.5));
#7510 = LINE('',#7511,#7512);
#7511 = CARTESIAN_POINT('',(-1.2,-1.25,2.5));
#7512 = VECTOR('',#7513,1.);
#7513 = DIRECTION('',(0.,1.,0.));
#7514 = ORIENTED_EDGE('',*,*,#7515,.F.);
#7515 = EDGE_CURVE('',#7369,#7508,#7516,.T.);
#7516 = LINE('',#7517,#7518);
#7517 = CARTESIAN_POINT('',(-1.6,1.21,2.5));
#7518 = VECTOR('',#7519,1.);
#7519 = DIRECTION('',(1.,0.,0.));
#7520 = PLANE('',#7521);
#7521 = AXIS2_PLACEMENT_3D('',#7522,#7523,#7524);
#7522 = CARTESIAN_POINT('',(-1.6,-1.25,2.5));
#7523 = DIRECTION('',(0.,0.,1.));
#7524 = DIRECTION('',(1.,0.,-0.));
#7525 = ADVANCED_FACE('',(#7526),#7545,.T.);
#7526 = FACE_BOUND('',#7527,.T.);
#7527 = EDGE_LOOP('',(#7528,#7536,#7543,#7544));
#7528 = ORIENTED_EDGE('',*,*,#7529,.T.);
#7529 = EDGE_CURVE('',#7352,#7530,#7532,.T.);
#7530 = VERTEX_POINT('',#7531);
#7531 = CARTESIAN_POINT('',(-1.2,1.25,4.E-02));
#7532 = LINE('',#7533,#7534);
#7533 = CARTESIAN_POINT('',(-1.6,1.25,4.E-02));
#7534 = VECTOR('',#7535,1.);
#7535 = DIRECTION('',(1.,0.,0.));
#7536 = ORIENTED_EDGE('',*,*,#7537,.T.);
#7537 = EDGE_CURVE('',#7530,#7484,#7538,.T.);
#7538 = CIRCLE('',#7539,4.E-02);
#7539 = AXIS2_PLACEMENT_3D('',#7540,#7541,#7542);
#7540 = CARTESIAN_POINT('',(-1.2,1.21,4.E-02));
#7541 = DIRECTION('',(-1.,0.,0.));
#7542 = DIRECTION('',(0.,0.,1.));
#7543 = ORIENTED_EDGE('',*,*,#7491,.F.);
#7544 = ORIENTED_EDGE('',*,*,#7351,.F.);
#7545 = CYLINDRICAL_SURFACE('',#7546,4.E-02);
#7546 = AXIS2_PLACEMENT_3D('',#7547,#7548,#7549);
#7547 = CARTESIAN_POINT('',(-1.6,1.21,4.E-02));
#7548 = DIRECTION('',(1.,0.,0.));
#7549 = DIRECTION('',(-0.,1.,0.));
#7550 = ADVANCED_FACE('',(#7551),#7570,.T.);
#7551 = FACE_BOUND('',#7552,.T.);
#7552 = EDGE_LOOP('',(#7553,#7554,#7555,#7564));
#7553 = ORIENTED_EDGE('',*,*,#7368,.T.);
#7554 = ORIENTED_EDGE('',*,*,#7515,.T.);
#7555 = ORIENTED_EDGE('',*,*,#7556,.F.);
#7556 = EDGE_CURVE('',#7557,#7508,#7559,.T.);
#7557 = VERTEX_POINT('',#7558);
#7558 = CARTESIAN_POINT('',(-1.2,1.25,2.46));
#7559 = CIRCLE('',#7560,4.E-02);
#7560 = AXIS2_PLACEMENT_3D('',#7561,#7562,#7563);
#7561 = CARTESIAN_POINT('',(-1.2,1.21,2.46));
#7562 = DIRECTION('',(1.,0.,-0.));
#7563 = DIRECTION('',(0.,0.,1.));
#7564 = ORIENTED_EDGE('',*,*,#7565,.F.);
#7565 = EDGE_CURVE('',#7361,#7557,#7566,.T.);
#7566 = LINE('',#7567,#7568);
#7567 = CARTESIAN_POINT('',(-1.6,1.25,2.46));
#7568 = VECTOR('',#7569,1.);
#7569 = DIRECTION('',(1.,0.,0.));
#7570 = CYLINDRICAL_SURFACE('',#7571,4.E-02);
#7571 = AXIS2_PLACEMENT_3D('',#7572,#7573,#7574);
#7572 = CARTESIAN_POINT('',(-1.6,1.21,2.46));
#7573 = DIRECTION('',(1.,0.,0.));
#7574 = DIRECTION('',(-0.,1.,0.));
#7575 = ADVANCED_FACE('',(#7576),#7587,.T.);
#7576 = FACE_BOUND('',#7577,.T.);
#7577 = EDGE_LOOP('',(#7578,#7584,#7585,#7586));
#7578 = ORIENTED_EDGE('',*,*,#7579,.F.);
#7579 = EDGE_CURVE('',#7530,#7557,#7580,.T.);
#7580 = LINE('',#7581,#7582);
#7581 = CARTESIAN_POINT('',(-1.2,1.25,0.));
#7582 = VECTOR('',#7583,1.);
#7583 = DIRECTION('',(0.,0.,1.));
#7584 = ORIENTED_EDGE('',*,*,#7529,.F.);
#7585 = ORIENTED_EDGE('',*,*,#7360,.T.);
#7586 = ORIENTED_EDGE('',*,*,#7565,.T.);
#7587 = PLANE('',#7588);
#7588 = AXIS2_PLACEMENT_3D('',#7589,#7590,#7591);
#7589 = CARTESIAN_POINT('',(-1.6,1.25,0.));
#7590 = DIRECTION('',(0.,1.,0.));
#7591 = DIRECTION('',(0.,-0.,1.));
#7592 = ADVANCED_FACE('',(#7593,#7603),#7673,.T.);
#7593 = FACE_BOUND('',#7594,.T.);
#7594 = EDGE_LOOP('',(#7595,#7596,#7597,#7598,#7599,#7600,#7601,#7602));
#7595 = ORIENTED_EDGE('',*,*,#7400,.F.);
#7596 = ORIENTED_EDGE('',*,*,#7440,.T.);
#7597 = ORIENTED_EDGE('',*,*,#7483,.T.);
#7598 = ORIENTED_EDGE('',*,*,#7537,.F.);
#7599 = ORIENTED_EDGE('',*,*,#7579,.T.);
#7600 = ORIENTED_EDGE('',*,*,#7556,.T.);
#7601 = ORIENTED_EDGE('',*,*,#7507,.F.);
#7602 = ORIENTED_EDGE('',*,*,#7457,.F.);
#7603 = FACE_BOUND('',#7604,.T.);
#7604 = EDGE_LOOP('',(#7605,#7616,#7624,#7633,#7641,#7650,#7658,#7667));
#7605 = ORIENTED_EDGE('',*,*,#7606,.F.);
#7606 = EDGE_CURVE('',#7607,#7609,#7611,.T.);
#7607 = VERTEX_POINT('',#7608);
#7608 = CARTESIAN_POINT('',(-1.2,-1.21,8.E-02));
#7609 = VERTEX_POINT('',#7610);
#7610 = CARTESIAN_POINT('',(-1.2,-1.17,4.E-02));
#7611 = CIRCLE('',#7612,4.E-02);
#7612 = AXIS2_PLACEMENT_3D('',#7613,#7614,#7615);
#7613 = CARTESIAN_POINT('',(-1.2,-1.17,8.E-02));
#7614 = DIRECTION('',(1.,0.,-0.));
#7615 = DIRECTION('',(0.,0.,1.));
#7616 = ORIENTED_EDGE('',*,*,#7617,.T.);
#7617 = EDGE_CURVE('',#7607,#7618,#7620,.T.);
#7618 = VERTEX_POINT('',#7619);
#7619 = CARTESIAN_POINT('',(-1.2,-1.21,2.42));
#7620 = LINE('',#7621,#7622);
#7621 = CARTESIAN_POINT('',(-1.2,-1.21,4.E-02));
#7622 = VECTOR('',#7623,1.);
#7623 = DIRECTION('',(0.,0.,1.));
#7624 = ORIENTED_EDGE('',*,*,#7625,.T.);
#7625 = EDGE_CURVE('',#7618,#7626,#7628,.T.);
#7626 = VERTEX_POINT('',#7627);
#7627 = CARTESIAN_POINT('',(-1.2,-1.17,2.46));
#7628 = CIRCLE('',#7629,4.E-02);
#7629 = AXIS2_PLACEMENT_3D('',#7630,#7631,#7632);
#7630 = CARTESIAN_POINT('',(-1.2,-1.17,2.42));
#7631 = DIRECTION('',(-1.,0.,0.));
#7632 = DIRECTION('',(0.,0.,1.));
#7633 = ORIENTED_EDGE('',*,*,#7634,.T.);
#7634 = EDGE_CURVE('',#7626,#7635,#7637,.T.);
#7635 = VERTEX_POINT('',#7636);
#7636 = CARTESIAN_POINT('',(-1.2,1.17,2.46));
#7637 = LINE('',#7638,#7639);
#7638 = CARTESIAN_POINT('',(-1.2,-1.21,2.46));
#7639 = VECTOR('',#7640,1.);
#7640 = DIRECTION('',(0.,1.,0.));
#7641 = ORIENTED_EDGE('',*,*,#7642,.F.);
#7642 = EDGE_CURVE('',#7643,#7635,#7645,.T.);
#7643 = VERTEX_POINT('',#7644);
#7644 = CARTESIAN_POINT('',(-1.2,1.21,2.42));
#7645 = CIRCLE('',#7646,4.E-02);
#7646 = AXIS2_PLACEMENT_3D('',#7647,#7648,#7649);
#7647 = CARTESIAN_POINT('',(-1.2,1.17,2.42));
#7648 = DIRECTION('',(1.,0.,-0.));
#7649 = DIRECTION('',(0.,0.,1.));
#7650 = ORIENTED_EDGE('',*,*,#7651,.F.);
#7651 = EDGE_CURVE('',#7652,#7643,#7654,.T.);
#7652 = VERTEX_POINT('',#7653);
#7653 = CARTESIAN_POINT('',(-1.2,1.21,8.E-02));
#7654 = LINE('',#7655,#7656);
#7655 = CARTESIAN_POINT('',(-1.2,1.21,4.E-02));
#7656 = VECTOR('',#7657,1.);
#7657 = DIRECTION('',(0.,0.,1.));
#7658 = ORIENTED_EDGE('',*,*,#7659,.T.);
#7659 = EDGE_CURVE('',#7652,#7660,#7662,.T.);
#7660 = VERTEX_POINT('',#7661);
#7661 = CARTESIAN_POINT('',(-1.2,1.17,4.E-02));
#7662 = CIRCLE('',#7663,4.E-02);
#7663 = AXIS2_PLACEMENT_3D('',#7664,#7665,#7666);
#7664 = CARTESIAN_POINT('',(-1.2,1.17,8.E-02));
#7665 = DIRECTION('',(-1.,0.,0.));
#7666 = DIRECTION('',(0.,0.,1.));
#7667 = ORIENTED_EDGE('',*,*,#7668,.F.);
#7668 = EDGE_CURVE('',#7609,#7660,#7669,.T.);
#7669 = LINE('',#7670,#7671);
#7670 = CARTESIAN_POINT('',(-1.2,-1.21,4.E-02));
#7671 = VECTOR('',#7672,1.);
#7672 = DIRECTION('',(0.,1.,0.));
#7673 = PLANE('',#7674);
#7674 = AXIS2_PLACEMENT_3D('',#7675,#7676,#7677);
#7675 = CARTESIAN_POINT('',(-1.2,-1.25,0.));
#7676 = DIRECTION('',(1.,0.,0.));
#7677 = DIRECTION('',(0.,0.,1.));
#7678 = ADVANCED_FACE('',(#7679),#7705,.T.);
#7679 = FACE_BOUND('',#7680,.T.);
#7680 = EDGE_LOOP('',(#7681,#7682,#7690,#7699));
#7681 = ORIENTED_EDGE('',*,*,#7606,.T.);
#7682 = ORIENTED_EDGE('',*,*,#7683,.T.);
#7683 = EDGE_CURVE('',#7609,#7684,#7686,.T.);
#7684 = VERTEX_POINT('',#7685);
#7685 = CARTESIAN_POINT('',(1.2,-1.17,4.E-02));
#7686 = LINE('',#7687,#7688);
#7687 = CARTESIAN_POINT('',(-1.2,-1.17,4.E-02));
#7688 = VECTOR('',#7689,1.);
#7689 = DIRECTION('',(1.,0.,0.));
#7690 = ORIENTED_EDGE('',*,*,#7691,.F.);
#7691 = EDGE_CURVE('',#7692,#7684,#7694,.T.);
#7692 = VERTEX_POINT('',#7693);
#7693 = CARTESIAN_POINT('',(1.2,-1.21,8.E-02));
#7694 = CIRCLE('',#7695,4.E-02);
#7695 = AXIS2_PLACEMENT_3D('',#7696,#7697,#7698);
#7696 = CARTESIAN_POINT('',(1.2,-1.17,8.E-02));
#7697 = DIRECTION('',(1.,0.,-0.));
#7698 = DIRECTION('',(0.,0.,1.));
#7699 = ORIENTED_EDGE('',*,*,#7700,.F.);
#7700 = EDGE_CURVE('',#7607,#7692,#7701,.T.);
#7701 = LINE('',#7702,#7703);
#7702 = CARTESIAN_POINT('',(-1.2,-1.21,8.E-02));
#7703 = VECTOR('',#7704,1.);
#7704 = DIRECTION('',(1.,0.,0.));
#7705 = CYLINDRICAL_SURFACE('',#7706,4.E-02);
#7706 = AXIS2_PLACEMENT_3D('',#7707,#7708,#7709);
#7707 = CARTESIAN_POINT('',(-1.2,-1.17,8.E-02));
#7708 = DIRECTION('',(1.,0.,0.));
#7709 = DIRECTION('',(0.,-1.,0.));
#7710 = ADVANCED_FACE('',(#7711),#7729,.F.);
#7711 = FACE_BOUND('',#7712,.F.);
#7712 = EDGE_LOOP('',(#7713,#7714,#7715,#7723));
#7713 = ORIENTED_EDGE('',*,*,#7668,.F.);
#7714 = ORIENTED_EDGE('',*,*,#7683,.T.);
#7715 = ORIENTED_EDGE('',*,*,#7716,.T.);
#7716 = EDGE_CURVE('',#7684,#7717,#7719,.T.);
#7717 = VERTEX_POINT('',#7718);
#7718 = CARTESIAN_POINT('',(1.2,1.17,4.E-02));
#7719 = LINE('',#7720,#7721);
#7720 = CARTESIAN_POINT('',(1.2,-1.21,4.E-02));
#7721 = VECTOR('',#7722,1.);
#7722 = DIRECTION('',(0.,1.,0.));
#7723 = ORIENTED_EDGE('',*,*,#7724,.F.);
#7724 = EDGE_CURVE('',#7660,#7717,#7725,.T.);
#7725 = LINE('',#7726,#7727);
#7726 = CARTESIAN_POINT('',(-1.2,1.17,4.E-02));
#7727 = VECTOR('',#7728,1.);
#7728 = DIRECTION('',(1.,0.,0.));
#7729 = PLANE('',#7730);
#7730 = AXIS2_PLACEMENT_3D('',#7731,#7732,#7733);
#7731 = CARTESIAN_POINT('',(-1.2,-1.21,4.E-02));
#7732 = DIRECTION('',(0.,0.,1.));
#7733 = DIRECTION('',(1.,0.,-0.));
#7734 = ADVANCED_FACE('',(#7735),#7754,.T.);
#7735 = FACE_BOUND('',#7736,.T.);
#7736 = EDGE_LOOP('',(#7737,#7745,#7752,#7753));
#7737 = ORIENTED_EDGE('',*,*,#7738,.T.);
#7738 = EDGE_CURVE('',#7652,#7739,#7741,.T.);
#7739 = VERTEX_POINT('',#7740);
#7740 = CARTESIAN_POINT('',(1.2,1.21,8.E-02));
#7741 = LINE('',#7742,#7743);
#7742 = CARTESIAN_POINT('',(-1.2,1.21,8.E-02));
#7743 = VECTOR('',#7744,1.);
#7744 = DIRECTION('',(1.,0.,0.));
#7745 = ORIENTED_EDGE('',*,*,#7746,.T.);
#7746 = EDGE_CURVE('',#7739,#7717,#7747,.T.);
#7747 = CIRCLE('',#7748,4.E-02);
#7748 = AXIS2_PLACEMENT_3D('',#7749,#7750,#7751);
#7749 = CARTESIAN_POINT('',(1.2,1.17,8.E-02));
#7750 = DIRECTION('',(-1.,0.,0.));
#7751 = DIRECTION('',(0.,0.,1.));
#7752 = ORIENTED_EDGE('',*,*,#7724,.F.);
#7753 = ORIENTED_EDGE('',*,*,#7659,.F.);
#7754 = CYLINDRICAL_SURFACE('',#7755,4.E-02);
#7755 = AXIS2_PLACEMENT_3D('',#7756,#7757,#7758);
#7756 = CARTESIAN_POINT('',(-1.2,1.17,8.E-02));
#7757 = DIRECTION('',(1.,0.,0.));
#7758 = DIRECTION('',(-0.,1.,0.));
#7759 = ADVANCED_FACE('',(#7760),#7778,.T.);
#7760 = FACE_BOUND('',#7761,.T.);
#7761 = EDGE_LOOP('',(#7762,#7770,#7771,#7772));
#7762 = ORIENTED_EDGE('',*,*,#7763,.F.);
#7763 = EDGE_CURVE('',#7739,#7764,#7766,.T.);
#7764 = VERTEX_POINT('',#7765);
#7765 = CARTESIAN_POINT('',(1.2,1.21,2.42));
#7766 = LINE('',#7767,#7768);
#7767 = CARTESIAN_POINT('',(1.2,1.21,4.E-02));
#7768 = VECTOR('',#7769,1.);
#7769 = DIRECTION('',(0.,0.,1.));
#7770 = ORIENTED_EDGE('',*,*,#7738,.F.);
#7771 = ORIENTED_EDGE('',*,*,#7651,.T.);
#7772 = ORIENTED_EDGE('',*,*,#7773,.T.);
#7773 = EDGE_CURVE('',#7643,#7764,#7774,.T.);
#7774 = LINE('',#7775,#7776);
#7775 = CARTESIAN_POINT('',(-1.2,1.21,2.42));
#7776 = VECTOR('',#7777,1.);
#7777 = DIRECTION('',(1.,0.,0.));
#7778 = PLANE('',#7779);
#7779 = AXIS2_PLACEMENT_3D('',#7780,#7781,#7782);
#7780 = CARTESIAN_POINT('',(-1.2,1.21,4.E-02));
#7781 = DIRECTION('',(0.,1.,0.));
#7782 = DIRECTION('',(0.,-0.,1.));
#7783 = ADVANCED_FACE('',(#7784),#7803,.T.);
#7784 = FACE_BOUND('',#7785,.T.);
#7785 = EDGE_LOOP('',(#7786,#7787,#7795,#7802));
#7786 = ORIENTED_EDGE('',*,*,#7642,.T.);
#7787 = ORIENTED_EDGE('',*,*,#7788,.T.);
#7788 = EDGE_CURVE('',#7635,#7789,#7791,.T.);
#7789 = VERTEX_POINT('',#7790);
#7790 = CARTESIAN_POINT('',(1.2,1.17,2.46));
#7791 = LINE('',#7792,#7793);
#7792 = CARTESIAN_POINT('',(-1.2,1.17,2.46));
#7793 = VECTOR('',#7794,1.);
#7794 = DIRECTION('',(1.,0.,0.));
#7795 = ORIENTED_EDGE('',*,*,#7796,.F.);
#7796 = EDGE_CURVE('',#7764,#7789,#7797,.T.);
#7797 = CIRCLE('',#7798,4.E-02);
#7798 = AXIS2_PLACEMENT_3D('',#7799,#7800,#7801);
#7799 = CARTESIAN_POINT('',(1.2,1.17,2.42));
#7800 = DIRECTION('',(1.,0.,-0.));
#7801 = DIRECTION('',(0.,0.,1.));
#7802 = ORIENTED_EDGE('',*,*,#7773,.F.);
#7803 = CYLINDRICAL_SURFACE('',#7804,4.E-02);
#7804 = AXIS2_PLACEMENT_3D('',#7805,#7806,#7807);
#7805 = CARTESIAN_POINT('',(-1.2,1.17,2.42));
#7806 = DIRECTION('',(1.,0.,0.));
#7807 = DIRECTION('',(-0.,1.,0.));
#7808 = ADVANCED_FACE('',(#7809),#7827,.T.);
#7809 = FACE_BOUND('',#7810,.T.);
#7810 = EDGE_LOOP('',(#7811,#7812,#7820,#7826));
#7811 = ORIENTED_EDGE('',*,*,#7634,.F.);
#7812 = ORIENTED_EDGE('',*,*,#7813,.T.);
#7813 = EDGE_CURVE('',#7626,#7814,#7816,.T.);
#7814 = VERTEX_POINT('',#7815);
#7815 = CARTESIAN_POINT('',(1.2,-1.17,2.46));
#7816 = LINE('',#7817,#7818);
#7817 = CARTESIAN_POINT('',(-1.2,-1.17,2.46));
#7818 = VECTOR('',#7819,1.);
#7819 = DIRECTION('',(1.,0.,0.));
#7820 = ORIENTED_EDGE('',*,*,#7821,.T.);
#7821 = EDGE_CURVE('',#7814,#7789,#7822,.T.);
#7822 = LINE('',#7823,#7824);
#7823 = CARTESIAN_POINT('',(1.2,-1.21,2.46));
#7824 = VECTOR('',#7825,1.);
#7825 = DIRECTION('',(0.,1.,0.));
#7826 = ORIENTED_EDGE('',*,*,#7788,.F.);
#7827 = PLANE('',#7828);
#7828 = AXIS2_PLACEMENT_3D('',#7829,#7830,#7831);
#7829 = CARTESIAN_POINT('',(-1.2,-1.21,2.46));
#7830 = DIRECTION('',(0.,0.,1.));
#7831 = DIRECTION('',(1.,0.,-0.));
#7832 = ADVANCED_FACE('',(#7833),#7852,.T.);
#7833 = FACE_BOUND('',#7834,.T.);
#7834 = EDGE_LOOP('',(#7835,#7843,#7850,#7851));
#7835 = ORIENTED_EDGE('',*,*,#7836,.T.);
#7836 = EDGE_CURVE('',#7618,#7837,#7839,.T.);
#7837 = VERTEX_POINT('',#7838);
#7838 = CARTESIAN_POINT('',(1.2,-1.21,2.42));
#7839 = LINE('',#7840,#7841);
#7840 = CARTESIAN_POINT('',(-1.2,-1.21,2.42));
#7841 = VECTOR('',#7842,1.);
#7842 = DIRECTION('',(1.,0.,0.));
#7843 = ORIENTED_EDGE('',*,*,#7844,.T.);
#7844 = EDGE_CURVE('',#7837,#7814,#7845,.T.);
#7845 = CIRCLE('',#7846,4.E-02);
#7846 = AXIS2_PLACEMENT_3D('',#7847,#7848,#7849);
#7847 = CARTESIAN_POINT('',(1.2,-1.17,2.42));
#7848 = DIRECTION('',(-1.,0.,0.));
#7849 = DIRECTION('',(0.,0.,1.));
#7850 = ORIENTED_EDGE('',*,*,#7813,.F.);
#7851 = ORIENTED_EDGE('',*,*,#7625,.F.);
#7852 = CYLINDRICAL_SURFACE('',#7853,4.E-02);
#7853 = AXIS2_PLACEMENT_3D('',#7854,#7855,#7856);
#7854 = CARTESIAN_POINT('',(-1.2,-1.17,2.42));
#7855 = DIRECTION('',(1.,0.,0.));
#7856 = DIRECTION('',(0.,-1.,0.));
#7857 = ADVANCED_FACE('',(#7858),#7869,.F.);
#7858 = FACE_BOUND('',#7859,.F.);
#7859 = EDGE_LOOP('',(#7860,#7866,#7867,#7868));
#7860 = ORIENTED_EDGE('',*,*,#7861,.F.);
#7861 = EDGE_CURVE('',#7692,#7837,#7862,.T.);
#7862 = LINE('',#7863,#7864);
#7863 = CARTESIAN_POINT('',(1.2,-1.21,4.E-02));
#7864 = VECTOR('',#7865,1.);
#7865 = DIRECTION('',(0.,0.,1.));
#7866 = ORIENTED_EDGE('',*,*,#7700,.F.);
#7867 = ORIENTED_EDGE('',*,*,#7617,.T.);
#7868 = ORIENTED_EDGE('',*,*,#7836,.T.);
#7869 = PLANE('',#7870);
#7870 = AXIS2_PLACEMENT_3D('',#7871,#7872,#7873);
#7871 = CARTESIAN_POINT('',(-1.2,-1.21,4.E-02));
#7872 = DIRECTION('',(0.,1.,0.));
#7873 = DIRECTION('',(0.,-0.,1.));
#7874 = ADVANCED_FACE('',(#7875,#7945),#7955,.F.);
#7875 = FACE_BOUND('',#7876,.F.);
#7876 = EDGE_LOOP('',(#7877,#7887,#7896,#7904,#7913,#7921,#7930,#7938));
#7877 = ORIENTED_EDGE('',*,*,#7878,.F.);
#7878 = EDGE_CURVE('',#7879,#7881,#7883,.T.);
#7879 = VERTEX_POINT('',#7880);
#7880 = CARTESIAN_POINT('',(1.2,-1.25,4.E-02));
#7881 = VERTEX_POINT('',#7882);
#7882 = CARTESIAN_POINT('',(1.2,-1.25,2.46));
#7883 = LINE('',#7884,#7885);
#7884 = CARTESIAN_POINT('',(1.2,-1.25,0.));
#7885 = VECTOR('',#7886,1.);
#7886 = DIRECTION('',(0.,0.,1.));
#7887 = ORIENTED_EDGE('',*,*,#7888,.T.);
#7888 = EDGE_CURVE('',#7879,#7889,#7891,.T.);
#7889 = VERTEX_POINT('',#7890);
#7890 = CARTESIAN_POINT('',(1.2,-1.21,0.));
#7891 = CIRCLE('',#7892,4.E-02);
#7892 = AXIS2_PLACEMENT_3D('',#7893,#7894,#7895);
#7893 = CARTESIAN_POINT('',(1.2,-1.21,4.E-02));
#7894 = DIRECTION('',(1.,0.,-0.));
#7895 = DIRECTION('',(0.,0.,1.));
#7896 = ORIENTED_EDGE('',*,*,#7897,.T.);
#7897 = EDGE_CURVE('',#7889,#7898,#7900,.T.);
#7898 = VERTEX_POINT('',#7899);
#7899 = CARTESIAN_POINT('',(1.2,1.21,0.));
#7900 = LINE('',#7901,#7902);
#7901 = CARTESIAN_POINT('',(1.2,-1.25,0.));
#7902 = VECTOR('',#7903,1.);
#7903 = DIRECTION('',(0.,1.,0.));
#7904 = ORIENTED_EDGE('',*,*,#7905,.F.);
#7905 = EDGE_CURVE('',#7906,#7898,#7908,.T.);
#7906 = VERTEX_POINT('',#7907);
#7907 = CARTESIAN_POINT('',(1.2,1.25,4.E-02));
#7908 = CIRCLE('',#7909,4.E-02);
#7909 = AXIS2_PLACEMENT_3D('',#7910,#7911,#7912);
#7910 = CARTESIAN_POINT('',(1.2,1.21,4.E-02));
#7911 = DIRECTION('',(-1.,0.,0.));
#7912 = DIRECTION('',(0.,0.,1.));
#7913 = ORIENTED_EDGE('',*,*,#7914,.T.);
#7914 = EDGE_CURVE('',#7906,#7915,#7917,.T.);
#7915 = VERTEX_POINT('',#7916);
#7916 = CARTESIAN_POINT('',(1.2,1.25,2.46));
#7917 = LINE('',#7918,#7919);
#7918 = CARTESIAN_POINT('',(1.2,1.25,0.));
#7919 = VECTOR('',#7920,1.);
#7920 = DIRECTION('',(0.,0.,1.));
#7921 = ORIENTED_EDGE('',*,*,#7922,.T.);
#7922 = EDGE_CURVE('',#7915,#7923,#7925,.T.);
#7923 = VERTEX_POINT('',#7924);
#7924 = CARTESIAN_POINT('',(1.2,1.21,2.5));
#7925 = CIRCLE('',#7926,4.E-02);
#7926 = AXIS2_PLACEMENT_3D('',#7927,#7928,#7929);
#7927 = CARTESIAN_POINT('',(1.2,1.21,2.46));
#7928 = DIRECTION('',(1.,0.,-0.));
#7929 = DIRECTION('',(0.,0.,1.));
#7930 = ORIENTED_EDGE('',*,*,#7931,.F.);
#7931 = EDGE_CURVE('',#7932,#7923,#7934,.T.);
#7932 = VERTEX_POINT('',#7933);
#7933 = CARTESIAN_POINT('',(1.2,-1.21,2.5));
#7934 = LINE('',#7935,#7936);
#7935 = CARTESIAN_POINT('',(1.2,-1.25,2.5));
#7936 = VECTOR('',#7937,1.);
#7937 = DIRECTION('',(0.,1.,0.));
#7938 = ORIENTED_EDGE('',*,*,#7939,.F.);
#7939 = EDGE_CURVE('',#7881,#7932,#7940,.T.);
#7940 = CIRCLE('',#7941,4.E-02);
#7941 = AXIS2_PLACEMENT_3D('',#7942,#7943,#7944);
#7942 = CARTESIAN_POINT('',(1.2,-1.21,2.46));
#7943 = DIRECTION('',(-1.,0.,0.));
#7944 = DIRECTION('',(0.,0.,1.));
#7945 = FACE_BOUND('',#7946,.F.);
#7946 = EDGE_LOOP('',(#7947,#7948,#7949,#7950,#7951,#7952,#7953,#7954));
#7947 = ORIENTED_EDGE('',*,*,#7691,.F.);
#7948 = ORIENTED_EDGE('',*,*,#7861,.T.);
#7949 = ORIENTED_EDGE('',*,*,#7844,.T.);
#7950 = ORIENTED_EDGE('',*,*,#7821,.T.);
#7951 = ORIENTED_EDGE('',*,*,#7796,.F.);
#7952 = ORIENTED_EDGE('',*,*,#7763,.F.);
#7953 = ORIENTED_EDGE('',*,*,#7746,.T.);
#7954 = ORIENTED_EDGE('',*,*,#7716,.F.);
#7955 = PLANE('',#7956);
#7956 = AXIS2_PLACEMENT_3D('',#7957,#7958,#7959);
#7957 = CARTESIAN_POINT('',(1.2,-1.25,0.));
#7958 = DIRECTION('',(1.,0.,0.));
#7959 = DIRECTION('',(0.,0.,1.));
#7960 = ADVANCED_FACE('',(#7961),#7986,.F.);
#7961 = FACE_BOUND('',#7962,.F.);
#7962 = EDGE_LOOP('',(#7963,#7973,#7979,#7980));
#7963 = ORIENTED_EDGE('',*,*,#7964,.F.);
#7964 = EDGE_CURVE('',#7965,#7967,#7969,.T.);
#7965 = VERTEX_POINT('',#7966);
#7966 = CARTESIAN_POINT('',(1.6,-1.25,4.E-02));
#7967 = VERTEX_POINT('',#7968);
#7968 = CARTESIAN_POINT('',(1.6,-1.25,2.46));
#7969 = LINE('',#7970,#7971);
#7970 = CARTESIAN_POINT('',(1.6,-1.25,0.));
#7971 = VECTOR('',#7972,1.);
#7972 = DIRECTION('',(0.,0.,1.));
#7973 = ORIENTED_EDGE('',*,*,#7974,.F.);
#7974 = EDGE_CURVE('',#7879,#7965,#7975,.T.);
#7975 = LINE('',#7976,#7977);
#7976 = CARTESIAN_POINT('',(1.2,-1.25,4.E-02));
#7977 = VECTOR('',#7978,1.);
#7978 = DIRECTION('',(1.,0.,0.));
#7979 = ORIENTED_EDGE('',*,*,#7878,.T.);
#7980 = ORIENTED_EDGE('',*,*,#7981,.T.);
#7981 = EDGE_CURVE('',#7881,#7967,#7982,.T.);
#7982 = LINE('',#7983,#7984);
#7983 = CARTESIAN_POINT('',(1.2,-1.25,2.46));
#7984 = VECTOR('',#7985,1.);
#7985 = DIRECTION('',(1.,0.,0.));
#7986 = PLANE('',#7987);
#7987 = AXIS2_PLACEMENT_3D('',#7988,#7989,#7990);
#7988 = CARTESIAN_POINT('',(1.2,-1.25,0.));
#7989 = DIRECTION('',(0.,1.,0.));
#7990 = DIRECTION('',(0.,-0.,1.));
#7991 = ADVANCED_FACE('',(#7992),#8011,.T.);
#7992 = FACE_BOUND('',#7993,.T.);
#7993 = EDGE_LOOP('',(#7994,#7995,#8003,#8010));
#7994 = ORIENTED_EDGE('',*,*,#7888,.T.);
#7995 = ORIENTED_EDGE('',*,*,#7996,.T.);
#7996 = EDGE_CURVE('',#7889,#7997,#7999,.T.);
#7997 = VERTEX_POINT('',#7998);
#7998 = CARTESIAN_POINT('',(1.6,-1.21,0.));
#7999 = LINE('',#8000,#8001);
#8000 = CARTESIAN_POINT('',(1.2,-1.21,0.));
#8001 = VECTOR('',#8002,1.);
#8002 = DIRECTION('',(1.,0.,0.));
#8003 = ORIENTED_EDGE('',*,*,#8004,.F.);
#8004 = EDGE_CURVE('',#7965,#7997,#8005,.T.);
#8005 = CIRCLE('',#8006,4.E-02);
#8006 = AXIS2_PLACEMENT_3D('',#8007,#8008,#8009);
#8007 = CARTESIAN_POINT('',(1.6,-1.21,4.E-02));
#8008 = DIRECTION('',(1.,0.,-0.));
#8009 = DIRECTION('',(0.,0.,1.));
#8010 = ORIENTED_EDGE('',*,*,#7974,.F.);
#8011 = CYLINDRICAL_SURFACE('',#8012,4.E-02);
#8012 = AXIS2_PLACEMENT_3D('',#8013,#8014,#8015);
#8013 = CARTESIAN_POINT('',(1.2,-1.21,4.E-02));
#8014 = DIRECTION('',(1.,0.,0.));
#8015 = DIRECTION('',(0.,-1.,0.));
#8016 = ADVANCED_FACE('',(#8017),#8036,.T.);
#8017 = FACE_BOUND('',#8018,.T.);
#8018 = EDGE_LOOP('',(#8019,#8020,#8029,#8035));
#8019 = ORIENTED_EDGE('',*,*,#7981,.T.);
#8020 = ORIENTED_EDGE('',*,*,#8021,.T.);
#8021 = EDGE_CURVE('',#7967,#8022,#8024,.T.);
#8022 = VERTEX_POINT('',#8023);
#8023 = CARTESIAN_POINT('',(1.6,-1.21,2.5));
#8024 = CIRCLE('',#8025,4.E-02);
#8025 = AXIS2_PLACEMENT_3D('',#8026,#8027,#8028);
#8026 = CARTESIAN_POINT('',(1.6,-1.21,2.46));
#8027 = DIRECTION('',(-1.,0.,0.));
#8028 = DIRECTION('',(0.,0.,1.));
#8029 = ORIENTED_EDGE('',*,*,#8030,.F.);
#8030 = EDGE_CURVE('',#7932,#8022,#8031,.T.);
#8031 = LINE('',#8032,#8033);
#8032 = CARTESIAN_POINT('',(1.2,-1.21,2.5));
#8033 = VECTOR('',#8034,1.);
#8034 = DIRECTION('',(1.,0.,0.));
#8035 = ORIENTED_EDGE('',*,*,#7939,.F.);
#8036 = CYLINDRICAL_SURFACE('',#8037,4.E-02);
#8037 = AXIS2_PLACEMENT_3D('',#8038,#8039,#8040);
#8038 = CARTESIAN_POINT('',(1.2,-1.21,2.46));
#8039 = DIRECTION('',(1.,0.,0.));
#8040 = DIRECTION('',(0.,-1.,0.));
#8041 = ADVANCED_FACE('',(#8042),#8060,.F.);
#8042 = FACE_BOUND('',#8043,.F.);
#8043 = EDGE_LOOP('',(#8044,#8045,#8046,#8054));
#8044 = ORIENTED_EDGE('',*,*,#7897,.F.);
#8045 = ORIENTED_EDGE('',*,*,#7996,.T.);
#8046 = ORIENTED_EDGE('',*,*,#8047,.T.);
#8047 = EDGE_CURVE('',#7997,#8048,#8050,.T.);
#8048 = VERTEX_POINT('',#8049);
#8049 = CARTESIAN_POINT('',(1.6,1.21,0.));
#8050 = LINE('',#8051,#8052);
#8051 = CARTESIAN_POINT('',(1.6,-1.25,0.));
#8052 = VECTOR('',#8053,1.);
#8053 = DIRECTION('',(0.,1.,0.));
#8054 = ORIENTED_EDGE('',*,*,#8055,.F.);
#8055 = EDGE_CURVE('',#7898,#8048,#8056,.T.);
#8056 = LINE('',#8057,#8058);
#8057 = CARTESIAN_POINT('',(1.2,1.21,0.));
#8058 = VECTOR('',#8059,1.);
#8059 = DIRECTION('',(1.,0.,0.));
#8060 = PLANE('',#8061);
#8061 = AXIS2_PLACEMENT_3D('',#8062,#8063,#8064);
#8062 = CARTESIAN_POINT('',(1.2,-1.25,0.));
#8063 = DIRECTION('',(0.,0.,1.));
#8064 = DIRECTION('',(1.,0.,-0.));
#8065 = ADVANCED_FACE('',(#8066),#8084,.T.);
#8066 = FACE_BOUND('',#8067,.T.);
#8067 = EDGE_LOOP('',(#8068,#8069,#8070,#8078));
#8068 = ORIENTED_EDGE('',*,*,#7931,.F.);
#8069 = ORIENTED_EDGE('',*,*,#8030,.T.);
#8070 = ORIENTED_EDGE('',*,*,#8071,.T.);
#8071 = EDGE_CURVE('',#8022,#8072,#8074,.T.);
#8072 = VERTEX_POINT('',#8073);
#8073 = CARTESIAN_POINT('',(1.6,1.21,2.5));
#8074 = LINE('',#8075,#8076);
#8075 = CARTESIAN_POINT('',(1.6,-1.25,2.5));
#8076 = VECTOR('',#8077,1.);
#8077 = DIRECTION('',(0.,1.,0.));
#8078 = ORIENTED_EDGE('',*,*,#8079,.F.);
#8079 = EDGE_CURVE('',#7923,#8072,#8080,.T.);
#8080 = LINE('',#8081,#8082);
#8081 = CARTESIAN_POINT('',(1.2,1.21,2.5));
#8082 = VECTOR('',#8083,1.);
#8083 = DIRECTION('',(1.,0.,0.));
#8084 = PLANE('',#8085);
#8085 = AXIS2_PLACEMENT_3D('',#8086,#8087,#8088);
#8086 = CARTESIAN_POINT('',(1.2,-1.25,2.5));
#8087 = DIRECTION('',(0.,0.,1.));
#8088 = DIRECTION('',(1.,0.,-0.));
#8089 = ADVANCED_FACE('',(#8090),#8109,.T.);
#8090 = FACE_BOUND('',#8091,.T.);
#8091 = EDGE_LOOP('',(#8092,#8100,#8107,#8108));
#8092 = ORIENTED_EDGE('',*,*,#8093,.T.);
#8093 = EDGE_CURVE('',#7906,#8094,#8096,.T.);
#8094 = VERTEX_POINT('',#8095);
#8095 = CARTESIAN_POINT('',(1.6,1.25,4.E-02));
#8096 = LINE('',#8097,#8098);
#8097 = CARTESIAN_POINT('',(1.2,1.25,4.E-02));
#8098 = VECTOR('',#8099,1.);
#8099 = DIRECTION('',(1.,0.,0.));
#8100 = ORIENTED_EDGE('',*,*,#8101,.T.);
#8101 = EDGE_CURVE('',#8094,#8048,#8102,.T.);
#8102 = CIRCLE('',#8103,4.E-02);
#8103 = AXIS2_PLACEMENT_3D('',#8104,#8105,#8106);
#8104 = CARTESIAN_POINT('',(1.6,1.21,4.E-02));
#8105 = DIRECTION('',(-1.,0.,0.));
#8106 = DIRECTION('',(0.,0.,1.));
#8107 = ORIENTED_EDGE('',*,*,#8055,.F.);
#8108 = ORIENTED_EDGE('',*,*,#7905,.F.);
#8109 = CYLINDRICAL_SURFACE('',#8110,4.E-02);
#8110 = AXIS2_PLACEMENT_3D('',#8111,#8112,#8113);
#8111 = CARTESIAN_POINT('',(1.2,1.21,4.E-02));
#8112 = DIRECTION('',(1.,0.,0.));
#8113 = DIRECTION('',(-0.,1.,0.));
#8114 = ADVANCED_FACE('',(#8115),#8134,.T.);
#8115 = FACE_BOUND('',#8116,.T.);
#8116 = EDGE_LOOP('',(#8117,#8118,#8119,#8128));
#8117 = ORIENTED_EDGE('',*,*,#7922,.T.);
#8118 = ORIENTED_EDGE('',*,*,#8079,.T.);
#8119 = ORIENTED_EDGE('',*,*,#8120,.F.);
#8120 = EDGE_CURVE('',#8121,#8072,#8123,.T.);
#8121 = VERTEX_POINT('',#8122);
#8122 = CARTESIAN_POINT('',(1.6,1.25,2.46));
#8123 = CIRCLE('',#8124,4.E-02);
#8124 = AXIS2_PLACEMENT_3D('',#8125,#8126,#8127);
#8125 = CARTESIAN_POINT('',(1.6,1.21,2.46));
#8126 = DIRECTION('',(1.,0.,-0.));
#8127 = DIRECTION('',(0.,0.,1.));
#8128 = ORIENTED_EDGE('',*,*,#8129,.F.);
#8129 = EDGE_CURVE('',#7915,#8121,#8130,.T.);
#8130 = LINE('',#8131,#8132);
#8131 = CARTESIAN_POINT('',(1.2,1.25,2.46));
#8132 = VECTOR('',#8133,1.);
#8133 = DIRECTION('',(1.,0.,0.));
#8134 = CYLINDRICAL_SURFACE('',#8135,4.E-02);
#8135 = AXIS2_PLACEMENT_3D('',#8136,#8137,#8138);
#8136 = CARTESIAN_POINT('',(1.2,1.21,2.46));
#8137 = DIRECTION('',(1.,0.,0.));
#8138 = DIRECTION('',(-0.,1.,0.));
#8139 = ADVANCED_FACE('',(#8140),#8151,.T.);
#8140 = FACE_BOUND('',#8141,.T.);
#8141 = EDGE_LOOP('',(#8142,#8148,#8149,#8150));
#8142 = ORIENTED_EDGE('',*,*,#8143,.F.);
#8143 = EDGE_CURVE('',#8094,#8121,#8144,.T.);
#8144 = LINE('',#8145,#8146);
#8145 = CARTESIAN_POINT('',(1.6,1.25,0.));
#8146 = VECTOR('',#8147,1.);
#8147 = DIRECTION('',(0.,0.,1.));
#8148 = ORIENTED_EDGE('',*,*,#8093,.F.);
#8149 = ORIENTED_EDGE('',*,*,#7914,.T.);
#8150 = ORIENTED_EDGE('',*,*,#8129,.T.);
#8151 = PLANE('',#8152);
#8152 = AXIS2_PLACEMENT_3D('',#8153,#8154,#8155);
#8153 = CARTESIAN_POINT('',(1.2,1.25,0.));
#8154 = DIRECTION('',(0.,1.,0.));
#8155 = DIRECTION('',(0.,-0.,1.));
#8156 = ADVANCED_FACE('',(#8157),#8167,.T.);
#8157 = FACE_BOUND('',#8158,.T.);
#8158 = EDGE_LOOP('',(#8159,#8160,#8161,#8162,#8163,#8164,#8165,#8166));
#8159 = ORIENTED_EDGE('',*,*,#7964,.F.);
#8160 = ORIENTED_EDGE('',*,*,#8004,.T.);
#8161 = ORIENTED_EDGE('',*,*,#8047,.T.);
#8162 = ORIENTED_EDGE('',*,*,#8101,.F.);
#8163 = ORIENTED_EDGE('',*,*,#8143,.T.);
#8164 = ORIENTED_EDGE('',*,*,#8120,.T.);
#8165 = ORIENTED_EDGE('',*,*,#8071,.F.);
#8166 = ORIENTED_EDGE('',*,*,#8021,.F.);
#8167 = PLANE('',#8168);
#8168 = AXIS2_PLACEMENT_3D('',#8169,#8170,#8171);
#8169 = CARTESIAN_POINT('',(1.6,-1.25,0.));
#8170 = DIRECTION('',(1.,0.,0.));
#8171 = DIRECTION('',(0.,0.,1.));
#8172 = ( GEOMETRIC_REPRESENTATION_CONTEXT(3) 
GLOBAL_UNCERTAINTY_ASSIGNED_CONTEXT((#8176)) 
GLOBAL_UNIT_ASSIGNED_CONTEXT((#8173,#8174,#8175)) REPRESENTATION_CONTEXT
('Context #1','3D Context with UNIT and UNCERTAINTY') );
#8173 = ( LENGTH_UNIT() NAMED_UNIT(*) SI_UNIT(.MILLI.,.METRE.) );
#8174 = ( NAMED_UNIT(*) PLANE_ANGLE_UNIT() SI_UNIT($,.RADIAN.) );
#8175 = ( NAMED_UNIT(*) SI_UNIT($,.STERADIAN.) SOLID_ANGLE_UNIT() );
#8176 = UNCERTAINTY_MEASURE_WITH_UNIT(LENGTH_MEASURE(1.E-07),#8173,
  'distance_accuracy_value','confusion accuracy');
#8177 = CONTEXT_DEPENDENT_SHAPE_REPRESENTATION(#8178,#8180);
#8178 = ( REPRESENTATION_RELATIONSHIP('','',#7317,#10) 
REPRESENTATION_RELATIONSHIP_WITH_TRANSFORMATION(#8179) 
SHAPE_REPRESENTATION_RELATIONSHIP() );
#8179 = ITEM_DEFINED_TRANSFORMATION('','',#11,#43);
#8180 = PRODUCT_DEFINITION_SHAPE('Placement','Placement of an item',
  #8181);
#8181 = NEXT_ASSEMBLY_USAGE_OCCURRENCE('8','C11','',#5,#7312,$);
#8182 = PRODUCT_RELATED_PRODUCT_CATEGORY('part',$,(#7314));
#8183 = CONTEXT_DEPENDENT_SHAPE_REPRESENTATION(#8184,#8186);
#8184 = ( REPRESENTATION_RELATIONSHIP('','',#7317,#10) 
REPRESENTATION_RELATIONSHIP_WITH_TRANSFORMATION(#8185) 
SHAPE_REPRESENTATION_RELATIONSHIP() );
#8185 = ITEM_DEFINED_TRANSFORMATION('','',#11,#47);
#8186 = PRODUCT_DEFINITION_SHAPE('Placement','Placement of an item',
  #8187);
#8187 = NEXT_ASSEMBLY_USAGE_OCCURRENCE('9','C10','',#5,#7312,$);
#8188 = CONTEXT_DEPENDENT_SHAPE_REPRESENTATION(#8189,#8191);
#8189 = ( REPRESENTATION_RELATIONSHIP('','',#989,#10) 
REPRESENTATION_RELATIONSHIP_WITH_TRANSFORMATION(#8190) 
SHAPE_REPRESENTATION_RELATIONSHIP() );
#8190 = ITEM_DEFINED_TRANSFORMATION('','',#11,#51);
#8191 = PRODUCT_DEFINITION_SHAPE('Placement','Placement of an item',
  #8192);
#8192 = NEXT_ASSEMBLY_USAGE_OCCURRENCE('10','C8','',#5,#984,$);
#8193 = CONTEXT_DEPENDENT_SHAPE_REPRESENTATION(#8194,#8196);
#8194 = ( REPRESENTATION_RELATIONSHIP('','',#989,#10) 
REPRESENTATION_RELATIONSHIP_WITH_TRANSFORMATION(#8195) 
SHAPE_REPRESENTATION_RELATIONSHIP() );
#8195 = ITEM_DEFINED_TRANSFORMATION('','',#11,#55);
#8196 = PRODUCT_DEFINITION_SHAPE('Placement','Placement of an item',
  #8197);
#8197 = NEXT_ASSEMBLY_USAGE_OCCURRENCE('11','C3','',#5,#984,$);
#8198 = SHAPE_DEFINITION_REPRESENTATION(#8199,#8205);
#8199 = PRODUCT_DEFINITION_SHAPE('','',#8200);
#8200 = PRODUCT_DEFINITION('design','',#8201,#8204);
#8201 = PRODUCT_DEFINITION_FORMATION('','',#8202);
#8202 = PRODUCT('L_Wuerth_HCM-7050','L_Wuerth_HCM-7050','',(#8203));
#8203 = PRODUCT_CONTEXT('',#2,'mechanical');
#8204 = PRODUCT_DEFINITION_CONTEXT('part definition',#2,'design');
#8205 = ADVANCED_BREP_SHAPE_REPRESENTATION('',(#11,#8206),#8686);
#8206 = MANIFOLD_SOLID_BREP('',#8207);
#8207 = CLOSED_SHELL('',(#8208,#8280,#8311,#8335,#8414,#8445,#8469,#8493
    ,#8510,#8545,#8564,#8597,#8609,#8633,#8657,#8674));
#8208 = ADVANCED_FACE('',(#8209),#8275,.F.);
#8209 = FACE_BOUND('',#8210,.F.);
#8210 = EDGE_LOOP('',(#8211,#8221,#8229,#8237,#8245,#8253,#8261,#8269));
#8211 = ORIENTED_EDGE('',*,*,#8212,.F.);
#8212 = EDGE_CURVE('',#8213,#8215,#8217,.T.);
#8213 = VERTEX_POINT('',#8214);
#8214 = CARTESIAN_POINT('',(-3.5,-3.5,5.));
#8215 = VERTEX_POINT('',#8216);
#8216 = CARTESIAN_POINT('',(-3.5,3.5,5.));
#8217 = LINE('',#8218,#8219);
#8218 = CARTESIAN_POINT('',(-3.5,-3.5,5.));
#8219 = VECTOR('',#8220,1.);
#8220 = DIRECTION('',(0.,1.,0.));
#8221 = ORIENTED_EDGE('',*,*,#8222,.F.);
#8222 = EDGE_CURVE('',#8223,#8213,#8225,.T.);
#8223 = VERTEX_POINT('',#8224);
#8224 = CARTESIAN_POINT('',(-3.5,-3.5,0.));
#8225 = LINE('',#8226,#8227);
#8226 = CARTESIAN_POINT('',(-3.5,-3.5,0.));
#8227 = VECTOR('',#8228,1.);
#8228 = DIRECTION('',(0.,0.,1.));
#8229 = ORIENTED_EDGE('',*,*,#8230,.T.);
#8230 = EDGE_CURVE('',#8223,#8231,#8233,.T.);
#8231 = VERTEX_POINT('',#8232);
#8232 = CARTESIAN_POINT('',(-3.5,-1.25,0.));
#8233 = LINE('',#8234,#8235);
#8234 = CARTESIAN_POINT('',(-3.5,-3.5,0.));
#8235 = VECTOR('',#8236,1.);
#8236 = DIRECTION('',(0.,1.,0.));
#8237 = ORIENTED_EDGE('',*,*,#8238,.T.);
#8238 = EDGE_CURVE('',#8231,#8239,#8241,.T.);
#8239 = VERTEX_POINT('',#8240);
#8240 = CARTESIAN_POINT('',(-3.5,-1.25,1.5));
#8241 = LINE('',#8242,#8243);
#8242 = CARTESIAN_POINT('',(-3.5,-1.25,0.));
#8243 = VECTOR('',#8244,1.);
#8244 = DIRECTION('',(0.,0.,1.));
#8245 = ORIENTED_EDGE('',*,*,#8246,.F.);
#8246 = EDGE_CURVE('',#8247,#8239,#8249,.T.);
#8247 = VERTEX_POINT('',#8248);
#8248 = CARTESIAN_POINT('',(-3.5,1.25,1.5));
#8249 = LINE('',#8250,#8251);
#8250 = CARTESIAN_POINT('',(-3.5,-2.375,1.5));
#8251 = VECTOR('',#8252,1.);
#8252 = DIRECTION('',(0.,-1.,0.));
#8253 = ORIENTED_EDGE('',*,*,#8254,.F.);
#8254 = EDGE_CURVE('',#8255,#8247,#8257,.T.);
#8255 = VERTEX_POINT('',#8256);
#8256 = CARTESIAN_POINT('',(-3.5,1.25,0.));
#8257 = LINE('',#8258,#8259);
#8258 = CARTESIAN_POINT('',(-3.5,1.25,0.));
#8259 = VECTOR('',#8260,1.);
#8260 = DIRECTION('',(0.,0.,1.));
#8261 = ORIENTED_EDGE('',*,*,#8262,.T.);
#8262 = EDGE_CURVE('',#8255,#8263,#8265,.T.);
#8263 = VERTEX_POINT('',#8264);
#8264 = CARTESIAN_POINT('',(-3.5,3.5,0.));
#8265 = LINE('',#8266,#8267);
#8266 = CARTESIAN_POINT('',(-3.5,-3.5,0.));
#8267 = VECTOR('',#8268,1.);
#8268 = DIRECTION('',(0.,1.,0.));
#8269 = ORIENTED_EDGE('',*,*,#8270,.T.);
#8270 = EDGE_CURVE('',#8263,#8215,#8271,.T.);
#8271 = LINE('',#8272,#8273);
#8272 = CARTESIAN_POINT('',(-3.5,3.5,0.));
#8273 = VECTOR('',#8274,1.);
#8274 = DIRECTION('',(0.,0.,1.));
#8275 = PLANE('',#8276);
#8276 = AXIS2_PLACEMENT_3D('',#8277,#8278,#8279);
#8277 = CARTESIAN_POINT('',(-3.5,-3.5,0.));
#8278 = DIRECTION('',(1.,0.,0.));
#8279 = DIRECTION('',(0.,0.,1.));
#8280 = ADVANCED_FACE('',(#8281),#8306,.T.);
#8281 = FACE_BOUND('',#8282,.T.);
#8282 = EDGE_LOOP('',(#8283,#8284,#8292,#8300));
#8283 = ORIENTED_EDGE('',*,*,#8212,.F.);
#8284 = ORIENTED_EDGE('',*,*,#8285,.T.);
#8285 = EDGE_CURVE('',#8213,#8286,#8288,.T.);
#8286 = VERTEX_POINT('',#8287);
#8287 = CARTESIAN_POINT('',(3.5,-3.5,5.));
#8288 = LINE('',#8289,#8290);
#8289 = CARTESIAN_POINT('',(-3.5,-3.5,5.));
#8290 = VECTOR('',#8291,1.);
#8291 = DIRECTION('',(1.,0.,0.));
#8292 = ORIENTED_EDGE('',*,*,#8293,.T.);
#8293 = EDGE_CURVE('',#8286,#8294,#8296,.T.);
#8294 = VERTEX_POINT('',#8295);
#8295 = CARTESIAN_POINT('',(3.5,3.5,5.));
#8296 = LINE('',#8297,#8298);
#8297 = CARTESIAN_POINT('',(3.5,-3.5,5.));
#8298 = VECTOR('',#8299,1.);
#8299 = DIRECTION('',(0.,1.,0.));
#8300 = ORIENTED_EDGE('',*,*,#8301,.F.);
#8301 = EDGE_CURVE('',#8215,#8294,#8302,.T.);
#8302 = LINE('',#8303,#8304);
#8303 = CARTESIAN_POINT('',(-3.5,3.5,5.));
#8304 = VECTOR('',#8305,1.);
#8305 = DIRECTION('',(1.,0.,0.));
#8306 = PLANE('',#8307);
#8307 = AXIS2_PLACEMENT_3D('',#8308,#8309,#8310);
#8308 = CARTESIAN_POINT('',(-3.5,-3.5,5.));
#8309 = DIRECTION('',(0.,0.,1.));
#8310 = DIRECTION('',(1.,0.,-0.));
#8311 = ADVANCED_FACE('',(#8312),#8330,.T.);
#8312 = FACE_BOUND('',#8313,.T.);
#8313 = EDGE_LOOP('',(#8314,#8322,#8323,#8324));
#8314 = ORIENTED_EDGE('',*,*,#8315,.F.);
#8315 = EDGE_CURVE('',#8263,#8316,#8318,.T.);
#8316 = VERTEX_POINT('',#8317);
#8317 = CARTESIAN_POINT('',(3.5,3.5,0.));
#8318 = LINE('',#8319,#8320);
#8319 = CARTESIAN_POINT('',(-3.5,3.5,0.));
#8320 = VECTOR('',#8321,1.);
#8321 = DIRECTION('',(1.,0.,0.));
#8322 = ORIENTED_EDGE('',*,*,#8270,.T.);
#8323 = ORIENTED_EDGE('',*,*,#8301,.T.);
#8324 = ORIENTED_EDGE('',*,*,#8325,.F.);
#8325 = EDGE_CURVE('',#8316,#8294,#8326,.T.);
#8326 = LINE('',#8327,#8328);
#8327 = CARTESIAN_POINT('',(3.5,3.5,0.));
#8328 = VECTOR('',#8329,1.);
#8329 = DIRECTION('',(0.,0.,1.));
#8330 = PLANE('',#8331);
#8331 = AXIS2_PLACEMENT_3D('',#8332,#8333,#8334);
#8332 = CARTESIAN_POINT('',(-3.5,3.5,0.));
#8333 = DIRECTION('',(0.,1.,0.));
#8334 = DIRECTION('',(0.,-0.,1.));
#8335 = ADVANCED_FACE('',(#8336),#8409,.F.);
#8336 = FACE_BOUND('',#8337,.F.);
#8337 = EDGE_LOOP('',(#8338,#8339,#8347,#8355,#8363,#8371,#8379,#8385,
    #8386,#8387,#8395,#8403));
#8338 = ORIENTED_EDGE('',*,*,#8230,.F.);
#8339 = ORIENTED_EDGE('',*,*,#8340,.T.);
#8340 = EDGE_CURVE('',#8223,#8341,#8343,.T.);
#8341 = VERTEX_POINT('',#8342);
#8342 = CARTESIAN_POINT('',(3.5,-3.5,0.));
#8343 = LINE('',#8344,#8345);
#8344 = CARTESIAN_POINT('',(-3.5,-3.5,0.));
#8345 = VECTOR('',#8346,1.);
#8346 = DIRECTION('',(1.,0.,0.));
#8347 = ORIENTED_EDGE('',*,*,#8348,.T.);
#8348 = EDGE_CURVE('',#8341,#8349,#8351,.T.);
#8349 = VERTEX_POINT('',#8350);
#8350 = CARTESIAN_POINT('',(3.5,-1.25,0.));
#8351 = LINE('',#8352,#8353);
#8352 = CARTESIAN_POINT('',(3.5,-3.5,0.));
#8353 = VECTOR('',#8354,1.);
#8354 = DIRECTION('',(0.,1.,0.));
#8355 = ORIENTED_EDGE('',*,*,#8356,.F.);
#8356 = EDGE_CURVE('',#8357,#8349,#8359,.T.);
#8357 = VERTEX_POINT('',#8358);
#8358 = CARTESIAN_POINT('',(2.065,-1.25,0.));
#8359 = LINE('',#8360,#8361);
#8360 = CARTESIAN_POINT('',(2.065,-1.25,0.));
#8361 = VECTOR('',#8362,1.);
#8362 = DIRECTION('',(1.,0.,0.));
#8363 = ORIENTED_EDGE('',*,*,#8364,.T.);
#8364 = EDGE_CURVE('',#8357,#8365,#8367,.T.);
#8365 = VERTEX_POINT('',#8366);
#8366 = CARTESIAN_POINT('',(2.065,1.25,0.));
#8367 = LINE('',#8368,#8369);
#8368 = CARTESIAN_POINT('',(2.065,-1.25,0.));
#8369 = VECTOR('',#8370,1.);
#8370 = DIRECTION('',(0.,1.,0.));
#8371 = ORIENTED_EDGE('',*,*,#8372,.T.);
#8372 = EDGE_CURVE('',#8365,#8373,#8375,.T.);
#8373 = VERTEX_POINT('',#8374);
#8374 = CARTESIAN_POINT('',(3.5,1.25,0.));
#8375 = LINE('',#8376,#8377);
#8376 = CARTESIAN_POINT('',(2.065,1.25,0.));
#8377 = VECTOR('',#8378,1.);
#8378 = DIRECTION('',(1.,0.,0.));
#8379 = ORIENTED_EDGE('',*,*,#8380,.T.);
#8380 = EDGE_CURVE('',#8373,#8316,#8381,.T.);
#8381 = LINE('',#8382,#8383);
#8382 = CARTESIAN_POINT('',(3.5,-3.5,0.));
#8383 = VECTOR('',#8384,1.);
#8384 = DIRECTION('',(0.,1.,0.));
#8385 = ORIENTED_EDGE('',*,*,#8315,.F.);
#8386 = ORIENTED_EDGE('',*,*,#8262,.F.);
#8387 = ORIENTED_EDGE('',*,*,#8388,.T.);
#8388 = EDGE_CURVE('',#8255,#8389,#8391,.T.);
#8389 = VERTEX_POINT('',#8390);
#8390 = CARTESIAN_POINT('',(-2.065,1.25,0.));
#8391 = LINE('',#8392,#8393);
#8392 = CARTESIAN_POINT('',(-3.585,1.25,0.));
#8393 = VECTOR('',#8394,1.);
#8394 = DIRECTION('',(1.,0.,0.));
#8395 = ORIENTED_EDGE('',*,*,#8396,.F.);
#8396 = EDGE_CURVE('',#8397,#8389,#8399,.T.);
#8397 = VERTEX_POINT('',#8398);
#8398 = CARTESIAN_POINT('',(-2.065,-1.25,0.));
#8399 = LINE('',#8400,#8401);
#8400 = CARTESIAN_POINT('',(-2.065,-1.25,0.));
#8401 = VECTOR('',#8402,1.);
#8402 = DIRECTION('',(0.,1.,0.));
#8403 = ORIENTED_EDGE('',*,*,#8404,.F.);
#8404 = EDGE_CURVE('',#8231,#8397,#8405,.T.);
#8405 = LINE('',#8406,#8407);
#8406 = CARTESIAN_POINT('',(-3.585,-1.25,0.));
#8407 = VECTOR('',#8408,1.);
#8408 = DIRECTION('',(1.,0.,0.));
#8409 = PLANE('',#8410);
#8410 = AXIS2_PLACEMENT_3D('',#8411,#8412,#8413);
#8411 = CARTESIAN_POINT('',(-3.5,-3.5,0.));
#8412 = DIRECTION('',(0.,0.,1.));
#8413 = DIRECTION('',(1.,0.,-0.));
#8414 = ADVANCED_FACE('',(#8415),#8440,.T.);
#8415 = FACE_BOUND('',#8416,.T.);
#8416 = EDGE_LOOP('',(#8417,#8425,#8433,#8439));
#8417 = ORIENTED_EDGE('',*,*,#8418,.F.);
#8418 = EDGE_CURVE('',#8419,#8255,#8421,.T.);
#8419 = VERTEX_POINT('',#8420);
#8420 = CARTESIAN_POINT('',(-3.585,1.25,0.));
#8421 = LINE('',#8422,#8423);
#8422 = CARTESIAN_POINT('',(-3.585,1.25,0.));
#8423 = VECTOR('',#8424,1.);
#8424 = DIRECTION('',(1.,0.,0.));
#8425 = ORIENTED_EDGE('',*,*,#8426,.T.);
#8426 = EDGE_CURVE('',#8419,#8427,#8429,.T.);
#8427 = VERTEX_POINT('',#8428);
#8428 = CARTESIAN_POINT('',(-3.585,1.25,1.5));
#8429 = LINE('',#8430,#8431);
#8430 = CARTESIAN_POINT('',(-3.585,1.25,0.));
#8431 = VECTOR('',#8432,1.);
#8432 = DIRECTION('',(0.,0.,1.));
#8433 = ORIENTED_EDGE('',*,*,#8434,.T.);
#8434 = EDGE_CURVE('',#8427,#8247,#8435,.T.);
#8435 = LINE('',#8436,#8437);
#8436 = CARTESIAN_POINT('',(-3.585,1.25,1.5));
#8437 = VECTOR('',#8438,1.);
#8438 = DIRECTION('',(1.,0.,0.));
#8439 = ORIENTED_EDGE('',*,*,#8254,.F.);
#8440 = PLANE('',#8441);
#8441 = AXIS2_PLACEMENT_3D('',#8442,#8443,#8444);
#8442 = CARTESIAN_POINT('',(-3.585,1.25,0.));
#8443 = DIRECTION('',(0.,1.,0.));
#8444 = DIRECTION('',(0.,-0.,1.));
#8445 = ADVANCED_FACE('',(#8446),#8464,.T.);
#8446 = FACE_BOUND('',#8447,.T.);
#8447 = EDGE_LOOP('',(#8448,#8449,#8457,#8463));
#8448 = ORIENTED_EDGE('',*,*,#8434,.F.);
#8449 = ORIENTED_EDGE('',*,*,#8450,.F.);
#8450 = EDGE_CURVE('',#8451,#8427,#8453,.T.);
#8451 = VERTEX_POINT('',#8452);
#8452 = CARTESIAN_POINT('',(-3.585,-1.25,1.5));
#8453 = LINE('',#8454,#8455);
#8454 = CARTESIAN_POINT('',(-3.585,-1.25,1.5));
#8455 = VECTOR('',#8456,1.);
#8456 = DIRECTION('',(0.,1.,0.));
#8457 = ORIENTED_EDGE('',*,*,#8458,.T.);
#8458 = EDGE_CURVE('',#8451,#8239,#8459,.T.);
#8459 = LINE('',#8460,#8461);
#8460 = CARTESIAN_POINT('',(-3.585,-1.25,1.5));
#8461 = VECTOR('',#8462,1.);
#8462 = DIRECTION('',(1.,0.,0.));
#8463 = ORIENTED_EDGE('',*,*,#8246,.F.);
#8464 = PLANE('',#8465);
#8465 = AXIS2_PLACEMENT_3D('',#8466,#8467,#8468);
#8466 = CARTESIAN_POINT('',(-3.585,-1.25,1.5));
#8467 = DIRECTION('',(0.,0.,1.));
#8468 = DIRECTION('',(1.,0.,-0.));
#8469 = ADVANCED_FACE('',(#8470),#8488,.F.);
#8470 = FACE_BOUND('',#8471,.F.);
#8471 = EDGE_LOOP('',(#8472,#8480,#8486,#8487));
#8472 = ORIENTED_EDGE('',*,*,#8473,.F.);
#8473 = EDGE_CURVE('',#8474,#8231,#8476,.T.);
#8474 = VERTEX_POINT('',#8475);
#8475 = CARTESIAN_POINT('',(-3.585,-1.25,0.));
#8476 = LINE('',#8477,#8478);
#8477 = CARTESIAN_POINT('',(-3.585,-1.25,0.));
#8478 = VECTOR('',#8479,1.);
#8479 = DIRECTION('',(1.,0.,0.));
#8480 = ORIENTED_EDGE('',*,*,#8481,.T.);
#8481 = EDGE_CURVE('',#8474,#8451,#8482,.T.);
#8482 = LINE('',#8483,#8484);
#8483 = CARTESIAN_POINT('',(-3.585,-1.25,0.));
#8484 = VECTOR('',#8485,1.);
#8485 = DIRECTION('',(0.,0.,1.));
#8486 = ORIENTED_EDGE('',*,*,#8458,.T.);
#8487 = ORIENTED_EDGE('',*,*,#8238,.F.);
#8488 = PLANE('',#8489);
#8489 = AXIS2_PLACEMENT_3D('',#8490,#8491,#8492);
#8490 = CARTESIAN_POINT('',(-3.585,-1.25,0.));
#8491 = DIRECTION('',(0.,1.,0.));
#8492 = DIRECTION('',(0.,-0.,1.));
#8493 = ADVANCED_FACE('',(#8494),#8505,.F.);
#8494 = FACE_BOUND('',#8495,.F.);
#8495 = EDGE_LOOP('',(#8496,#8497,#8498,#8499));
#8496 = ORIENTED_EDGE('',*,*,#8340,.F.);
#8497 = ORIENTED_EDGE('',*,*,#8222,.T.);
#8498 = ORIENTED_EDGE('',*,*,#8285,.T.);
#8499 = ORIENTED_EDGE('',*,*,#8500,.F.);
#8500 = EDGE_CURVE('',#8341,#8286,#8501,.T.);
#8501 = LINE('',#8502,#8503);
#8502 = CARTESIAN_POINT('',(3.5,-3.5,0.));
#8503 = VECTOR('',#8504,1.);
#8504 = DIRECTION('',(0.,0.,1.));
#8505 = PLANE('',#8506);
#8506 = AXIS2_PLACEMENT_3D('',#8507,#8508,#8509);
#8507 = CARTESIAN_POINT('',(-3.5,-3.5,0.));
#8508 = DIRECTION('',(0.,1.,0.));
#8509 = DIRECTION('',(0.,-0.,1.));
#8510 = ADVANCED_FACE('',(#8511),#8540,.T.);
#8511 = FACE_BOUND('',#8512,.T.);
#8512 = EDGE_LOOP('',(#8513,#8514,#8515,#8516,#8524,#8532,#8538,#8539));
#8513 = ORIENTED_EDGE('',*,*,#8293,.F.);
#8514 = ORIENTED_EDGE('',*,*,#8500,.F.);
#8515 = ORIENTED_EDGE('',*,*,#8348,.T.);
#8516 = ORIENTED_EDGE('',*,*,#8517,.T.);
#8517 = EDGE_CURVE('',#8349,#8518,#8520,.T.);
#8518 = VERTEX_POINT('',#8519);
#8519 = CARTESIAN_POINT('',(3.5,-1.25,1.5));
#8520 = LINE('',#8521,#8522);
#8521 = CARTESIAN_POINT('',(3.5,-1.25,0.));
#8522 = VECTOR('',#8523,1.);
#8523 = DIRECTION('',(0.,0.,1.));
#8524 = ORIENTED_EDGE('',*,*,#8525,.F.);
#8525 = EDGE_CURVE('',#8526,#8518,#8528,.T.);
#8526 = VERTEX_POINT('',#8527);
#8527 = CARTESIAN_POINT('',(3.5,1.25,1.5));
#8528 = LINE('',#8529,#8530);
#8529 = CARTESIAN_POINT('',(3.5,-2.375,1.5));
#8530 = VECTOR('',#8531,1.);
#8531 = DIRECTION('',(0.,-1.,0.));
#8532 = ORIENTED_EDGE('',*,*,#8533,.F.);
#8533 = EDGE_CURVE('',#8373,#8526,#8534,.T.);
#8534 = LINE('',#8535,#8536);
#8535 = CARTESIAN_POINT('',(3.5,1.25,0.));
#8536 = VECTOR('',#8537,1.);
#8537 = DIRECTION('',(0.,0.,1.));
#8538 = ORIENTED_EDGE('',*,*,#8380,.T.);
#8539 = ORIENTED_EDGE('',*,*,#8325,.T.);
#8540 = PLANE('',#8541);
#8541 = AXIS2_PLACEMENT_3D('',#8542,#8543,#8544);
#8542 = CARTESIAN_POINT('',(3.5,-3.5,0.));
#8543 = DIRECTION('',(1.,0.,0.));
#8544 = DIRECTION('',(0.,0.,1.));
#8545 = ADVANCED_FACE('',(#8546),#8559,.F.);
#8546 = FACE_BOUND('',#8547,.F.);
#8547 = EDGE_LOOP('',(#8548,#8554,#8555,#8556,#8557,#8558));
#8548 = ORIENTED_EDGE('',*,*,#8549,.F.);
#8549 = EDGE_CURVE('',#8474,#8419,#8550,.T.);
#8550 = LINE('',#8551,#8552);
#8551 = CARTESIAN_POINT('',(-3.585,-1.25,0.));
#8552 = VECTOR('',#8553,1.);
#8553 = DIRECTION('',(0.,1.,0.));
#8554 = ORIENTED_EDGE('',*,*,#8473,.T.);
#8555 = ORIENTED_EDGE('',*,*,#8404,.T.);
#8556 = ORIENTED_EDGE('',*,*,#8396,.T.);
#8557 = ORIENTED_EDGE('',*,*,#8388,.F.);
#8558 = ORIENTED_EDGE('',*,*,#8418,.F.);
#8559 = PLANE('',#8560);
#8560 = AXIS2_PLACEMENT_3D('',#8561,#8562,#8563);
#8561 = CARTESIAN_POINT('',(-3.585,-1.25,0.));
#8562 = DIRECTION('',(0.,0.,1.));
#8563 = DIRECTION('',(1.,0.,-0.));
#8564 = ADVANCED_FACE('',(#8565),#8592,.F.);
#8565 = FACE_BOUND('',#8566,.F.);
#8566 = EDGE_LOOP('',(#8567,#8568,#8569,#8577,#8585,#8591));
#8567 = ORIENTED_EDGE('',*,*,#8364,.F.);
#8568 = ORIENTED_EDGE('',*,*,#8356,.T.);
#8569 = ORIENTED_EDGE('',*,*,#8570,.T.);
#8570 = EDGE_CURVE('',#8349,#8571,#8573,.T.);
#8571 = VERTEX_POINT('',#8572);
#8572 = CARTESIAN_POINT('',(3.585,-1.25,0.));
#8573 = LINE('',#8574,#8575);
#8574 = CARTESIAN_POINT('',(2.065,-1.25,0.));
#8575 = VECTOR('',#8576,1.);
#8576 = DIRECTION('',(1.,0.,0.));
#8577 = ORIENTED_EDGE('',*,*,#8578,.T.);
#8578 = EDGE_CURVE('',#8571,#8579,#8581,.T.);
#8579 = VERTEX_POINT('',#8580);
#8580 = CARTESIAN_POINT('',(3.585,1.25,0.));
#8581 = LINE('',#8582,#8583);
#8582 = CARTESIAN_POINT('',(3.585,-1.25,0.));
#8583 = VECTOR('',#8584,1.);
#8584 = DIRECTION('',(0.,1.,0.));
#8585 = ORIENTED_EDGE('',*,*,#8586,.F.);
#8586 = EDGE_CURVE('',#8373,#8579,#8587,.T.);
#8587 = LINE('',#8588,#8589);
#8588 = CARTESIAN_POINT('',(2.065,1.25,0.));
#8589 = VECTOR('',#8590,1.);
#8590 = DIRECTION('',(1.,0.,0.));
#8591 = ORIENTED_EDGE('',*,*,#8372,.F.);
#8592 = PLANE('',#8593);
#8593 = AXIS2_PLACEMENT_3D('',#8594,#8595,#8596);
#8594 = CARTESIAN_POINT('',(2.065,-1.25,0.));
#8595 = DIRECTION('',(0.,0.,1.));
#8596 = DIRECTION('',(1.,0.,-0.));
#8597 = ADVANCED_FACE('',(#8598),#8604,.F.);
#8598 = FACE_BOUND('',#8599,.F.);
#8599 = EDGE_LOOP('',(#8600,#8601,#8602,#8603));
#8600 = ORIENTED_EDGE('',*,*,#8481,.F.);
#8601 = ORIENTED_EDGE('',*,*,#8549,.T.);
#8602 = ORIENTED_EDGE('',*,*,#8426,.T.);
#8603 = ORIENTED_EDGE('',*,*,#8450,.F.);
#8604 = PLANE('',#8605);
#8605 = AXIS2_PLACEMENT_3D('',#8606,#8607,#8608);
#8606 = CARTESIAN_POINT('',(-3.585,-1.25,0.));
#8607 = DIRECTION('',(1.,0.,0.));
#8608 = DIRECTION('',(0.,0.,1.));
#8609 = ADVANCED_FACE('',(#8610),#8628,.T.);
#8610 = FACE_BOUND('',#8611,.T.);
#8611 = EDGE_LOOP('',(#8612,#8613,#8614,#8622));
#8612 = ORIENTED_EDGE('',*,*,#8586,.F.);
#8613 = ORIENTED_EDGE('',*,*,#8533,.T.);
#8614 = ORIENTED_EDGE('',*,*,#8615,.T.);
#8615 = EDGE_CURVE('',#8526,#8616,#8618,.T.);
#8616 = VERTEX_POINT('',#8617);
#8617 = CARTESIAN_POINT('',(3.585,1.25,1.5));
#8618 = LINE('',#8619,#8620);
#8619 = CARTESIAN_POINT('',(2.065,1.25,1.5));
#8620 = VECTOR('',#8621,1.);
#8621 = DIRECTION('',(1.,0.,0.));
#8622 = ORIENTED_EDGE('',*,*,#8623,.F.);
#8623 = EDGE_CURVE('',#8579,#8616,#8624,.T.);
#8624 = LINE('',#8625,#8626);
#8625 = CARTESIAN_POINT('',(3.585,1.25,0.));
#8626 = VECTOR('',#8627,1.);
#8627 = DIRECTION('',(0.,0.,1.));
#8628 = PLANE('',#8629);
#8629 = AXIS2_PLACEMENT_3D('',#8630,#8631,#8632);
#8630 = CARTESIAN_POINT('',(2.065,1.25,0.));
#8631 = DIRECTION('',(0.,1.,0.));
#8632 = DIRECTION('',(0.,-0.,1.));
#8633 = ADVANCED_FACE('',(#8634),#8652,.T.);
#8634 = FACE_BOUND('',#8635,.T.);
#8635 = EDGE_LOOP('',(#8636,#8637,#8645,#8651));
#8636 = ORIENTED_EDGE('',*,*,#8525,.T.);
#8637 = ORIENTED_EDGE('',*,*,#8638,.T.);
#8638 = EDGE_CURVE('',#8518,#8639,#8641,.T.);
#8639 = VERTEX_POINT('',#8640);
#8640 = CARTESIAN_POINT('',(3.585,-1.25,1.5));
#8641 = LINE('',#8642,#8643);
#8642 = CARTESIAN_POINT('',(2.065,-1.25,1.5));
#8643 = VECTOR('',#8644,1.);
#8644 = DIRECTION('',(1.,0.,0.));
#8645 = ORIENTED_EDGE('',*,*,#8646,.T.);
#8646 = EDGE_CURVE('',#8639,#8616,#8647,.T.);
#8647 = LINE('',#8648,#8649);
#8648 = CARTESIAN_POINT('',(3.585,-1.25,1.5));
#8649 = VECTOR('',#8650,1.);
#8650 = DIRECTION('',(0.,1.,0.));
#8651 = ORIENTED_EDGE('',*,*,#8615,.F.);
#8652 = PLANE('',#8653);
#8653 = AXIS2_PLACEMENT_3D('',#8654,#8655,#8656);
#8654 = CARTESIAN_POINT('',(2.065,-1.25,1.5));
#8655 = DIRECTION('',(0.,0.,1.));
#8656 = DIRECTION('',(1.,0.,-0.));
#8657 = ADVANCED_FACE('',(#8658),#8669,.F.);
#8658 = FACE_BOUND('',#8659,.F.);
#8659 = EDGE_LOOP('',(#8660,#8661,#8662,#8663));
#8660 = ORIENTED_EDGE('',*,*,#8570,.F.);
#8661 = ORIENTED_EDGE('',*,*,#8517,.T.);
#8662 = ORIENTED_EDGE('',*,*,#8638,.T.);
#8663 = ORIENTED_EDGE('',*,*,#8664,.F.);
#8664 = EDGE_CURVE('',#8571,#8639,#8665,.T.);
#8665 = LINE('',#8666,#8667);
#8666 = CARTESIAN_POINT('',(3.585,-1.25,0.));
#8667 = VECTOR('',#8668,1.);
#8668 = DIRECTION('',(0.,0.,1.));
#8669 = PLANE('',#8670);
#8670 = AXIS2_PLACEMENT_3D('',#8671,#8672,#8673);
#8671 = CARTESIAN_POINT('',(2.065,-1.25,0.));
#8672 = DIRECTION('',(0.,1.,0.));
#8673 = DIRECTION('',(0.,-0.,1.));
#8674 = ADVANCED_FACE('',(#8675),#8681,.T.);
#8675 = FACE_BOUND('',#8676,.T.);
#8676 = EDGE_LOOP('',(#8677,#8678,#8679,#8680));
#8677 = ORIENTED_EDGE('',*,*,#8664,.F.);
#8678 = ORIENTED_EDGE('',*,*,#8578,.T.);
#8679 = ORIENTED_EDGE('',*,*,#8623,.T.);
#8680 = ORIENTED_EDGE('',*,*,#8646,.F.);
#8681 = PLANE('',#8682);
#8682 = AXIS2_PLACEMENT_3D('',#8683,#8684,#8685);
#8683 = CARTESIAN_POINT('',(3.585,-1.25,0.));
#8684 = DIRECTION('',(1.,0.,0.));
#8685 = DIRECTION('',(0.,0.,1.));
#8686 = ( GEOMETRIC_REPRESENTATION_CONTEXT(3) 
GLOBAL_UNCERTAINTY_ASSIGNED_CONTEXT((#8690)) 
GLOBAL_UNIT_ASSIGNED_CONTEXT((#8687,#8688,#8689)) REPRESENTATION_CONTEXT
('Context #1','3D Context with UNIT and UNCERTAINTY') );
#8687 = ( LENGTH_UNIT() NAMED_UNIT(*) SI_UNIT(.MILLI.,.METRE.) );
#8688 = ( NAMED_UNIT(*) PLANE_ANGLE_UNIT() SI_UNIT($,.RADIAN.) );
#8689 = ( NAMED_UNIT(*) SI_UNIT($,.STERADIAN.) SOLID_ANGLE_UNIT() );
#8690 = UNCERTAINTY_MEASURE_WITH_UNIT(LENGTH_MEASURE(1.E-07),#8687,
  'distance_accuracy_value','confusion accuracy');
#8691 = CONTEXT_DEPENDENT_SHAPE_REPRESENTATION(#8692,#8694);
#8692 = ( REPRESENTATION_RELATIONSHIP('','',#8205,#10) 
REPRESENTATION_RELATIONSHIP_WITH_TRANSFORMATION(#8693) 
SHAPE_REPRESENTATION_RELATIONSHIP() );
#8693 = ITEM_DEFINED_TRANSFORMATION('','',#11,#59);
#8694 = PRODUCT_DEFINITION_SHAPE('Placement','Placement of an item',
  #8695);
#8695 = NEXT_ASSEMBLY_USAGE_OCCURRENCE('12','L2','',#5,#8200,$);
#8696 = PRODUCT_RELATED_PRODUCT_CATEGORY('part',$,(#8202));
#8697 = SHAPE_DEFINITION_REPRESENTATION(#8698,#8704);
#8698 = PRODUCT_DEFINITION_SHAPE('','',#8699);
#8699 = PRODUCT_DEFINITION('design','',#8700,#8703);
#8700 = PRODUCT_DEFINITION_FORMATION('','',#8701);
#8701 = PRODUCT('Potentiometer_Bourns_3314G_Vertical',
  'Potentiometer_Bourns_3314G_Vertical','',(#8702));
#8702 = PRODUCT_CONTEXT('',#2,'mechanical');
#8703 = PRODUCT_DEFINITION_CONTEXT('part definition',#2,'design');
#8704 = ADVANCED_BREP_SHAPE_REPRESENTATION('',(#11,#8705),#13467);
#8705 = MANIFOLD_SOLID_BREP('',#8706);
#8706 = CLOSED_SHELL('',(#8707,#8743,#8775,#8807,#9051,#9072,#9097,#9125
    ,#9150,#9178,#9200,#9222,#9254,#9276,#9308,#9336,#9358,#9380,#9396,
    #9427,#9452,#9466,#9480,#9511,#9539,#9561,#9583,#9599,#9627,#9649,
    #9671,#9687,#9715,#9737,#9759,#9775,#9794,#9816,#9841,#9869,#9894,
    #9916,#9958,#9983,#10008,#10036,#10061,#10086,#10114,#10126,#10156,
    #10181,#10206,#10230,#10257,#10269,#10281,#10293,#10312,#10364,
    #10386,#10407,#10461,#10482,#10504,#10526,#10554,#10619,#10642,
    #10664,#10686,#10708,#10796,#10817,#10839,#10867,#10881,#10892,
    #10908,#10940,#11007,#11074,#11090,#11109,#11182,#11198,#11214,
    #11233,#11261,#11311,#11327,#11356,#11381,#11410,#11448,#11464,
    #11480,#11508,#11527,#11543,#11617,#11639,#11664,#11725,#11799,
    #11821,#11846,#11907,#11935,#11991,#12005,#12021,#12083,#12105,
    #12141,#12157,#12171,#12185,#12221,#12246,#12275,#12291,#12305,
    #12327,#12343,#12369,#12381,#12419,#12435,#12453,#12469,#12483,
    #12505,#12521,#12535,#12597,#12619,#12655,#12671,#12689,#12703,
    #12715,#12777,#12799,#12835,#12851,#12869,#12883,#12895,#12917,
    #12933,#12959,#12997,#13009,#13029,#13041,#13063,#13085,#13097,
    #13113,#13155,#13173,#13189,#13203,#13225,#13247,#13263,#13275,
    #13317,#13339,#13361,#13377,#13389,#13431,#13443,#13455));
#8707 = ADVANCED_FACE('',(#8708),#8738,.T.);
#8708 = FACE_BOUND('',#8709,.T.);
#8709 = EDGE_LOOP('',(#8710,#8719,#8726,#8733));
#8710 = ORIENTED_EDGE('',*,*,#8711,.T.);
#8711 = EDGE_CURVE('',#8712,#8714,#8716,.T.);
#8712 = VERTEX_POINT('',#8713);
#8713 = CARTESIAN_POINT('',(-1.32,-1.32,1.5));
#8714 = VERTEX_POINT('',#8715);
#8715 = CARTESIAN_POINT('',(-1.29,-1.32,1.5));
#8716 = B_SPLINE_CURVE_WITH_KNOTS('',1,(#8717,#8718),.UNSPECIFIED.,.F.,
  .F.,(2,2),(5.E-02,0.1),.PIECEWISE_BEZIER_KNOTS.);
#8717 = CARTESIAN_POINT('',(-1.32,-1.32,1.5));
#8718 = CARTESIAN_POINT('',(-1.29,-1.32,1.5));
#8719 = ORIENTED_EDGE('',*,*,#8720,.F.);
#8720 = EDGE_CURVE('',#8721,#8714,#8723,.T.);
#8721 = VERTEX_POINT('',#8722);
#8722 = CARTESIAN_POINT('',(-1.29,-0.63,1.5));
#8723 = B_SPLINE_CURVE_WITH_KNOTS('',1,(#8724,#8725),.UNSPECIFIED.,.F.,
  .F.,(2,2),(0.,1.15),.PIECEWISE_BEZIER_KNOTS.);
#8724 = CARTESIAN_POINT('',(-1.29,-0.63,1.5));
#8725 = CARTESIAN_POINT('',(-1.29,-1.32,1.5));
#8726 = ORIENTED_EDGE('',*,*,#8727,.F.);
#8727 = EDGE_CURVE('',#8728,#8721,#8730,.T.);
#8728 = VERTEX_POINT('',#8729);
#8729 = CARTESIAN_POINT('',(-1.32,-0.63,1.5));
#8730 = B_SPLINE_CURVE_WITH_KNOTS('',1,(#8731,#8732),.UNSPECIFIED.,.F.,
  .F.,(2,2),(5.E-02,0.1),.PIECEWISE_BEZIER_KNOTS.);
#8731 = CARTESIAN_POINT('',(-1.32,-0.63,1.5));
#8732 = CARTESIAN_POINT('',(-1.29,-0.63,1.5));
#8733 = ORIENTED_EDGE('',*,*,#8734,.T.);
#8734 = EDGE_CURVE('',#8728,#8712,#8735,.T.);
#8735 = B_SPLINE_CURVE_WITH_KNOTS('',1,(#8736,#8737),.UNSPECIFIED.,.F.,
  .F.,(2,2),(0.,1.15),.PIECEWISE_BEZIER_KNOTS.);
#8736 = CARTESIAN_POINT('',(-1.32,-0.63,1.5));
#8737 = CARTESIAN_POINT('',(-1.32,-1.32,1.5));
#8738 = B_SPLINE_SURFACE_WITH_KNOTS('',1,1,(
    (#8739,#8740)
    ,(#8741,#8742
    )),.UNSPECIFIED.,.F.,.F.,.F.,(2,2),(2,2),(3.3,4.45),(5.E-02,0.1),
  .PIECEWISE_BEZIER_KNOTS.);
#8739 = CARTESIAN_POINT('',(-1.32,-0.63,1.5));
#8740 = CARTESIAN_POINT('',(-1.29,-0.63,1.5));
#8741 = CARTESIAN_POINT('',(-1.32,-1.32,1.5));
#8742 = CARTESIAN_POINT('',(-1.29,-1.32,1.5));
#8743 = ADVANCED_FACE('',(#8744),#8768,.T.);
#8744 = FACE_BOUND('',#8745,.T.);
#8745 = EDGE_LOOP('',(#8746,#8747,#8755,#8762));
#8746 = ORIENTED_EDGE('',*,*,#8711,.F.);
#8747 = ORIENTED_EDGE('',*,*,#8748,.T.);
#8748 = EDGE_CURVE('',#8712,#8749,#8751,.T.);
#8749 = VERTEX_POINT('',#8750);
#8750 = CARTESIAN_POINT('',(-1.32,-1.35,1.47));
#8751 = ( BOUNDED_CURVE() B_SPLINE_CURVE(2,(#8752,#8753,#8754),
.UNSPECIFIED.,.F.,.F.) B_SPLINE_CURVE_WITH_KNOTS((3,3),(0.,
1.570796326795),.PIECEWISE_BEZIER_KNOTS.) CURVE() 
GEOMETRIC_REPRESENTATION_ITEM() RATIONAL_B_SPLINE_CURVE((1.,
0.707106781187,1.)) REPRESENTATION_ITEM('') );
#8752 = CARTESIAN_POINT('',(-1.32,-1.32,1.5));
#8753 = CARTESIAN_POINT('',(-1.32,-1.35,1.5));
#8754 = CARTESIAN_POINT('',(-1.32,-1.35,1.47));
#8755 = ORIENTED_EDGE('',*,*,#8756,.T.);
#8756 = EDGE_CURVE('',#8749,#8757,#8759,.T.);
#8757 = VERTEX_POINT('',#8758);
#8758 = CARTESIAN_POINT('',(-1.29,-1.35,1.47));
#8759 = B_SPLINE_CURVE_WITH_KNOTS('',1,(#8760,#8761),.UNSPECIFIED.,.F.,
  .F.,(2,2),(5.E-02,0.1),.PIECEWISE_BEZIER_KNOTS.);
#8760 = CARTESIAN_POINT('',(-1.32,-1.35,1.47));
#8761 = CARTESIAN_POINT('',(-1.29,-1.35,1.47));
#8762 = ORIENTED_EDGE('',*,*,#8763,.F.);
#8763 = EDGE_CURVE('',#8714,#8757,#8764,.T.);
#8764 = ( BOUNDED_CURVE() B_SPLINE_CURVE(2,(#8765,#8766,#8767),
.UNSPECIFIED.,.F.,.F.) B_SPLINE_CURVE_WITH_KNOTS((3,3),(0.,
1.570796326795),.PIECEWISE_BEZIER_KNOTS.) CURVE() 
GEOMETRIC_REPRESENTATION_ITEM() RATIONAL_B_SPLINE_CURVE((1.,
0.707106781187,1.)) REPRESENTATION_ITEM('') );
#8765 = CARTESIAN_POINT('',(-1.29,-1.32,1.5));
#8766 = CARTESIAN_POINT('',(-1.29,-1.35,1.5));
#8767 = CARTESIAN_POINT('',(-1.29,-1.35,1.47));
#8768 = ( BOUNDED_SURFACE() B_SPLINE_SURFACE(2,1,(
    (#8769,#8770)
    ,(#8771,#8772)
    ,(#8773,#8774
)),.UNSPECIFIED.,.F.,.F.,.F.) B_SPLINE_SURFACE_WITH_KNOTS((3,3),(2,2),(
    0.,1.570796326795),(5.E-02,0.1),.PIECEWISE_BEZIER_KNOTS.) 
GEOMETRIC_REPRESENTATION_ITEM() RATIONAL_B_SPLINE_SURFACE((
    (1.,1.)
    ,(0.707106781187,0.707106781187)
,(1.,1.))) REPRESENTATION_ITEM('') SURFACE() );
#8769 = CARTESIAN_POINT('',(-1.32,-1.32,1.5));
#8770 = CARTESIAN_POINT('',(-1.29,-1.32,1.5));
#8771 = CARTESIAN_POINT('',(-1.32,-1.35,1.5));
#8772 = CARTESIAN_POINT('',(-1.29,-1.35,1.5));
#8773 = CARTESIAN_POINT('',(-1.32,-1.35,1.47));
#8774 = CARTESIAN_POINT('',(-1.29,-1.35,1.47));
#8775 = ADVANCED_FACE('',(#8776),#8800,.T.);
#8776 = FACE_BOUND('',#8777,.T.);
#8777 = EDGE_LOOP('',(#8778,#8787,#8793,#8794));
#8778 = ORIENTED_EDGE('',*,*,#8779,.T.);
#8779 = EDGE_CURVE('',#8780,#8782,#8784,.T.);
#8780 = VERTEX_POINT('',#8781);
#8781 = CARTESIAN_POINT('',(-1.35,-0.63,1.47));
#8782 = VERTEX_POINT('',#8783);
#8783 = CARTESIAN_POINT('',(-1.35,-1.32,1.47));
#8784 = B_SPLINE_CURVE_WITH_KNOTS('',1,(#8785,#8786),.UNSPECIFIED.,.F.,
  .F.,(2,2),(0.,1.15),.PIECEWISE_BEZIER_KNOTS.);
#8785 = CARTESIAN_POINT('',(-1.35,-0.63,1.47));
#8786 = CARTESIAN_POINT('',(-1.35,-1.32,1.47));
#8787 = ORIENTED_EDGE('',*,*,#8788,.T.);
#8788 = EDGE_CURVE('',#8782,#8712,#8789,.T.);
#8789 = ( BOUNDED_CURVE() B_SPLINE_CURVE(2,(#8790,#8791,#8792),
.UNSPECIFIED.,.F.,.F.) B_SPLINE_CURVE_WITH_KNOTS((3,3),(0.,
1.570796326795),.PIECEWISE_BEZIER_KNOTS.) CURVE() 
GEOMETRIC_REPRESENTATION_ITEM() RATIONAL_B_SPLINE_CURVE((1.,
0.707106781187,1.)) REPRESENTATION_ITEM('') );
#8790 = CARTESIAN_POINT('',(-1.35,-1.32,1.47));
#8791 = CARTESIAN_POINT('',(-1.35,-1.32,1.5));
#8792 = CARTESIAN_POINT('',(-1.32,-1.32,1.5));
#8793 = ORIENTED_EDGE('',*,*,#8734,.F.);
#8794 = ORIENTED_EDGE('',*,*,#8795,.F.);
#8795 = EDGE_CURVE('',#8780,#8728,#8796,.T.);
#8796 = ( BOUNDED_CURVE() B_SPLINE_CURVE(2,(#8797,#8798,#8799),
.UNSPECIFIED.,.F.,.F.) B_SPLINE_CURVE_WITH_KNOTS((3,3),(0.,
1.570796326795),.PIECEWISE_BEZIER_KNOTS.) CURVE() 
GEOMETRIC_REPRESENTATION_ITEM() RATIONAL_B_SPLINE_CURVE((1.,
0.707106781187,1.)) REPRESENTATION_ITEM('') );
#8797 = CARTESIAN_POINT('',(-1.35,-0.63,1.47));
#8798 = CARTESIAN_POINT('',(-1.35,-0.63,1.5));
#8799 = CARTESIAN_POINT('',(-1.32,-0.63,1.5));
#8800 = ( BOUNDED_SURFACE() B_SPLINE_SURFACE(2,1,(
    (#8801,#8802)
    ,(#8803,#8804)
    ,(#8805,#8806
)),.UNSPECIFIED.,.F.,.F.,.F.) B_SPLINE_SURFACE_WITH_KNOTS((3,3),(2,2),(
    4.712388980385,6.28318530718),(0.,1.15),.PIECEWISE_BEZIER_KNOTS.) 
GEOMETRIC_REPRESENTATION_ITEM() RATIONAL_B_SPLINE_SURFACE((
    (1.,1.)
    ,(0.707106781187,0.707106781187)
,(1.,1.))) REPRESENTATION_ITEM('') SURFACE() );
#8801 = CARTESIAN_POINT('',(-1.32,-0.63,1.5));
#8802 = CARTESIAN_POINT('',(-1.32,-1.32,1.5));
#8803 = CARTESIAN_POINT('',(-1.35,-0.63,1.5));
#8804 = CARTESIAN_POINT('',(-1.35,-1.32,1.5));
#8805 = CARTESIAN_POINT('',(-1.35,-0.63,1.47));
#8806 = CARTESIAN_POINT('',(-1.35,-1.32,1.47));
#8807 = ADVANCED_FACE('',(#8808,#8880,#8910,#8956,#8986,#9016),#9046,.T.
  );
#8808 = FACE_BOUND('',#8809,.T.);
#8809 = EDGE_LOOP('',(#8810,#8811,#8812,#8819,#8826,#8833,#8840,#8847,
    #8854,#8861,#8868,#8875));
#8810 = ORIENTED_EDGE('',*,*,#8727,.T.);
#8811 = ORIENTED_EDGE('',*,*,#8720,.T.);
#8812 = ORIENTED_EDGE('',*,*,#8813,.T.);
#8813 = EDGE_CURVE('',#8714,#8814,#8816,.T.);
#8814 = VERTEX_POINT('',#8815);
#8815 = CARTESIAN_POINT('',(1.29,-1.32,1.5));
#8816 = B_SPLINE_CURVE_WITH_KNOTS('',1,(#8817,#8818),.UNSPECIFIED.,.F.,
  .F.,(2,2),(0.,4.3),.PIECEWISE_BEZIER_KNOTS.);
#8817 = CARTESIAN_POINT('',(-1.29,-1.32,1.5));
#8818 = CARTESIAN_POINT('',(1.29,-1.32,1.5));
#8819 = ORIENTED_EDGE('',*,*,#8820,.F.);
#8820 = EDGE_CURVE('',#8821,#8814,#8823,.T.);
#8821 = VERTEX_POINT('',#8822);
#8822 = CARTESIAN_POINT('',(1.29,-0.63,1.5));
#8823 = B_SPLINE_CURVE_WITH_KNOTS('',1,(#8824,#8825),.UNSPECIFIED.,.F.,
  .F.,(2,2),(0.,1.15),.PIECEWISE_BEZIER_KNOTS.);
#8824 = CARTESIAN_POINT('',(1.29,-0.63,1.5));
#8825 = CARTESIAN_POINT('',(1.29,-1.32,1.5));
#8826 = ORIENTED_EDGE('',*,*,#8827,.T.);
#8827 = EDGE_CURVE('',#8821,#8828,#8830,.T.);
#8828 = VERTEX_POINT('',#8829);
#8829 = CARTESIAN_POINT('',(1.32,-0.63,1.5));
#8830 = B_SPLINE_CURVE_WITH_KNOTS('',1,(#8831,#8832),.UNSPECIFIED.,.F.,
  .F.,(2,2),(0.,5.E-02),.PIECEWISE_BEZIER_KNOTS.);
#8831 = CARTESIAN_POINT('',(1.29,-0.63,1.5));
#8832 = CARTESIAN_POINT('',(1.32,-0.63,1.5));
#8833 = ORIENTED_EDGE('',*,*,#8834,.F.);
#8834 = EDGE_CURVE('',#8835,#8828,#8837,.T.);
#8835 = VERTEX_POINT('',#8836);
#8836 = CARTESIAN_POINT('',(1.32,0.63,1.5));
#8837 = B_SPLINE_CURVE_WITH_KNOTS('',1,(#8838,#8839),.UNSPECIFIED.,.F.,
  .F.,(2,2),(0.,2.1),.PIECEWISE_BEZIER_KNOTS.);
#8838 = CARTESIAN_POINT('',(1.32,0.63,1.5));
#8839 = CARTESIAN_POINT('',(1.32,-0.63,1.5));
#8840 = ORIENTED_EDGE('',*,*,#8841,.F.);
#8841 = EDGE_CURVE('',#8842,#8835,#8844,.T.);
#8842 = VERTEX_POINT('',#8843);
#8843 = CARTESIAN_POINT('',(1.29,0.63,1.5));
#8844 = B_SPLINE_CURVE_WITH_KNOTS('',1,(#8845,#8846),.UNSPECIFIED.,.F.,
  .F.,(2,2),(0.,5.E-02),.PIECEWISE_BEZIER_KNOTS.);
#8845 = CARTESIAN_POINT('',(1.29,0.63,1.5));
#8846 = CARTESIAN_POINT('',(1.32,0.63,1.5));
#8847 = ORIENTED_EDGE('',*,*,#8848,.F.);
#8848 = EDGE_CURVE('',#8849,#8842,#8851,.T.);
#8849 = VERTEX_POINT('',#8850);
#8850 = CARTESIAN_POINT('',(1.29,1.32,1.5));
#8851 = B_SPLINE_CURVE_WITH_KNOTS('',1,(#8852,#8853),.UNSPECIFIED.,.F.,
  .F.,(2,2),(5.E-02,1.2),.PIECEWISE_BEZIER_KNOTS.);
#8852 = CARTESIAN_POINT('',(1.29,1.32,1.5));
#8853 = CARTESIAN_POINT('',(1.29,0.63,1.5));
#8854 = ORIENTED_EDGE('',*,*,#8855,.F.);
#8855 = EDGE_CURVE('',#8856,#8849,#8858,.T.);
#8856 = VERTEX_POINT('',#8857);
#8857 = CARTESIAN_POINT('',(-1.29,1.32,1.5));
#8858 = B_SPLINE_CURVE_WITH_KNOTS('',1,(#8859,#8860),.UNSPECIFIED.,.F.,
  .F.,(2,2),(0.,4.3),.PIECEWISE_BEZIER_KNOTS.);
#8859 = CARTESIAN_POINT('',(-1.29,1.32,1.5));
#8860 = CARTESIAN_POINT('',(1.29,1.32,1.5));
#8861 = ORIENTED_EDGE('',*,*,#8862,.T.);
#8862 = EDGE_CURVE('',#8856,#8863,#8865,.T.);
#8863 = VERTEX_POINT('',#8864);
#8864 = CARTESIAN_POINT('',(-1.29,0.63,1.5));
#8865 = B_SPLINE_CURVE_WITH_KNOTS('',1,(#8866,#8867),.UNSPECIFIED.,.F.,
  .F.,(2,2),(5.E-02,1.2),.PIECEWISE_BEZIER_KNOTS.);
#8866 = CARTESIAN_POINT('',(-1.29,1.32,1.5));
#8867 = CARTESIAN_POINT('',(-1.29,0.63,1.5));
#8868 = ORIENTED_EDGE('',*,*,#8869,.F.);
#8869 = EDGE_CURVE('',#8870,#8863,#8872,.T.);
#8870 = VERTEX_POINT('',#8871);
#8871 = CARTESIAN_POINT('',(-1.32,0.63,1.5));
#8872 = B_SPLINE_CURVE_WITH_KNOTS('',1,(#8873,#8874),.UNSPECIFIED.,.F.,
  .F.,(2,2),(5.E-02,0.1),.PIECEWISE_BEZIER_KNOTS.);
#8873 = CARTESIAN_POINT('',(-1.32,0.63,1.5));
#8874 = CARTESIAN_POINT('',(-1.29,0.63,1.5));
#8875 = ORIENTED_EDGE('',*,*,#8876,.T.);
#8876 = EDGE_CURVE('',#8870,#8728,#8877,.T.);
#8877 = B_SPLINE_CURVE_WITH_KNOTS('',1,(#8878,#8879),.UNSPECIFIED.,.F.,
  .F.,(2,2),(0.,2.1),.PIECEWISE_BEZIER_KNOTS.);
#8878 = CARTESIAN_POINT('',(-1.32,0.63,1.5));
#8879 = CARTESIAN_POINT('',(-1.32,-0.63,1.5));
#8880 = FACE_BOUND('',#8881,.T.);
#8881 = EDGE_LOOP('',(#8882,#8891,#8898,#8905));
#8882 = ORIENTED_EDGE('',*,*,#8883,.F.);
#8883 = EDGE_CURVE('',#8884,#8886,#8888,.T.);
#8884 = VERTEX_POINT('',#8885);
#8885 = CARTESIAN_POINT('',(-0.15,-0.75,1.5));
#8886 = VERTEX_POINT('',#8887);
#8887 = CARTESIAN_POINT('',(-0.15,-0.755884572681,1.5));
#8888 = B_SPLINE_CURVE_WITH_KNOTS('',1,(#8889,#8890),.UNSPECIFIED.,.F.,
  .F.,(2,2),(1.75,1.759807621135),.PIECEWISE_BEZIER_KNOTS.);
#8889 = CARTESIAN_POINT('',(-0.15,-0.75,1.5));
#8890 = CARTESIAN_POINT('',(-0.15,-0.755884572681,1.5));
#8891 = ORIENTED_EDGE('',*,*,#8892,.T.);
#8892 = EDGE_CURVE('',#8884,#8893,#8895,.T.);
#8893 = VERTEX_POINT('',#8894);
#8894 = CARTESIAN_POINT('',(0.149797459622,-0.75,1.5));
#8895 = B_SPLINE_CURVE_WITH_KNOTS('',1,(#8896,#8897),.UNSPECIFIED.,.F.,
  .F.,(2,2),(0.75,1.249662432703),.PIECEWISE_BEZIER_KNOTS.);
#8896 = CARTESIAN_POINT('',(-0.15,-0.75,1.5));
#8897 = CARTESIAN_POINT('',(0.149797459622,-0.75,1.5));
#8898 = ORIENTED_EDGE('',*,*,#8899,.F.);
#8899 = EDGE_CURVE('',#8900,#8893,#8902,.T.);
#8900 = VERTEX_POINT('',#8901);
#8901 = CARTESIAN_POINT('',(-1.799999999999E-03,-1.012574502363,1.5));
#8902 = B_SPLINE_CURVE_WITH_KNOTS('',1,(#8903,#8904),.UNSPECIFIED.,.F.,
  .F.,(2,2),(-1.540291281149,-1.034966415744),.PIECEWISE_BEZIER_KNOTS.);
#8903 = CARTESIAN_POINT('',(-1.800000000025E-03,-1.012574502363,1.5));
#8904 = CARTESIAN_POINT('',(0.149797459622,-0.75,1.5));
#8905 = ORIENTED_EDGE('',*,*,#8906,.F.);
#8906 = EDGE_CURVE('',#8886,#8900,#8907,.T.);
#8907 = B_SPLINE_CURVE_WITH_KNOTS('',1,(#8908,#8909),.UNSPECIFIED.,.F.,
  .F.,(2,2),(2.169791281149,2.66379128115),.PIECEWISE_BEZIER_KNOTS.);
#8908 = CARTESIAN_POINT('',(-0.15,-0.755884572681,1.5));
#8909 = CARTESIAN_POINT('',(-1.799999999799E-03,-1.012574502363,1.5));
#8910 = FACE_BOUND('',#8911,.T.);
#8911 = EDGE_LOOP('',(#8912,#8922,#8930,#8940,#8948));
#8912 = ORIENTED_EDGE('',*,*,#8913,.F.);
#8913 = EDGE_CURVE('',#8914,#8916,#8918,.T.);
#8914 = VERTEX_POINT('',#8915);
#8915 = CARTESIAN_POINT('',(9.05941988094E-16,-0.72,1.5));
#8916 = VERTEX_POINT('',#8917);
#8917 = CARTESIAN_POINT('',(9.E-02,-0.714352853987,1.5));
#8918 = ( BOUNDED_CURVE() B_SPLINE_CURVE(2,(#8919,#8920,#8921),
.UNSPECIFIED.,.F.,.F.) B_SPLINE_CURVE_WITH_KNOTS((3,3),(0.,
0.125327831168),.PIECEWISE_BEZIER_KNOTS.) CURVE() 
GEOMETRIC_REPRESENTATION_ITEM() RATIONAL_B_SPLINE_CURVE((1.,
0.998037259237,1.)) REPRESENTATION_ITEM('') );
#8919 = CARTESIAN_POINT('',(9.05941988094E-16,-0.72,1.5));
#8920 = CARTESIAN_POINT('',(4.517716810049E-02,-0.72,1.5));
#8921 = CARTESIAN_POINT('',(9.E-02,-0.714352853987,1.5));
#8922 = ORIENTED_EDGE('',*,*,#8923,.F.);
#8923 = EDGE_CURVE('',#8924,#8914,#8926,.T.);
#8924 = VERTEX_POINT('',#8925);
#8925 = CARTESIAN_POINT('',(-9.E-02,-0.714352853987,1.5));
#8926 = ( BOUNDED_CURVE() B_SPLINE_CURVE(2,(#8927,#8928,#8929),
.UNSPECIFIED.,.F.,.F.) B_SPLINE_CURVE_WITH_KNOTS((3,3),(6.157857476012,
6.28318530718),.PIECEWISE_BEZIER_KNOTS.) CURVE() 
GEOMETRIC_REPRESENTATION_ITEM() RATIONAL_B_SPLINE_CURVE((1.,
0.998037259237,1.)) REPRESENTATION_ITEM('') );
#8927 = CARTESIAN_POINT('',(-9.000000000001E-02,-0.714352853987,1.5));
#8928 = CARTESIAN_POINT('',(-4.517716810049E-02,-0.72,1.5));
#8929 = CARTESIAN_POINT('',(7.295928490168E-16,-0.72,1.5));
#8930 = ORIENTED_EDGE('',*,*,#8931,.F.);
#8931 = EDGE_CURVE('',#8932,#8924,#8934,.T.);
#8932 = VERTEX_POINT('',#8933);
#8933 = CARTESIAN_POINT('',(-9.E-02,0.714352853987,1.5));
#8934 = ( BOUNDED_CURVE() B_SPLINE_CURVE(2,(#8935,#8936,#8937,#8938,
#8939),.UNSPECIFIED.,.F.,.F.) B_SPLINE_CURVE_WITH_KNOTS((3,2,3),(
    3.266920484758,4.712388980385,6.157857476012),
.PIECEWISE_BEZIER_KNOTS.) CURVE() GEOMETRIC_REPRESENTATION_ITEM() 
RATIONAL_B_SPLINE_CURVE((1.,0.75,1.,0.75,1.)) REPRESENTATION_ITEM('') );
#8935 = CARTESIAN_POINT('',(-9.E-02,0.714352853987,1.5));
#8936 = CARTESIAN_POINT('',(-0.72,0.634980314655,1.5));
#8937 = CARTESIAN_POINT('',(-0.72,8.25041021674E-16,1.5));
#8938 = CARTESIAN_POINT('',(-0.72,-0.634980314655,1.5));
#8939 = CARTESIAN_POINT('',(-9.000000000001E-02,-0.714352853987,1.5));
#8940 = ORIENTED_EDGE('',*,*,#8941,.F.);
#8941 = EDGE_CURVE('',#8942,#8932,#8944,.T.);
#8942 = VERTEX_POINT('',#8943);
#8943 = CARTESIAN_POINT('',(9.E-02,0.714352853987,1.5));
#8944 = ( BOUNDED_CURVE() B_SPLINE_CURVE(2,(#8945,#8946,#8947),
.UNSPECIFIED.,.F.,.F.) B_SPLINE_CURVE_WITH_KNOTS((3,3),(3.016264822422,
3.266920484758),.PIECEWISE_BEZIER_KNOTS.) CURVE() 
GEOMETRIC_REPRESENTATION_ITEM() RATIONAL_B_SPLINE_CURVE((1.,
0.992156741649,1.)) REPRESENTATION_ITEM('') );
#8945 = CARTESIAN_POINT('',(9.000000000001E-02,0.714352853987,1.5));
#8946 = CARTESIAN_POINT('',(2.673409137309E-17,0.725691788178,1.5));
#8947 = CARTESIAN_POINT('',(-9.E-02,0.714352853987,1.5));
#8948 = ORIENTED_EDGE('',*,*,#8949,.F.);
#8949 = EDGE_CURVE('',#8916,#8942,#8950,.T.);
#8950 = ( BOUNDED_CURVE() B_SPLINE_CURVE(2,(#8951,#8952,#8953,#8954,
#8955),.UNSPECIFIED.,.F.,.F.) B_SPLINE_CURVE_WITH_KNOTS((3,2,3),(
    0.125327831168,1.570796326795,3.016264822422),
.PIECEWISE_BEZIER_KNOTS.) CURVE() GEOMETRIC_REPRESENTATION_ITEM() 
RATIONAL_B_SPLINE_CURVE((1.,0.75,1.,0.75,1.)) REPRESENTATION_ITEM('') );
#8951 = CARTESIAN_POINT('',(9.E-02,-0.714352853987,1.5));
#8952 = CARTESIAN_POINT('',(0.72,-0.634980314655,1.5));
#8953 = CARTESIAN_POINT('',(0.72,4.888197670508E-16,1.5));
#8954 = CARTESIAN_POINT('',(0.72,0.634980314655,1.5));
#8955 = CARTESIAN_POINT('',(9.000000000001E-02,0.714352853987,1.5));
#8956 = FACE_BOUND('',#8957,.T.);
#8957 = EDGE_LOOP('',(#8958,#8967,#8974,#8981));
#8958 = ORIENTED_EDGE('',*,*,#8959,.F.);
#8959 = EDGE_CURVE('',#8960,#8962,#8964,.T.);
#8960 = VERTEX_POINT('',#8961);
#8961 = CARTESIAN_POINT('',(-0.596997373733,-0.478115190886,1.5));
#8962 = VERTEX_POINT('',#8963);
#8963 = CARTESIAN_POINT('',(-0.60077990414,-0.482623035089,1.5));
#8964 = B_SPLINE_CURVE_WITH_KNOTS('',1,(#8965,#8966),.UNSPECIFIED.,.F.,
  .F.,(2,2),(0.763663937612,0.773471558747),.PIECEWISE_BEZIER_KNOTS.);
#8965 = CARTESIAN_POINT('',(-0.596997373733,-0.478115190886,1.5));
#8966 = CARTESIAN_POINT('',(-0.600779904141,-0.482623035088,1.5));
#8967 = ORIENTED_EDGE('',*,*,#8968,.T.);
#8968 = EDGE_CURVE('',#8960,#8969,#8971,.T.);
#8969 = VERTEX_POINT('',#8970);
#8970 = CARTESIAN_POINT('',(-0.367339195729,-0.670821283346,1.5));
#8971 = B_SPLINE_CURVE_WITH_KNOTS('',1,(#8972,#8973),.UNSPECIFIED.,.F.,
  .F.,(2,2),(1.209936059406,1.709598492108),.PIECEWISE_BEZIER_KNOTS.);
#8972 = CARTESIAN_POINT('',(-0.596997373733,-0.478115190886,1.5));
#8973 = CARTESIAN_POINT('',(-0.367339195729,-0.670821283347,1.5));
#8974 = ORIENTED_EDGE('',*,*,#8975,.F.);
#8975 = EDGE_CURVE('',#8976,#8969,#8978,.T.);
#8976 = VERTEX_POINT('',#8977);
#8977 = CARTESIAN_POINT('',(-0.652249224001,-0.774520053082,1.5));
#8978 = B_SPLINE_CURVE_WITH_KNOTS('',1,(#8979,#8980),.UNSPECIFIED.,.F.,
  .F.,(2,2),(-0.45613116475,4.919370065541E-02),
  .PIECEWISE_BEZIER_KNOTS.);
#8979 = CARTESIAN_POINT('',(-0.652249224001,-0.774520053082,1.5));
#8980 = CARTESIAN_POINT('',(-0.367339195729,-0.670821283346,1.5));
#8981 = ORIENTED_EDGE('',*,*,#8982,.F.);
#8982 = EDGE_CURVE('',#8962,#8976,#8983,.T.);
#8983 = B_SPLINE_CURVE_WITH_KNOTS('',1,(#8984,#8985),.UNSPECIFIED.,.F.,
  .F.,(2,2),(1.545567224156,2.039567224156),.PIECEWISE_BEZIER_KNOTS.);
#8984 = CARTESIAN_POINT('',(-0.600779904141,-0.482623035089,1.5));
#8985 = CARTESIAN_POINT('',(-0.652249224001,-0.774520053082,1.5));
#8986 = FACE_BOUND('',#8987,.T.);
#8987 = EDGE_LOOP('',(#8988,#8997,#9004,#9011));
#8988 = ORIENTED_EDGE('',*,*,#8989,.F.);
#8989 = EDGE_CURVE('',#8990,#8992,#8994,.T.);
#8990 = VERTEX_POINT('',#8991);
#8991 = CARTESIAN_POINT('',(0.75,-0.15,1.5));
#8992 = VERTEX_POINT('',#8993);
#8993 = CARTESIAN_POINT('',(0.755884572681,-0.15,1.5));
#8994 = B_SPLINE_CURVE_WITH_KNOTS('',1,(#8995,#8996),.UNSPECIFIED.,.F.,
  .F.,(2,2),(1.75,1.759807621135),.PIECEWISE_BEZIER_KNOTS.);
#8995 = CARTESIAN_POINT('',(0.75,-0.15,1.5));
#8996 = CARTESIAN_POINT('',(0.755884572681,-0.15,1.5));
#8997 = ORIENTED_EDGE('',*,*,#8998,.T.);
#8998 = EDGE_CURVE('',#8990,#8999,#9001,.T.);
#8999 = VERTEX_POINT('',#9000);
#9000 = CARTESIAN_POINT('',(0.75,0.149797459622,1.5));
#9001 = B_SPLINE_CURVE_WITH_KNOTS('',1,(#9002,#9003),.UNSPECIFIED.,.F.,
  .F.,(2,2),(-1.5,-1.000337567297),.PIECEWISE_BEZIER_KNOTS.);
#9002 = CARTESIAN_POINT('',(0.75,-0.15,1.5));
#9003 = CARTESIAN_POINT('',(0.75,0.149797459622,1.5));
#9004 = ORIENTED_EDGE('',*,*,#9005,.F.);
#9005 = EDGE_CURVE('',#9006,#8999,#9008,.T.);
#9006 = VERTEX_POINT('',#9007);
#9007 = CARTESIAN_POINT('',(1.012574502363,-1.8E-03,1.5));
#9008 = B_SPLINE_CURVE_WITH_KNOTS('',1,(#9009,#9010),.UNSPECIFIED.,.F.,
  .F.,(2,2),(-2.66529128115,-2.159966415744),.PIECEWISE_BEZIER_KNOTS.);
#9009 = CARTESIAN_POINT('',(1.012574502363,-1.800000000285E-03,1.5));
#9010 = CARTESIAN_POINT('',(0.75,0.149797459621,1.5));
#9011 = ORIENTED_EDGE('',*,*,#9012,.F.);
#9012 = EDGE_CURVE('',#8992,#9006,#9013,.T.);
#9013 = B_SPLINE_CURVE_WITH_KNOTS('',1,(#9014,#9015),.UNSPECIFIED.,.F.,
  .F.,(2,2),(1.04479128115,1.53879128115),.PIECEWISE_BEZIER_KNOTS.);
#9014 = CARTESIAN_POINT('',(0.755884572681,-0.15,1.5));
#9015 = CARTESIAN_POINT('',(1.012574502363,-1.799999999799E-03,1.5));
#9016 = FACE_BOUND('',#9017,.T.);
#9017 = EDGE_LOOP('',(#9018,#9027,#9034,#9041));
#9018 = ORIENTED_EDGE('',*,*,#9019,.F.);
#9019 = EDGE_CURVE('',#9020,#9022,#9024,.T.);
#9020 = VERTEX_POINT('',#9021);
#9021 = CARTESIAN_POINT('',(-0.75,0.15,1.5));
#9022 = VERTEX_POINT('',#9023);
#9023 = CARTESIAN_POINT('',(-0.755884572681,0.15,1.5));
#9024 = B_SPLINE_CURVE_WITH_KNOTS('',1,(#9025,#9026),.UNSPECIFIED.,.F.,
  .F.,(2,2),(-0.5,-0.490192378865),.PIECEWISE_BEZIER_KNOTS.);
#9025 = CARTESIAN_POINT('',(-0.75,0.15,1.5));
#9026 = CARTESIAN_POINT('',(-0.755884572681,0.15,1.5));
#9027 = ORIENTED_EDGE('',*,*,#9028,.T.);
#9028 = EDGE_CURVE('',#9020,#9029,#9031,.T.);
#9029 = VERTEX_POINT('',#9030);
#9030 = CARTESIAN_POINT('',(-0.75,-0.149797459622,1.5));
#9031 = B_SPLINE_CURVE_WITH_KNOTS('',1,(#9032,#9033),.UNSPECIFIED.,.F.,
  .F.,(2,2),(0.75,1.249662432703),.PIECEWISE_BEZIER_KNOTS.);
#9032 = CARTESIAN_POINT('',(-0.75,0.15,1.5));
#9033 = CARTESIAN_POINT('',(-0.75,-0.149797459622,1.5));
#9034 = ORIENTED_EDGE('',*,*,#9035,.F.);
#9035 = EDGE_CURVE('',#9036,#9029,#9038,.T.);
#9036 = VERTEX_POINT('',#9037);
#9037 = CARTESIAN_POINT('',(-1.012574502363,1.800000000001E-03,1.5));
#9038 = B_SPLINE_CURVE_WITH_KNOTS('',1,(#9039,#9040),.UNSPECIFIED.,.F.,
  .F.,(2,2),(0.408265877366,0.913590742771),.PIECEWISE_BEZIER_KNOTS.);
#9039 = CARTESIAN_POINT('',(-1.012574502363,1.800000000031E-03,1.5));
#9040 = CARTESIAN_POINT('',(-0.75,-0.149797459622,1.5));
#9041 = ORIENTED_EDGE('',*,*,#9042,.F.);
#9042 = EDGE_CURVE('',#9022,#9036,#9043,.T.);
#9043 = B_SPLINE_CURVE_WITH_KNOTS('',1,(#9044,#9045),.UNSPECIFIED.,.F.,
  .F.,(2,2),(0.221234122634,0.715234122634),.PIECEWISE_BEZIER_KNOTS.);
#9044 = CARTESIAN_POINT('',(-0.755884572681,0.15,1.5));
#9045 = CARTESIAN_POINT('',(-1.012574502363,1.799999999793E-03,1.5));
#9046 = B_SPLINE_SURFACE_WITH_KNOTS('',1,1,(
    (#9047,#9048)
    ,(#9049,#9050
  )),.UNSPECIFIED.,.F.,.F.,.F.,(2,2),(2,2),(5.E-02,4.45),(5.E-02,4.45),
  .PIECEWISE_BEZIER_KNOTS.);
#9047 = CARTESIAN_POINT('',(-1.32,1.32,1.5));
#9048 = CARTESIAN_POINT('',(1.32,1.32,1.5));
#9049 = CARTESIAN_POINT('',(-1.32,-1.32,1.5));
#9050 = CARTESIAN_POINT('',(1.32,-1.32,1.5));
#9051 = ADVANCED_FACE('',(#9052),#9062,.T.);
#9052 = FACE_BOUND('',#9053,.T.);
#9053 = EDGE_LOOP('',(#9054,#9055,#9061));
#9054 = ORIENTED_EDGE('',*,*,#8788,.F.);
#9055 = ORIENTED_EDGE('',*,*,#9056,.T.);
#9056 = EDGE_CURVE('',#8782,#8749,#9057,.T.);
#9057 = ( BOUNDED_CURVE() B_SPLINE_CURVE(2,(#9058,#9059,#9060),
.UNSPECIFIED.,.F.,.F.) B_SPLINE_CURVE_WITH_KNOTS((3,3),(4.712388980385,
6.28318530718),.PIECEWISE_BEZIER_KNOTS.) CURVE() 
GEOMETRIC_REPRESENTATION_ITEM() RATIONAL_B_SPLINE_CURVE((1.,
0.707106781187,1.)) REPRESENTATION_ITEM('') );
#9058 = CARTESIAN_POINT('',(-1.35,-1.32,1.47));
#9059 = CARTESIAN_POINT('',(-1.35,-1.35,1.47));
#9060 = CARTESIAN_POINT('',(-1.32,-1.35,1.47));
#9061 = ORIENTED_EDGE('',*,*,#8748,.F.);
#9062 = ( BOUNDED_SURFACE() B_SPLINE_SURFACE(2,2,(
    (#9063,#9064,#9065)
    ,(#9066,#9067,#9068)
    ,(#9069,#9070,#9071
)),.UNSPECIFIED.,.F.,.F.,.F.) B_SPLINE_SURFACE_WITH_KNOTS((3,3),(3,3),(
    0.,1.570796326795),(-1.570796326795,0.),.PIECEWISE_BEZIER_KNOTS.) 
GEOMETRIC_REPRESENTATION_ITEM() RATIONAL_B_SPLINE_SURFACE((
    (1.,0.707106781187,1.)
    ,(0.707106781187,0.5,0.707106781187)
,(1.,0.707106781187,1.))) REPRESENTATION_ITEM('') SURFACE() );
#9063 = CARTESIAN_POINT('',(-1.35,-1.32,1.47));
#9064 = CARTESIAN_POINT('',(-1.35,-1.32,1.5));
#9065 = CARTESIAN_POINT('',(-1.32,-1.32,1.5));
#9066 = CARTESIAN_POINT('',(-1.35,-1.32,1.47));
#9067 = CARTESIAN_POINT('',(-1.35,-1.35,1.5));
#9068 = CARTESIAN_POINT('',(-1.32,-1.35,1.5));
#9069 = CARTESIAN_POINT('',(-1.35,-1.32,1.47));
#9070 = CARTESIAN_POINT('',(-1.35,-1.35,1.47));
#9071 = CARTESIAN_POINT('',(-1.32,-1.35,1.47));
#9072 = ADVANCED_FACE('',(#9073),#9090,.T.);
#9073 = FACE_BOUND('',#9074,.T.);
#9074 = EDGE_LOOP('',(#9075,#9076,#9083,#9089));
#9075 = ORIENTED_EDGE('',*,*,#8763,.T.);
#9076 = ORIENTED_EDGE('',*,*,#9077,.T.);
#9077 = EDGE_CURVE('',#8757,#9078,#9080,.T.);
#9078 = VERTEX_POINT('',#9079);
#9079 = CARTESIAN_POINT('',(1.29,-1.35,1.47));
#9080 = B_SPLINE_CURVE_WITH_KNOTS('',1,(#9081,#9082),.UNSPECIFIED.,.F.,
  .F.,(2,2),(0.,4.3),.PIECEWISE_BEZIER_KNOTS.);
#9081 = CARTESIAN_POINT('',(-1.29,-1.35,1.47));
#9082 = CARTESIAN_POINT('',(1.29,-1.35,1.47));
#9083 = ORIENTED_EDGE('',*,*,#9084,.F.);
#9084 = EDGE_CURVE('',#8814,#9078,#9085,.T.);
#9085 = ( BOUNDED_CURVE() B_SPLINE_CURVE(2,(#9086,#9087,#9088),
.UNSPECIFIED.,.F.,.F.) B_SPLINE_CURVE_WITH_KNOTS((3,3),(0.,
1.570796326795),.PIECEWISE_BEZIER_KNOTS.) CURVE() 
GEOMETRIC_REPRESENTATION_ITEM() RATIONAL_B_SPLINE_CURVE((1.,
0.707106781187,1.)) REPRESENTATION_ITEM('') );
#9086 = CARTESIAN_POINT('',(1.29,-1.32,1.5));
#9087 = CARTESIAN_POINT('',(1.29,-1.35,1.5));
#9088 = CARTESIAN_POINT('',(1.29,-1.35,1.47));
#9089 = ORIENTED_EDGE('',*,*,#8813,.F.);
#9090 = ( BOUNDED_SURFACE() B_SPLINE_SURFACE(2,1,(
    (#9091,#9092)
    ,(#9093,#9094)
    ,(#9095,#9096
)),.UNSPECIFIED.,.F.,.F.,.F.) B_SPLINE_SURFACE_WITH_KNOTS((3,3),(2,2),(
    0.,1.570796326795),(0.,4.3),.PIECEWISE_BEZIER_KNOTS.) 
GEOMETRIC_REPRESENTATION_ITEM() RATIONAL_B_SPLINE_SURFACE((
    (1.,1.)
    ,(0.707106781187,0.707106781187)
,(1.,1.))) REPRESENTATION_ITEM('') SURFACE() );
#9091 = CARTESIAN_POINT('',(-1.29,-1.32,1.5));
#9092 = CARTESIAN_POINT('',(1.29,-1.32,1.5));
#9093 = CARTESIAN_POINT('',(-1.29,-1.35,1.5));
#9094 = CARTESIAN_POINT('',(1.29,-1.35,1.5));
#9095 = CARTESIAN_POINT('',(-1.29,-1.35,1.47));
#9096 = CARTESIAN_POINT('',(1.29,-1.35,1.47));
#9097 = ADVANCED_FACE('',(#9098),#9120,.T.);
#9098 = FACE_BOUND('',#9099,.T.);
#9099 = EDGE_LOOP('',(#9100,#9101,#9108,#9115));
#9100 = ORIENTED_EDGE('',*,*,#8756,.F.);
#9101 = ORIENTED_EDGE('',*,*,#9102,.T.);
#9102 = EDGE_CURVE('',#8749,#9103,#9105,.T.);
#9103 = VERTEX_POINT('',#9104);
#9104 = CARTESIAN_POINT('',(-1.32,-1.35,1.44));
#9105 = B_SPLINE_CURVE_WITH_KNOTS('',1,(#9106,#9107),.UNSPECIFIED.,.F.,
  .F.,(2,2),(0.,5.E-02),.PIECEWISE_BEZIER_KNOTS.);
#9106 = CARTESIAN_POINT('',(-1.32,-1.35,1.47));
#9107 = CARTESIAN_POINT('',(-1.32,-1.35,1.44));
#9108 = ORIENTED_EDGE('',*,*,#9109,.T.);
#9109 = EDGE_CURVE('',#9103,#9110,#9112,.T.);
#9110 = VERTEX_POINT('',#9111);
#9111 = CARTESIAN_POINT('',(-1.29,-1.35,1.44));
#9112 = B_SPLINE_CURVE_WITH_KNOTS('',1,(#9113,#9114),.UNSPECIFIED.,.F.,
  .F.,(2,2),(5.E-02,0.1),.PIECEWISE_BEZIER_KNOTS.);
#9113 = CARTESIAN_POINT('',(-1.32,-1.35,1.44));
#9114 = CARTESIAN_POINT('',(-1.29,-1.35,1.44));
#9115 = ORIENTED_EDGE('',*,*,#9116,.T.);
#9116 = EDGE_CURVE('',#9110,#8757,#9117,.T.);
#9117 = B_SPLINE_CURVE_WITH_KNOTS('',1,(#9118,#9119),.UNSPECIFIED.,.F.,
  .F.,(2,2),(1.9,1.95),.PIECEWISE_BEZIER_KNOTS.);
#9118 = CARTESIAN_POINT('',(-1.29,-1.35,1.44));
#9119 = CARTESIAN_POINT('',(-1.29,-1.35,1.47));
#9120 = B_SPLINE_SURFACE_WITH_KNOTS('',1,1,(
    (#9121,#9122)
    ,(#9123,#9124
    )),.UNSPECIFIED.,.F.,.F.,.F.,(2,2),(2,2),(1.9,1.95),(-0.1,-5.E-02),
  .PIECEWISE_BEZIER_KNOTS.);
#9121 = CARTESIAN_POINT('',(-1.29,-1.35,1.44));
#9122 = CARTESIAN_POINT('',(-1.32,-1.35,1.44));
#9123 = CARTESIAN_POINT('',(-1.29,-1.35,1.47));
#9124 = CARTESIAN_POINT('',(-1.32,-1.35,1.47));
#9125 = ADVANCED_FACE('',(#9126),#9143,.T.);
#9126 = FACE_BOUND('',#9127,.T.);
#9127 = EDGE_LOOP('',(#9128,#9135,#9136,#9137));
#9128 = ORIENTED_EDGE('',*,*,#9129,.T.);
#9129 = EDGE_CURVE('',#9130,#8780,#9132,.T.);
#9130 = VERTEX_POINT('',#9131);
#9131 = CARTESIAN_POINT('',(-1.35,0.63,1.47));
#9132 = B_SPLINE_CURVE_WITH_KNOTS('',1,(#9133,#9134),.UNSPECIFIED.,.F.,
  .F.,(2,2),(0.,2.1),.PIECEWISE_BEZIER_KNOTS.);
#9133 = CARTESIAN_POINT('',(-1.35,0.63,1.47));
#9134 = CARTESIAN_POINT('',(-1.35,-0.63,1.47));
#9135 = ORIENTED_EDGE('',*,*,#8795,.T.);
#9136 = ORIENTED_EDGE('',*,*,#8876,.F.);
#9137 = ORIENTED_EDGE('',*,*,#9138,.F.);
#9138 = EDGE_CURVE('',#9130,#8870,#9139,.T.);
#9139 = ( BOUNDED_CURVE() B_SPLINE_CURVE(2,(#9140,#9141,#9142),
.UNSPECIFIED.,.F.,.F.) B_SPLINE_CURVE_WITH_KNOTS((3,3),(0.,
1.570796326795),.PIECEWISE_BEZIER_KNOTS.) CURVE() 
GEOMETRIC_REPRESENTATION_ITEM() RATIONAL_B_SPLINE_CURVE((1.,
0.707106781187,1.)) REPRESENTATION_ITEM('') );
#9140 = CARTESIAN_POINT('',(-1.35,0.63,1.47));
#9141 = CARTESIAN_POINT('',(-1.35,0.63,1.5));
#9142 = CARTESIAN_POINT('',(-1.32,0.63,1.5));
#9143 = ( BOUNDED_SURFACE() B_SPLINE_SURFACE(2,1,(
    (#9144,#9145)
    ,(#9146,#9147)
    ,(#9148,#9149
)),.UNSPECIFIED.,.F.,.F.,.F.) B_SPLINE_SURFACE_WITH_KNOTS((3,3),(2,2),(
    4.712388980385,6.28318530718),(0.,2.1),.PIECEWISE_BEZIER_KNOTS.) 
GEOMETRIC_REPRESENTATION_ITEM() RATIONAL_B_SPLINE_SURFACE((
    (1.,1.)
    ,(0.707106781187,0.707106781187)
,(1.,1.))) REPRESENTATION_ITEM('') SURFACE() );
#9144 = CARTESIAN_POINT('',(-1.32,0.63,1.5));
#9145 = CARTESIAN_POINT('',(-1.32,-0.63,1.5));
#9146 = CARTESIAN_POINT('',(-1.35,0.63,1.5));
#9147 = CARTESIAN_POINT('',(-1.35,-0.63,1.5));
#9148 = CARTESIAN_POINT('',(-1.35,0.63,1.47));
#9149 = CARTESIAN_POINT('',(-1.35,-0.63,1.47));
#9150 = ADVANCED_FACE('',(#9151),#9173,.F.);
#9151 = FACE_BOUND('',#9152,.F.);
#9152 = EDGE_LOOP('',(#9153,#9162,#9167,#9168));
#9153 = ORIENTED_EDGE('',*,*,#9154,.F.);
#9154 = EDGE_CURVE('',#9155,#9157,#9159,.T.);
#9155 = VERTEX_POINT('',#9156);
#9156 = CARTESIAN_POINT('',(-1.35,-0.63,1.44));
#9157 = VERTEX_POINT('',#9158);
#9158 = CARTESIAN_POINT('',(-1.35,-1.32,1.44));
#9159 = B_SPLINE_CURVE_WITH_KNOTS('',1,(#9160,#9161),.UNSPECIFIED.,.F.,
  .F.,(2,2),(3.3,4.45),.PIECEWISE_BEZIER_KNOTS.);
#9160 = CARTESIAN_POINT('',(-1.35,-0.63,1.44));
#9161 = CARTESIAN_POINT('',(-1.35,-1.32,1.44));
#9162 = ORIENTED_EDGE('',*,*,#9163,.T.);
#9163 = EDGE_CURVE('',#9155,#8780,#9164,.T.);
#9164 = B_SPLINE_CURVE_WITH_KNOTS('',1,(#9165,#9166),.UNSPECIFIED.,.F.,
  .F.,(2,2),(1.9,1.95),.PIECEWISE_BEZIER_KNOTS.);
#9165 = CARTESIAN_POINT('',(-1.35,-0.63,1.44));
#9166 = CARTESIAN_POINT('',(-1.35,-0.63,1.47));
#9167 = ORIENTED_EDGE('',*,*,#8779,.T.);
#9168 = ORIENTED_EDGE('',*,*,#9169,.T.);
#9169 = EDGE_CURVE('',#8782,#9157,#9170,.T.);
#9170 = B_SPLINE_CURVE_WITH_KNOTS('',1,(#9171,#9172),.UNSPECIFIED.,.F.,
  .F.,(2,2),(0.,5.E-02),.PIECEWISE_BEZIER_KNOTS.);
#9171 = CARTESIAN_POINT('',(-1.35,-1.32,1.47));
#9172 = CARTESIAN_POINT('',(-1.35,-1.32,1.44));
#9173 = B_SPLINE_SURFACE_WITH_KNOTS('',1,1,(
    (#9174,#9175)
    ,(#9176,#9177
    )),.UNSPECIFIED.,.F.,.F.,.F.,(2,2),(2,2),(0.,5.E-02),(3.3,4.45),
  .PIECEWISE_BEZIER_KNOTS.);
#9174 = CARTESIAN_POINT('',(-1.35,-0.63,1.44));
#9175 = CARTESIAN_POINT('',(-1.35,-1.32,1.44));
#9176 = CARTESIAN_POINT('',(-1.35,-0.63,1.47));
#9177 = CARTESIAN_POINT('',(-1.35,-1.32,1.47));
#9178 = ADVANCED_FACE('',(#9179),#9195,.T.);
#9179 = FACE_BOUND('',#9180,.T.);
#9180 = EDGE_LOOP('',(#9181,#9188,#9193,#9194));
#9181 = ORIENTED_EDGE('',*,*,#9182,.F.);
#9182 = EDGE_CURVE('',#9183,#8856,#9185,.T.);
#9183 = VERTEX_POINT('',#9184);
#9184 = CARTESIAN_POINT('',(-1.32,1.32,1.5));
#9185 = B_SPLINE_CURVE_WITH_KNOTS('',1,(#9186,#9187),.UNSPECIFIED.,.F.,
  .F.,(2,2),(5.E-02,0.1),.PIECEWISE_BEZIER_KNOTS.);
#9186 = CARTESIAN_POINT('',(-1.32,1.32,1.5));
#9187 = CARTESIAN_POINT('',(-1.29,1.32,1.5));
#9188 = ORIENTED_EDGE('',*,*,#9189,.T.);
#9189 = EDGE_CURVE('',#9183,#8870,#9190,.T.);
#9190 = B_SPLINE_CURVE_WITH_KNOTS('',1,(#9191,#9192),.UNSPECIFIED.,.F.,
  .F.,(2,2),(0.,1.15),.PIECEWISE_BEZIER_KNOTS.);
#9191 = CARTESIAN_POINT('',(-1.32,1.32,1.5));
#9192 = CARTESIAN_POINT('',(-1.32,0.63,1.5));
#9193 = ORIENTED_EDGE('',*,*,#8869,.T.);
#9194 = ORIENTED_EDGE('',*,*,#8862,.F.);
#9195 = B_SPLINE_SURFACE_WITH_KNOTS('',1,1,(
    (#9196,#9197)
    ,(#9198,#9199
    )),.UNSPECIFIED.,.F.,.F.,.F.,(2,2),(2,2),(5.E-02,1.2),(5.E-02,0.1),
  .PIECEWISE_BEZIER_KNOTS.);
#9196 = CARTESIAN_POINT('',(-1.32,1.32,1.5));
#9197 = CARTESIAN_POINT('',(-1.29,1.32,1.5));
#9198 = CARTESIAN_POINT('',(-1.32,0.63,1.5));
#9199 = CARTESIAN_POINT('',(-1.29,0.63,1.5));
#9200 = ADVANCED_FACE('',(#9201),#9217,.T.);
#9201 = FACE_BOUND('',#9202,.T.);
#9202 = EDGE_LOOP('',(#9203,#9210,#9211,#9212));
#9203 = ORIENTED_EDGE('',*,*,#9204,.F.);
#9204 = EDGE_CURVE('',#8828,#9205,#9207,.T.);
#9205 = VERTEX_POINT('',#9206);
#9206 = CARTESIAN_POINT('',(1.32,-1.32,1.5));
#9207 = B_SPLINE_CURVE_WITH_KNOTS('',1,(#9208,#9209),.UNSPECIFIED.,.F.,
  .F.,(2,2),(0.,1.15),.PIECEWISE_BEZIER_KNOTS.);
#9208 = CARTESIAN_POINT('',(1.32,-0.63,1.5));
#9209 = CARTESIAN_POINT('',(1.32,-1.32,1.5));
#9210 = ORIENTED_EDGE('',*,*,#8827,.F.);
#9211 = ORIENTED_EDGE('',*,*,#8820,.T.);
#9212 = ORIENTED_EDGE('',*,*,#9213,.T.);
#9213 = EDGE_CURVE('',#8814,#9205,#9214,.T.);
#9214 = B_SPLINE_CURVE_WITH_KNOTS('',1,(#9215,#9216),.UNSPECIFIED.,.F.,
  .F.,(2,2),(0.,5.E-02),.PIECEWISE_BEZIER_KNOTS.);
#9215 = CARTESIAN_POINT('',(1.29,-1.32,1.5));
#9216 = CARTESIAN_POINT('',(1.32,-1.32,1.5));
#9217 = B_SPLINE_SURFACE_WITH_KNOTS('',1,1,(
    (#9218,#9219)
    ,(#9220,#9221
    )),.UNSPECIFIED.,.F.,.F.,.F.,(2,2),(2,2),(3.3,4.45),(4.4,4.45),
  .PIECEWISE_BEZIER_KNOTS.);
#9218 = CARTESIAN_POINT('',(1.29,-0.63,1.5));
#9219 = CARTESIAN_POINT('',(1.32,-0.63,1.5));
#9220 = CARTESIAN_POINT('',(1.29,-1.32,1.5));
#9221 = CARTESIAN_POINT('',(1.32,-1.32,1.5));
#9222 = ADVANCED_FACE('',(#9223),#9247,.T.);
#9223 = FACE_BOUND('',#9224,.T.);
#9224 = EDGE_LOOP('',(#9225,#9233,#9234,#9242));
#9225 = ORIENTED_EDGE('',*,*,#9226,.T.);
#9226 = EDGE_CURVE('',#9227,#8856,#9229,.T.);
#9227 = VERTEX_POINT('',#9228);
#9228 = CARTESIAN_POINT('',(-1.29,1.35,1.47));
#9229 = ( BOUNDED_CURVE() B_SPLINE_CURVE(2,(#9230,#9231,#9232),
.UNSPECIFIED.,.F.,.F.) B_SPLINE_CURVE_WITH_KNOTS((3,3),(0.,
1.570796326795),.PIECEWISE_BEZIER_KNOTS.) CURVE() 
GEOMETRIC_REPRESENTATION_ITEM() RATIONAL_B_SPLINE_CURVE((1.,
0.707106781187,1.)) REPRESENTATION_ITEM('') );
#9230 = CARTESIAN_POINT('',(-1.29,1.35,1.47));
#9231 = CARTESIAN_POINT('',(-1.29,1.35,1.5));
#9232 = CARTESIAN_POINT('',(-1.29,1.32,1.5));
#9233 = ORIENTED_EDGE('',*,*,#8855,.T.);
#9234 = ORIENTED_EDGE('',*,*,#9235,.F.);
#9235 = EDGE_CURVE('',#9236,#8849,#9238,.T.);
#9236 = VERTEX_POINT('',#9237);
#9237 = CARTESIAN_POINT('',(1.29,1.35,1.47));
#9238 = ( BOUNDED_CURVE() B_SPLINE_CURVE(2,(#9239,#9240,#9241),
.UNSPECIFIED.,.F.,.F.) B_SPLINE_CURVE_WITH_KNOTS((3,3),(0.,
1.570796326795),.PIECEWISE_BEZIER_KNOTS.) CURVE() 
GEOMETRIC_REPRESENTATION_ITEM() RATIONAL_B_SPLINE_CURVE((1.,
0.707106781187,1.)) REPRESENTATION_ITEM('') );
#9239 = CARTESIAN_POINT('',(1.29,1.35,1.47));
#9240 = CARTESIAN_POINT('',(1.29,1.35,1.5));
#9241 = CARTESIAN_POINT('',(1.29,1.32,1.5));
#9242 = ORIENTED_EDGE('',*,*,#9243,.F.);
#9243 = EDGE_CURVE('',#9227,#9236,#9244,.T.);
#9244 = B_SPLINE_CURVE_WITH_KNOTS('',1,(#9245,#9246),.UNSPECIFIED.,.F.,
  .F.,(2,2),(0.,4.3),.PIECEWISE_BEZIER_KNOTS.);
#9245 = CARTESIAN_POINT('',(-1.29,1.35,1.47));
#9246 = CARTESIAN_POINT('',(1.29,1.35,1.47));
#9247 = ( BOUNDED_SURFACE() B_SPLINE_SURFACE(2,1,(
    (#9248,#9249)
    ,(#9250,#9251)
    ,(#9252,#9253
)),.UNSPECIFIED.,.F.,.F.,.F.) B_SPLINE_SURFACE_WITH_KNOTS((3,3),(2,2),(
    0.,1.570796326795),(0.,4.3),.PIECEWISE_BEZIER_KNOTS.) 
GEOMETRIC_REPRESENTATION_ITEM() RATIONAL_B_SPLINE_SURFACE((
    (1.,1.)
    ,(0.707106781187,0.707106781187)
,(1.,1.))) REPRESENTATION_ITEM('') SURFACE() );
#9248 = CARTESIAN_POINT('',(-1.29,1.35,1.47));
#9249 = CARTESIAN_POINT('',(1.29,1.35,1.47));
#9250 = CARTESIAN_POINT('',(-1.29,1.35,1.5));
#9251 = CARTESIAN_POINT('',(1.29,1.35,1.5));
#9252 = CARTESIAN_POINT('',(-1.29,1.32,1.5));
#9253 = CARTESIAN_POINT('',(1.29,1.32,1.5));
#9254 = ADVANCED_FACE('',(#9255),#9271,.T.);
#9255 = FACE_BOUND('',#9256,.T.);
#9256 = EDGE_LOOP('',(#9257,#9264,#9265,#9266));
#9257 = ORIENTED_EDGE('',*,*,#9258,.F.);
#9258 = EDGE_CURVE('',#8849,#9259,#9261,.T.);
#9259 = VERTEX_POINT('',#9260);
#9260 = CARTESIAN_POINT('',(1.32,1.32,1.5));
#9261 = B_SPLINE_CURVE_WITH_KNOTS('',1,(#9262,#9263),.UNSPECIFIED.,.F.,
  .F.,(2,2),(0.,5.E-02),.PIECEWISE_BEZIER_KNOTS.);
#9262 = CARTESIAN_POINT('',(1.29,1.32,1.5));
#9263 = CARTESIAN_POINT('',(1.32,1.32,1.5));
#9264 = ORIENTED_EDGE('',*,*,#8848,.T.);
#9265 = ORIENTED_EDGE('',*,*,#8841,.T.);
#9266 = ORIENTED_EDGE('',*,*,#9267,.F.);
#9267 = EDGE_CURVE('',#9259,#8835,#9268,.T.);
#9268 = B_SPLINE_CURVE_WITH_KNOTS('',1,(#9269,#9270),.UNSPECIFIED.,.F.,
  .F.,(2,2),(0.,1.15),.PIECEWISE_BEZIER_KNOTS.);
#9269 = CARTESIAN_POINT('',(1.32,1.32,1.5));
#9270 = CARTESIAN_POINT('',(1.32,0.63,1.5));
#9271 = B_SPLINE_SURFACE_WITH_KNOTS('',1,1,(
    (#9272,#9273)
    ,(#9274,#9275
    )),.UNSPECIFIED.,.F.,.F.,.F.,(2,2),(2,2),(5.E-02,1.2),(4.4,4.45),
  .PIECEWISE_BEZIER_KNOTS.);
#9272 = CARTESIAN_POINT('',(1.29,1.32,1.5));
#9273 = CARTESIAN_POINT('',(1.32,1.32,1.5));
#9274 = CARTESIAN_POINT('',(1.29,0.63,1.5));
#9275 = CARTESIAN_POINT('',(1.32,0.63,1.5));
#9276 = ADVANCED_FACE('',(#9277),#9301,.T.);
#9277 = FACE_BOUND('',#9278,.T.);
#9278 = EDGE_LOOP('',(#9279,#9280,#9288,#9295));
#9279 = ORIENTED_EDGE('',*,*,#8834,.T.);
#9280 = ORIENTED_EDGE('',*,*,#9281,.T.);
#9281 = EDGE_CURVE('',#8828,#9282,#9284,.T.);
#9282 = VERTEX_POINT('',#9283);
#9283 = CARTESIAN_POINT('',(1.35,-0.63,1.47));
#9284 = ( BOUNDED_CURVE() B_SPLINE_CURVE(2,(#9285,#9286,#9287),
.UNSPECIFIED.,.F.,.F.) B_SPLINE_CURVE_WITH_KNOTS((3,3),(0.,
1.570796326795),.PIECEWISE_BEZIER_KNOTS.) CURVE() 
GEOMETRIC_REPRESENTATION_ITEM() RATIONAL_B_SPLINE_CURVE((1.,
0.707106781187,1.)) REPRESENTATION_ITEM('') );
#9285 = CARTESIAN_POINT('',(1.32,-0.63,1.5));
#9286 = CARTESIAN_POINT('',(1.35,-0.63,1.5));
#9287 = CARTESIAN_POINT('',(1.35,-0.63,1.47));
#9288 = ORIENTED_EDGE('',*,*,#9289,.F.);
#9289 = EDGE_CURVE('',#9290,#9282,#9292,.T.);
#9290 = VERTEX_POINT('',#9291);
#9291 = CARTESIAN_POINT('',(1.35,0.63,1.47));
#9292 = B_SPLINE_CURVE_WITH_KNOTS('',1,(#9293,#9294),.UNSPECIFIED.,.F.,
  .F.,(2,2),(0.,2.1),.PIECEWISE_BEZIER_KNOTS.);
#9293 = CARTESIAN_POINT('',(1.35,0.63,1.47));
#9294 = CARTESIAN_POINT('',(1.35,-0.63,1.47));
#9295 = ORIENTED_EDGE('',*,*,#9296,.F.);
#9296 = EDGE_CURVE('',#8835,#9290,#9297,.T.);
#9297 = ( BOUNDED_CURVE() B_SPLINE_CURVE(2,(#9298,#9299,#9300),
.UNSPECIFIED.,.F.,.F.) B_SPLINE_CURVE_WITH_KNOTS((3,3),(0.,
1.570796326795),.PIECEWISE_BEZIER_KNOTS.) CURVE() 
GEOMETRIC_REPRESENTATION_ITEM() RATIONAL_B_SPLINE_CURVE((1.,
0.707106781187,1.)) REPRESENTATION_ITEM('') );
#9298 = CARTESIAN_POINT('',(1.32,0.63,1.5));
#9299 = CARTESIAN_POINT('',(1.35,0.63,1.5));
#9300 = CARTESIAN_POINT('',(1.35,0.63,1.47));
#9301 = ( BOUNDED_SURFACE() B_SPLINE_SURFACE(2,1,(
    (#9302,#9303)
    ,(#9304,#9305)
    ,(#9306,#9307
)),.UNSPECIFIED.,.F.,.F.,.F.) B_SPLINE_SURFACE_WITH_KNOTS((3,3),(2,2),(
    4.712388980385,6.28318530718),(0.,2.1),.PIECEWISE_BEZIER_KNOTS.) 
GEOMETRIC_REPRESENTATION_ITEM() RATIONAL_B_SPLINE_SURFACE((
    (1.,1.)
    ,(0.707106781187,0.707106781187)
,(1.,1.))) REPRESENTATION_ITEM('') SURFACE() );
#9302 = CARTESIAN_POINT('',(1.35,0.63,1.47));
#9303 = CARTESIAN_POINT('',(1.35,-0.63,1.47));
#9304 = CARTESIAN_POINT('',(1.35,0.63,1.5));
#9305 = CARTESIAN_POINT('',(1.35,-0.63,1.5));
#9306 = CARTESIAN_POINT('',(1.32,0.63,1.5));
#9307 = CARTESIAN_POINT('',(1.32,-0.63,1.5));
#9308 = ADVANCED_FACE('',(#9309),#9331,.T.);
#9309 = FACE_BOUND('',#9310,.T.);
#9310 = EDGE_LOOP('',(#9311,#9320,#9325,#9326));
#9311 = ORIENTED_EDGE('',*,*,#9312,.F.);
#9312 = EDGE_CURVE('',#9313,#9315,#9317,.T.);
#9313 = VERTEX_POINT('',#9314);
#9314 = CARTESIAN_POINT('',(-0.15,-0.75,1.512));
#9315 = VERTEX_POINT('',#9316);
#9316 = CARTESIAN_POINT('',(-0.15,-0.755884572681,1.512));
#9317 = B_SPLINE_CURVE_WITH_KNOTS('',1,(#9318,#9319),.UNSPECIFIED.,.F.,
  .F.,(2,2),(0.,9.807621135E-03),.PIECEWISE_BEZIER_KNOTS.);
#9318 = CARTESIAN_POINT('',(-0.15,-0.75,1.512));
#9319 = CARTESIAN_POINT('',(-0.15,-0.755884572681,1.512));
#9320 = ORIENTED_EDGE('',*,*,#9321,.F.);
#9321 = EDGE_CURVE('',#8884,#9313,#9322,.T.);
#9322 = B_SPLINE_CURVE_WITH_KNOTS('',1,(#9323,#9324),.UNSPECIFIED.,.F.,
  .F.,(2,2),(0.48,0.5),.PIECEWISE_BEZIER_KNOTS.);
#9323 = CARTESIAN_POINT('',(-0.15,-0.75,1.5));
#9324 = CARTESIAN_POINT('',(-0.15,-0.75,1.512));
#9325 = ORIENTED_EDGE('',*,*,#8883,.T.);
#9326 = ORIENTED_EDGE('',*,*,#9327,.T.);
#9327 = EDGE_CURVE('',#8886,#9315,#9328,.T.);
#9328 = B_SPLINE_CURVE_WITH_KNOTS('',1,(#9329,#9330),.UNSPECIFIED.,.F.,
  .F.,(2,2),(0.48,0.5),.PIECEWISE_BEZIER_KNOTS.);
#9329 = CARTESIAN_POINT('',(-0.15,-0.755884572681,1.5));
#9330 = CARTESIAN_POINT('',(-0.15,-0.755884572681,1.512));
#9331 = B_SPLINE_SURFACE_WITH_KNOTS('',1,1,(
    (#9332,#9333)
    ,(#9334,#9335
    )),.UNSPECIFIED.,.F.,.F.,.F.,(2,2),(2,2),(0.48,0.5),(
    -9.807621135E-03,0.),.PIECEWISE_BEZIER_KNOTS.);
#9332 = CARTESIAN_POINT('',(-0.15,-0.755884572681,1.5));
#9333 = CARTESIAN_POINT('',(-0.15,-0.75,1.5));
#9334 = CARTESIAN_POINT('',(-0.15,-0.755884572681,1.512));
#9335 = CARTESIAN_POINT('',(-0.15,-0.75,1.512));
#9336 = ADVANCED_FACE('',(#9337),#9353,.F.);
#9337 = FACE_BOUND('',#9338,.F.);
#9338 = EDGE_LOOP('',(#9339,#9340,#9347,#9352));
#9339 = ORIENTED_EDGE('',*,*,#8892,.T.);
#9340 = ORIENTED_EDGE('',*,*,#9341,.T.);
#9341 = EDGE_CURVE('',#8893,#9342,#9344,.T.);
#9342 = VERTEX_POINT('',#9343);
#9343 = CARTESIAN_POINT('',(0.149797459622,-0.75,1.512));
#9344 = B_SPLINE_CURVE_WITH_KNOTS('',1,(#9345,#9346),.UNSPECIFIED.,.F.,
  .F.,(2,2),(0.48,0.5),.PIECEWISE_BEZIER_KNOTS.);
#9345 = CARTESIAN_POINT('',(0.149797459622,-0.75,1.5));
#9346 = CARTESIAN_POINT('',(0.149797459622,-0.75,1.512));
#9347 = ORIENTED_EDGE('',*,*,#9348,.T.);
#9348 = EDGE_CURVE('',#9342,#9313,#9349,.T.);
#9349 = B_SPLINE_CURVE_WITH_KNOTS('',1,(#9350,#9351),.UNSPECIFIED.,.F.,
  .F.,(2,2),(3.37567297E-04,0.5),.PIECEWISE_BEZIER_KNOTS.);
#9350 = CARTESIAN_POINT('',(0.149797459622,-0.75,1.512));
#9351 = CARTESIAN_POINT('',(-0.15,-0.75,1.512));
#9352 = ORIENTED_EDGE('',*,*,#9321,.F.);
#9353 = B_SPLINE_SURFACE_WITH_KNOTS('',1,1,(
    (#9354,#9355)
    ,(#9356,#9357
    )),.UNSPECIFIED.,.F.,.F.,.F.,(2,2),(2,2),(0.48,0.5),(3.37567297E-04,
    0.5),.PIECEWISE_BEZIER_KNOTS.);
#9354 = CARTESIAN_POINT('',(0.149797459622,-0.75,1.5));
#9355 = CARTESIAN_POINT('',(-0.15,-0.75,1.5));
#9356 = CARTESIAN_POINT('',(0.149797459622,-0.75,1.512));
#9357 = CARTESIAN_POINT('',(-0.15,-0.75,1.512));
#9358 = ADVANCED_FACE('',(#9359),#9375,.T.);
#9359 = FACE_BOUND('',#9360,.T.);
#9360 = EDGE_LOOP('',(#9361,#9368,#9369,#9370));
#9361 = ORIENTED_EDGE('',*,*,#9362,.F.);
#9362 = EDGE_CURVE('',#9315,#9363,#9365,.T.);
#9363 = VERTEX_POINT('',#9364);
#9364 = CARTESIAN_POINT('',(-1.799999999999E-03,-1.012574502363,1.512));
#9365 = B_SPLINE_CURVE_WITH_KNOTS('',1,(#9366,#9367),.UNSPECIFIED.,.F.,
  .F.,(2,2),(0.3,0.794),.PIECEWISE_BEZIER_KNOTS.);
#9366 = CARTESIAN_POINT('',(-0.15,-0.755884572681,1.512));
#9367 = CARTESIAN_POINT('',(-1.799999999869E-03,-1.012574502363,1.512));
#9368 = ORIENTED_EDGE('',*,*,#9327,.F.);
#9369 = ORIENTED_EDGE('',*,*,#8906,.T.);
#9370 = ORIENTED_EDGE('',*,*,#9371,.F.);
#9371 = EDGE_CURVE('',#9363,#8900,#9372,.T.);
#9372 = B_SPLINE_CURVE_WITH_KNOTS('',1,(#9373,#9374),.UNSPECIFIED.,.F.,
  .F.,(2,2),(-0.5,-0.48),.PIECEWISE_BEZIER_KNOTS.);
#9373 = CARTESIAN_POINT('',(-1.799999999999E-03,-1.012574502363,1.512));
#9374 = CARTESIAN_POINT('',(-1.799999999999E-03,-1.012574502363,1.5));
#9375 = B_SPLINE_SURFACE_WITH_KNOTS('',1,1,(
    (#9376,#9377)
    ,(#9378,#9379
    )),.UNSPECIFIED.,.F.,.F.,.F.,(2,2),(2,2),(0.48,0.5),(-0.794,-0.3),
  .PIECEWISE_BEZIER_KNOTS.);
#9376 = CARTESIAN_POINT('',(-1.799999999869E-03,-1.012574502363,1.5));
#9377 = CARTESIAN_POINT('',(-0.15,-0.755884572681,1.5));
#9378 = CARTESIAN_POINT('',(-1.799999999869E-03,-1.012574502363,1.512));
#9379 = CARTESIAN_POINT('',(-0.15,-0.755884572681,1.512));
#9380 = ADVANCED_FACE('',(#9381),#9391,.T.);
#9381 = FACE_BOUND('',#9382,.T.);
#9382 = EDGE_LOOP('',(#9383,#9384,#9385,#9390));
#9383 = ORIENTED_EDGE('',*,*,#8899,.T.);
#9384 = ORIENTED_EDGE('',*,*,#9341,.T.);
#9385 = ORIENTED_EDGE('',*,*,#9386,.T.);
#9386 = EDGE_CURVE('',#9342,#9363,#9387,.T.);
#9387 = B_SPLINE_CURVE_WITH_KNOTS('',1,(#9388,#9389),.UNSPECIFIED.,.F.,
  .F.,(2,2),(0.288675134595,0.794),.PIECEWISE_BEZIER_KNOTS.);
#9388 = CARTESIAN_POINT('',(0.149797459622,-0.75,1.512));
#9389 = CARTESIAN_POINT('',(-1.800000000131E-03,-1.012574502363,1.512));
#9390 = ORIENTED_EDGE('',*,*,#9371,.T.);
#9391 = B_SPLINE_SURFACE_WITH_KNOTS('',1,1,(
    (#9392,#9393)
    ,(#9394,#9395
    )),.UNSPECIFIED.,.F.,.F.,.F.,(2,2),(2,2),(0.48,0.5),(0.288675134595,
    0.794),.PIECEWISE_BEZIER_KNOTS.);
#9392 = CARTESIAN_POINT('',(0.149797459622,-0.75,1.5));
#9393 = CARTESIAN_POINT('',(-1.800000000131E-03,-1.012574502363,1.5));
#9394 = CARTESIAN_POINT('',(0.149797459622,-0.75,1.512));
#9395 = CARTESIAN_POINT('',(-1.800000000131E-03,-1.012574502363,1.512));
#9396 = ADVANCED_FACE('',(#9397),#9420,.F.);
#9397 = FACE_BOUND('',#9398,.F.);
#9398 = EDGE_LOOP('',(#9399,#9400,#9407,#9415));
#9399 = ORIENTED_EDGE('',*,*,#8913,.F.);
#9400 = ORIENTED_EDGE('',*,*,#9401,.F.);
#9401 = EDGE_CURVE('',#9402,#8914,#9404,.T.);
#9402 = VERTEX_POINT('',#9403);
#9403 = CARTESIAN_POINT('',(9.05941988094E-16,-0.72,1.44));
#9404 = B_SPLINE_CURVE_WITH_KNOTS('',1,(#9405,#9406),.UNSPECIFIED.,.F.,
  .F.,(2,2),(1.4,1.5),.PIECEWISE_BEZIER_KNOTS.);
#9405 = CARTESIAN_POINT('',(7.31941988094E-16,-0.72,1.44));
#9406 = CARTESIAN_POINT('',(7.31941988094E-16,-0.72,1.5));
#9407 = ORIENTED_EDGE('',*,*,#9408,.T.);
#9408 = EDGE_CURVE('',#9402,#9409,#9411,.T.);
#9409 = VERTEX_POINT('',#9410);
#9410 = CARTESIAN_POINT('',(9.E-02,-0.714352853987,1.44));
#9411 = ( BOUNDED_CURVE() B_SPLINE_CURVE(2,(#9412,#9413,#9414),
.UNSPECIFIED.,.F.,.F.) B_SPLINE_CURVE_WITH_KNOTS((3,3),(0.,
0.125327831168),.PIECEWISE_BEZIER_KNOTS.) CURVE() 
GEOMETRIC_REPRESENTATION_ITEM() RATIONAL_B_SPLINE_CURVE((1.,
0.998037259237,1.)) REPRESENTATION_ITEM('') );
#9412 = CARTESIAN_POINT('',(9.05941988094E-16,-0.72,1.44));
#9413 = CARTESIAN_POINT('',(4.517716810049E-02,-0.72,1.44));
#9414 = CARTESIAN_POINT('',(9.E-02,-0.714352853987,1.44));
#9415 = ORIENTED_EDGE('',*,*,#9416,.T.);
#9416 = EDGE_CURVE('',#9409,#8916,#9417,.T.);
#9417 = B_SPLINE_CURVE_WITH_KNOTS('',1,(#9418,#9419),.UNSPECIFIED.,.F.,
  .F.,(2,2),(1.4,1.5),.PIECEWISE_BEZIER_KNOTS.);
#9418 = CARTESIAN_POINT('',(9.E-02,-0.714352853987,1.44));
#9419 = CARTESIAN_POINT('',(9.E-02,-0.714352853987,1.5));
#9420 = ( BOUNDED_SURFACE() B_SPLINE_SURFACE(2,1,(
    (#9421,#9422)
    ,(#9423,#9424)
    ,(#9425,#9426
)),.UNSPECIFIED.,.F.,.F.,.F.) B_SPLINE_SURFACE_WITH_KNOTS((3,3),(2,2),(
    0.,0.125327831168),(1.4,1.5),.PIECEWISE_BEZIER_KNOTS.) 
GEOMETRIC_REPRESENTATION_ITEM() RATIONAL_B_SPLINE_SURFACE((
    (1.,1.)
    ,(0.998037259237,0.998037259237)
,(1.,1.))) REPRESENTATION_ITEM('') SURFACE() );
#9421 = CARTESIAN_POINT('',(9.05941988094E-16,-0.72,1.44));
#9422 = CARTESIAN_POINT('',(9.05941988094E-16,-0.72,1.5));
#9423 = CARTESIAN_POINT('',(4.517716810049E-02,-0.72,1.44));
#9424 = CARTESIAN_POINT('',(4.517716810049E-02,-0.72,1.5));
#9425 = CARTESIAN_POINT('',(9.E-02,-0.714352853987,1.44));
#9426 = CARTESIAN_POINT('',(9.E-02,-0.714352853987,1.5));
#9427 = ADVANCED_FACE('',(#9428),#9445,.F.);
#9428 = FACE_BOUND('',#9429,.F.);
#9429 = EDGE_LOOP('',(#9430,#9438,#9439,#9440));
#9430 = ORIENTED_EDGE('',*,*,#9431,.T.);
#9431 = EDGE_CURVE('',#9432,#9402,#9434,.T.);
#9432 = VERTEX_POINT('',#9433);
#9433 = CARTESIAN_POINT('',(-9.E-02,-0.714352853987,1.44));
#9434 = ( BOUNDED_CURVE() B_SPLINE_CURVE(2,(#9435,#9436,#9437),
.UNSPECIFIED.,.F.,.F.) B_SPLINE_CURVE_WITH_KNOTS((3,3),(6.157857476012,
6.28318530718),.PIECEWISE_BEZIER_KNOTS.) CURVE() 
GEOMETRIC_REPRESENTATION_ITEM() RATIONAL_B_SPLINE_CURVE((1.,
0.998037259237,1.)) REPRESENTATION_ITEM('') );
#9435 = CARTESIAN_POINT('',(-9.000000000001E-02,-0.714352853987,1.44));
#9436 = CARTESIAN_POINT('',(-4.517716810049E-02,-0.72,1.44));
#9437 = CARTESIAN_POINT('',(7.295928490168E-16,-0.72,1.44));
#9438 = ORIENTED_EDGE('',*,*,#9401,.T.);
#9439 = ORIENTED_EDGE('',*,*,#8923,.F.);
#9440 = ORIENTED_EDGE('',*,*,#9441,.F.);
#9441 = EDGE_CURVE('',#9432,#8924,#9442,.T.);
#9442 = B_SPLINE_CURVE_WITH_KNOTS('',1,(#9443,#9444),.UNSPECIFIED.,.F.,
  .F.,(2,2),(1.4,1.5),.PIECEWISE_BEZIER_KNOTS.);
#9443 = CARTESIAN_POINT('',(-9.E-02,-0.714352853987,1.44));
#9444 = CARTESIAN_POINT('',(-9.E-02,-0.714352853987,1.5));
#9445 = ( BOUNDED_SURFACE() B_SPLINE_SURFACE(2,1,(
    (#9446,#9447)
    ,(#9448,#9449)
    ,(#9450,#9451
)),.UNSPECIFIED.,.F.,.F.,.F.) B_SPLINE_SURFACE_WITH_KNOTS((3,3),(2,2),(
    6.157857476012,6.28318530718),(1.4,1.5),.PIECEWISE_BEZIER_KNOTS.) 
GEOMETRIC_REPRESENTATION_ITEM() RATIONAL_B_SPLINE_SURFACE((
    (1.,1.)
    ,(0.998037259237,0.998037259237)
,(1.,1.))) REPRESENTATION_ITEM('') SURFACE() );
#9446 = CARTESIAN_POINT('',(-9.000000000001E-02,-0.714352853987,1.44));
#9447 = CARTESIAN_POINT('',(-9.000000000001E-02,-0.714352853987,1.5));
#9448 = CARTESIAN_POINT('',(-4.517716810049E-02,-0.72,1.44));
#9449 = CARTESIAN_POINT('',(-4.517716810049E-02,-0.72,1.5));
#9450 = CARTESIAN_POINT('',(7.295928490168E-16,-0.72,1.44));
#9451 = CARTESIAN_POINT('',(7.295928490168E-16,-0.72,1.5));
#9452 = ADVANCED_FACE('',(#9453),#9461,.T.);
#9453 = FACE_BOUND('',#9454,.T.);
#9454 = EDGE_LOOP('',(#9455,#9460));
#9455 = ORIENTED_EDGE('',*,*,#9456,.F.);
#9456 = EDGE_CURVE('',#8916,#8942,#9457,.T.);
#9457 = B_SPLINE_CURVE_WITH_KNOTS('',1,(#9458,#9459),.UNSPECIFIED.,.F.,
  .F.,(2,2),(-1.790588089979,0.590588089979),.PIECEWISE_BEZIER_KNOTS.);
#9458 = CARTESIAN_POINT('',(9.E-02,-0.714352853987,1.5));
#9459 = CARTESIAN_POINT('',(9.E-02,0.714352853987,1.5));
#9460 = ORIENTED_EDGE('',*,*,#8949,.T.);
#9461 = B_SPLINE_SURFACE_WITH_KNOTS('',1,1,(
    (#9462,#9463)
    ,(#9464,#9465
    )),.UNSPECIFIED.,.F.,.F.,.F.,(2,2),(2,2),(-1.190588089979,
    1.190588089979),(0.15,1.2),.PIECEWISE_BEZIER_KNOTS.);
#9462 = CARTESIAN_POINT('',(9.E-02,0.714352853987,1.5));
#9463 = CARTESIAN_POINT('',(0.72,0.714352853987,1.5));
#9464 = CARTESIAN_POINT('',(9.E-02,-0.714352853987,1.5));
#9465 = CARTESIAN_POINT('',(0.72,-0.714352853987,1.5));
#9466 = ADVANCED_FACE('',(#9467),#9475,.T.);
#9467 = FACE_BOUND('',#9468,.T.);
#9468 = EDGE_LOOP('',(#9469,#9470));
#9469 = ORIENTED_EDGE('',*,*,#8931,.T.);
#9470 = ORIENTED_EDGE('',*,*,#9471,.T.);
#9471 = EDGE_CURVE('',#8924,#8932,#9472,.T.);
#9472 = B_SPLINE_CURVE_WITH_KNOTS('',1,(#9473,#9474),.UNSPECIFIED.,.F.,
  .F.,(2,2),(-1.790588089979,0.590588089979),.PIECEWISE_BEZIER_KNOTS.);
#9473 = CARTESIAN_POINT('',(-9.E-02,-0.714352853987,1.5));
#9474 = CARTESIAN_POINT('',(-9.E-02,0.714352853987,1.5));
#9475 = B_SPLINE_SURFACE_WITH_KNOTS('',1,1,(
    (#9476,#9477)
    ,(#9478,#9479
    )),.UNSPECIFIED.,.F.,.F.,.F.,(2,2),(2,2),(-1.190588089979,
    1.190588089979),(-1.2,-0.15),.PIECEWISE_BEZIER_KNOTS.);
#9476 = CARTESIAN_POINT('',(-0.72,0.714352853987,1.5));
#9477 = CARTESIAN_POINT('',(-9.E-02,0.714352853987,1.5));
#9478 = CARTESIAN_POINT('',(-0.72,-0.714352853987,1.5));
#9479 = CARTESIAN_POINT('',(-9.E-02,-0.714352853987,1.5));
#9480 = ADVANCED_FACE('',(#9481),#9504,.F.);
#9481 = FACE_BOUND('',#9482,.F.);
#9482 = EDGE_LOOP('',(#9483,#9484,#9491,#9499));
#9483 = ORIENTED_EDGE('',*,*,#8941,.F.);
#9484 = ORIENTED_EDGE('',*,*,#9485,.F.);
#9485 = EDGE_CURVE('',#9486,#8942,#9488,.T.);
#9486 = VERTEX_POINT('',#9487);
#9487 = CARTESIAN_POINT('',(9.E-02,0.714352853987,1.44));
#9488 = B_SPLINE_CURVE_WITH_KNOTS('',1,(#9489,#9490),.UNSPECIFIED.,.F.,
  .F.,(2,2),(1.4,1.5),.PIECEWISE_BEZIER_KNOTS.);
#9489 = CARTESIAN_POINT('',(9.E-02,0.714352853987,1.44));
#9490 = CARTESIAN_POINT('',(9.E-02,0.714352853987,1.5));
#9491 = ORIENTED_EDGE('',*,*,#9492,.T.);
#9492 = EDGE_CURVE('',#9486,#9493,#9495,.T.);
#9493 = VERTEX_POINT('',#9494);
#9494 = CARTESIAN_POINT('',(-9.E-02,0.714352853987,1.44));
#9495 = ( BOUNDED_CURVE() B_SPLINE_CURVE(2,(#9496,#9497,#9498),
.UNSPECIFIED.,.F.,.F.) B_SPLINE_CURVE_WITH_KNOTS((3,3),(3.016264822422,
3.266920484758),.PIECEWISE_BEZIER_KNOTS.) CURVE() 
GEOMETRIC_REPRESENTATION_ITEM() RATIONAL_B_SPLINE_CURVE((1.,
0.992156741649,1.)) REPRESENTATION_ITEM('') );
#9496 = CARTESIAN_POINT('',(9.000000000001E-02,0.714352853987,1.44));
#9497 = CARTESIAN_POINT('',(2.673409137309E-17,0.725691788178,1.44));
#9498 = CARTESIAN_POINT('',(-9.E-02,0.714352853987,1.44));
#9499 = ORIENTED_EDGE('',*,*,#9500,.T.);
#9500 = EDGE_CURVE('',#9493,#8932,#9501,.T.);
#9501 = B_SPLINE_CURVE_WITH_KNOTS('',1,(#9502,#9503),.UNSPECIFIED.,.F.,
  .F.,(2,2),(1.4,1.5),.PIECEWISE_BEZIER_KNOTS.);
#9502 = CARTESIAN_POINT('',(-9.E-02,0.714352853987,1.44));
#9503 = CARTESIAN_POINT('',(-9.E-02,0.714352853987,1.5));
#9504 = ( BOUNDED_SURFACE() B_SPLINE_SURFACE(2,1,(
    (#9505,#9506)
    ,(#9507,#9508)
    ,(#9509,#9510
)),.UNSPECIFIED.,.F.,.F.,.F.) B_SPLINE_SURFACE_WITH_KNOTS((3,3),(2,2),(
    3.016264822422,3.266920484758),(1.4,1.5),.PIECEWISE_BEZIER_KNOTS.) 
GEOMETRIC_REPRESENTATION_ITEM() RATIONAL_B_SPLINE_SURFACE((
    (1.,1.)
    ,(0.992156741649,0.992156741649)
,(1.,1.))) REPRESENTATION_ITEM('') SURFACE() );
#9505 = CARTESIAN_POINT('',(9.000000000001E-02,0.714352853987,1.44));
#9506 = CARTESIAN_POINT('',(9.000000000001E-02,0.714352853987,1.5));
#9507 = CARTESIAN_POINT('',(2.673409137309E-17,0.725691788178,1.44));
#9508 = CARTESIAN_POINT('',(2.673409137309E-17,0.725691788178,1.5));
#9509 = CARTESIAN_POINT('',(-9.E-02,0.714352853987,1.44));
#9510 = CARTESIAN_POINT('',(-9.E-02,0.714352853987,1.5));
#9511 = ADVANCED_FACE('',(#9512),#9534,.T.);
#9512 = FACE_BOUND('',#9513,.T.);
#9513 = EDGE_LOOP('',(#9514,#9523,#9528,#9529));
#9514 = ORIENTED_EDGE('',*,*,#9515,.F.);
#9515 = EDGE_CURVE('',#9516,#9518,#9520,.T.);
#9516 = VERTEX_POINT('',#9517);
#9517 = CARTESIAN_POINT('',(-0.596997373733,-0.478115190886,1.512));
#9518 = VERTEX_POINT('',#9519);
#9519 = CARTESIAN_POINT('',(-0.60077990414,-0.482623035089,1.512));
#9520 = B_SPLINE_CURVE_WITH_KNOTS('',1,(#9521,#9522),.UNSPECIFIED.,.F.,
  .F.,(2,2),(0.,9.807621135193E-03),.PIECEWISE_BEZIER_KNOTS.);
#9521 = CARTESIAN_POINT('',(-0.596997373733,-0.478115190886,1.512));
#9522 = CARTESIAN_POINT('',(-0.600779904141,-0.482623035089,1.512));
#9523 = ORIENTED_EDGE('',*,*,#9524,.F.);
#9524 = EDGE_CURVE('',#8960,#9516,#9525,.T.);
#9525 = B_SPLINE_CURVE_WITH_KNOTS('',1,(#9526,#9527),.UNSPECIFIED.,.F.,
  .F.,(2,2),(0.48,0.5),.PIECEWISE_BEZIER_KNOTS.);
#9526 = CARTESIAN_POINT('',(-0.596997373733,-0.478115190886,1.5));
#9527 = CARTESIAN_POINT('',(-0.596997373733,-0.478115190886,1.512));
#9528 = ORIENTED_EDGE('',*,*,#8959,.T.);
#9529 = ORIENTED_EDGE('',*,*,#9530,.T.);
#9530 = EDGE_CURVE('',#8962,#9518,#9531,.T.);
#9531 = B_SPLINE_CURVE_WITH_KNOTS('',1,(#9532,#9533),.UNSPECIFIED.,.F.,
  .F.,(2,2),(0.48,0.5),.PIECEWISE_BEZIER_KNOTS.);
#9532 = CARTESIAN_POINT('',(-0.60077990414,-0.482623035089,1.5));
#9533 = CARTESIAN_POINT('',(-0.60077990414,-0.482623035089,1.512));
#9534 = B_SPLINE_SURFACE_WITH_KNOTS('',1,1,(
    (#9535,#9536)
    ,(#9537,#9538
    )),.UNSPECIFIED.,.F.,.F.,.F.,(2,2),(2,2),(0.48,0.5),(
    -9.807621135193E-03,0.),.PIECEWISE_BEZIER_KNOTS.);
#9535 = CARTESIAN_POINT('',(-0.600779904141,-0.482623035089,1.5));
#9536 = CARTESIAN_POINT('',(-0.596997373733,-0.478115190886,1.5));
#9537 = CARTESIAN_POINT('',(-0.600779904141,-0.482623035089,1.512));
#9538 = CARTESIAN_POINT('',(-0.596997373733,-0.478115190886,1.512));
#9539 = ADVANCED_FACE('',(#9540),#9556,.F.);
#9540 = FACE_BOUND('',#9541,.F.);
#9541 = EDGE_LOOP('',(#9542,#9543,#9550,#9555));
#9542 = ORIENTED_EDGE('',*,*,#8968,.T.);
#9543 = ORIENTED_EDGE('',*,*,#9544,.T.);
#9544 = EDGE_CURVE('',#8969,#9545,#9547,.T.);
#9545 = VERTEX_POINT('',#9546);
#9546 = CARTESIAN_POINT('',(-0.367339195729,-0.670821283346,1.512));
#9547 = B_SPLINE_CURVE_WITH_KNOTS('',1,(#9548,#9549),.UNSPECIFIED.,.F.,
  .F.,(2,2),(0.48,0.5),.PIECEWISE_BEZIER_KNOTS.);
#9548 = CARTESIAN_POINT('',(-0.367339195729,-0.670821283346,1.5));
#9549 = CARTESIAN_POINT('',(-0.367339195729,-0.670821283346,1.512));
#9550 = ORIENTED_EDGE('',*,*,#9551,.T.);
#9551 = EDGE_CURVE('',#9545,#9516,#9552,.T.);
#9552 = B_SPLINE_CURVE_WITH_KNOTS('',1,(#9553,#9554),.UNSPECIFIED.,.F.,
  .F.,(2,2),(3.375672977653E-04,0.5),.PIECEWISE_BEZIER_KNOTS.);
#9553 = CARTESIAN_POINT('',(-0.367339195728,-0.670821283346,1.512));
#9554 = CARTESIAN_POINT('',(-0.596997373733,-0.478115190886,1.512));
#9555 = ORIENTED_EDGE('',*,*,#9524,.F.);
#9556 = B_SPLINE_SURFACE_WITH_KNOTS('',1,1,(
    (#9557,#9558)
    ,(#9559,#9560
    )),.UNSPECIFIED.,.F.,.F.,.F.,(2,2),(2,2),(0.48,0.5),(
    3.375672977652E-04,0.5),.PIECEWISE_BEZIER_KNOTS.);
#9557 = CARTESIAN_POINT('',(-0.367339195728,-0.670821283346,1.5));
#9558 = CARTESIAN_POINT('',(-0.596997373733,-0.478115190886,1.5));
#9559 = CARTESIAN_POINT('',(-0.367339195728,-0.670821283346,1.512));
#9560 = CARTESIAN_POINT('',(-0.596997373733,-0.478115190886,1.512));
#9561 = ADVANCED_FACE('',(#9562),#9578,.T.);
#9562 = FACE_BOUND('',#9563,.T.);
#9563 = EDGE_LOOP('',(#9564,#9571,#9572,#9573));
#9564 = ORIENTED_EDGE('',*,*,#9565,.F.);
#9565 = EDGE_CURVE('',#9518,#9566,#9568,.T.);
#9566 = VERTEX_POINT('',#9567);
#9567 = CARTESIAN_POINT('',(-0.652249224001,-0.774520053082,1.512));
#9568 = B_SPLINE_CURVE_WITH_KNOTS('',1,(#9569,#9570),.UNSPECIFIED.,.F.,
  .F.,(2,2),(0.3,0.794),.PIECEWISE_BEZIER_KNOTS.);
#9569 = CARTESIAN_POINT('',(-0.60077990414,-0.482623035089,1.512));
#9570 = CARTESIAN_POINT('',(-0.652249224001,-0.774520053082,1.512));
#9571 = ORIENTED_EDGE('',*,*,#9530,.F.);
#9572 = ORIENTED_EDGE('',*,*,#8982,.T.);
#9573 = ORIENTED_EDGE('',*,*,#9574,.F.);
#9574 = EDGE_CURVE('',#9566,#8976,#9575,.T.);
#9575 = B_SPLINE_CURVE_WITH_KNOTS('',1,(#9576,#9577),.UNSPECIFIED.,.F.,
  .F.,(2,2),(-0.5,-0.48),.PIECEWISE_BEZIER_KNOTS.);
#9576 = CARTESIAN_POINT('',(-0.652249224001,-0.774520053082,1.512));
#9577 = CARTESIAN_POINT('',(-0.652249224001,-0.774520053082,1.5));
#9578 = B_SPLINE_SURFACE_WITH_KNOTS('',1,1,(
    (#9579,#9580)
    ,(#9581,#9582
    )),.UNSPECIFIED.,.F.,.F.,.F.,(2,2),(2,2),(0.48,0.5),(-0.794,-0.3),
  .PIECEWISE_BEZIER_KNOTS.);
#9579 = CARTESIAN_POINT('',(-0.652249224001,-0.774520053082,1.5));
#9580 = CARTESIAN_POINT('',(-0.60077990414,-0.482623035089,1.5));
#9581 = CARTESIAN_POINT('',(-0.652249224001,-0.774520053082,1.512));
#9582 = CARTESIAN_POINT('',(-0.60077990414,-0.482623035089,1.512));
#9583 = ADVANCED_FACE('',(#9584),#9594,.T.);
#9584 = FACE_BOUND('',#9585,.T.);
#9585 = EDGE_LOOP('',(#9586,#9587,#9588,#9593));
#9586 = ORIENTED_EDGE('',*,*,#8975,.T.);
#9587 = ORIENTED_EDGE('',*,*,#9544,.T.);
#9588 = ORIENTED_EDGE('',*,*,#9589,.T.);
#9589 = EDGE_CURVE('',#9545,#9566,#9590,.T.);
#9590 = B_SPLINE_CURVE_WITH_KNOTS('',1,(#9591,#9592),.UNSPECIFIED.,.F.,
  .F.,(2,2),(0.288675134595,0.794),.PIECEWISE_BEZIER_KNOTS.);
#9591 = CARTESIAN_POINT('',(-0.367339195729,-0.670821283346,1.512));
#9592 = CARTESIAN_POINT('',(-0.652249224001,-0.774520053082,1.512));
#9593 = ORIENTED_EDGE('',*,*,#9574,.T.);
#9594 = B_SPLINE_SURFACE_WITH_KNOTS('',1,1,(
    (#9595,#9596)
    ,(#9597,#9598
    )),.UNSPECIFIED.,.F.,.F.,.F.,(2,2),(2,2),(0.48,0.5),(0.288675134595,
    0.794),.PIECEWISE_BEZIER_KNOTS.);
#9595 = CARTESIAN_POINT('',(-0.367339195729,-0.670821283346,1.5));
#9596 = CARTESIAN_POINT('',(-0.652249224001,-0.774520053082,1.5));
#9597 = CARTESIAN_POINT('',(-0.367339195729,-0.670821283346,1.512));
#9598 = CARTESIAN_POINT('',(-0.652249224001,-0.774520053082,1.512));
#9599 = ADVANCED_FACE('',(#9600),#9622,.T.);
#9600 = FACE_BOUND('',#9601,.T.);
#9601 = EDGE_LOOP('',(#9602,#9611,#9616,#9617));
#9602 = ORIENTED_EDGE('',*,*,#9603,.F.);
#9603 = EDGE_CURVE('',#9604,#9606,#9608,.T.);
#9604 = VERTEX_POINT('',#9605);
#9605 = CARTESIAN_POINT('',(0.75,-0.15,1.512));
#9606 = VERTEX_POINT('',#9607);
#9607 = CARTESIAN_POINT('',(0.755884572681,-0.15,1.512));
#9608 = B_SPLINE_CURVE_WITH_KNOTS('',1,(#9609,#9610),.UNSPECIFIED.,.F.,
  .F.,(2,2),(0.,9.807621135E-03),.PIECEWISE_BEZIER_KNOTS.);
#9609 = CARTESIAN_POINT('',(0.75,-0.15,1.512));
#9610 = CARTESIAN_POINT('',(0.755884572681,-0.15,1.512));
#9611 = ORIENTED_EDGE('',*,*,#9612,.F.);
#9612 = EDGE_CURVE('',#8990,#9604,#9613,.T.);
#9613 = B_SPLINE_CURVE_WITH_KNOTS('',1,(#9614,#9615),.UNSPECIFIED.,.F.,
  .F.,(2,2),(0.48,0.5),.PIECEWISE_BEZIER_KNOTS.);
#9614 = CARTESIAN_POINT('',(0.75,-0.15,1.5));
#9615 = CARTESIAN_POINT('',(0.75,-0.15,1.512));
#9616 = ORIENTED_EDGE('',*,*,#8989,.T.);
#9617 = ORIENTED_EDGE('',*,*,#9618,.T.);
#9618 = EDGE_CURVE('',#8992,#9606,#9619,.T.);
#9619 = B_SPLINE_CURVE_WITH_KNOTS('',1,(#9620,#9621),.UNSPECIFIED.,.F.,
  .F.,(2,2),(0.48,0.5),.PIECEWISE_BEZIER_KNOTS.);
#9620 = CARTESIAN_POINT('',(0.755884572681,-0.15,1.5));
#9621 = CARTESIAN_POINT('',(0.755884572681,-0.15,1.512));
#9622 = B_SPLINE_SURFACE_WITH_KNOTS('',1,1,(
    (#9623,#9624)
    ,(#9625,#9626
    )),.UNSPECIFIED.,.F.,.F.,.F.,(2,2),(2,2),(0.48,0.5),(
    -9.807621135E-03,0.),.PIECEWISE_BEZIER_KNOTS.);
#9623 = CARTESIAN_POINT('',(0.755884572681,-0.15,1.5));
#9624 = CARTESIAN_POINT('',(0.75,-0.15,1.5));
#9625 = CARTESIAN_POINT('',(0.755884572681,-0.15,1.512));
#9626 = CARTESIAN_POINT('',(0.75,-0.15,1.512));
#9627 = ADVANCED_FACE('',(#9628),#9644,.F.);
#9628 = FACE_BOUND('',#9629,.F.);
#9629 = EDGE_LOOP('',(#9630,#9631,#9638,#9643));
#9630 = ORIENTED_EDGE('',*,*,#8998,.T.);
#9631 = ORIENTED_EDGE('',*,*,#9632,.T.);
#9632 = EDGE_CURVE('',#8999,#9633,#9635,.T.);
#9633 = VERTEX_POINT('',#9634);
#9634 = CARTESIAN_POINT('',(0.75,0.149797459622,1.512));
#9635 = B_SPLINE_CURVE_WITH_KNOTS('',1,(#9636,#9637),.UNSPECIFIED.,.F.,
  .F.,(2,2),(0.48,0.5),.PIECEWISE_BEZIER_KNOTS.);
#9636 = CARTESIAN_POINT('',(0.75,0.149797459622,1.5));
#9637 = CARTESIAN_POINT('',(0.75,0.149797459622,1.512));
#9638 = ORIENTED_EDGE('',*,*,#9639,.T.);
#9639 = EDGE_CURVE('',#9633,#9604,#9640,.T.);
#9640 = B_SPLINE_CURVE_WITH_KNOTS('',1,(#9641,#9642),.UNSPECIFIED.,.F.,
  .F.,(2,2),(3.37567297E-04,0.5),.PIECEWISE_BEZIER_KNOTS.);
#9641 = CARTESIAN_POINT('',(0.75,0.149797459622,1.512));
#9642 = CARTESIAN_POINT('',(0.75,-0.15,1.512));
#9643 = ORIENTED_EDGE('',*,*,#9612,.F.);
#9644 = B_SPLINE_SURFACE_WITH_KNOTS('',1,1,(
    (#9645,#9646)
    ,(#9647,#9648
    )),.UNSPECIFIED.,.F.,.F.,.F.,(2,2),(2,2),(0.48,0.5),(3.37567297E-04,
    0.5),.PIECEWISE_BEZIER_KNOTS.);
#9645 = CARTESIAN_POINT('',(0.75,0.149797459622,1.5));
#9646 = CARTESIAN_POINT('',(0.75,-0.15,1.5));
#9647 = CARTESIAN_POINT('',(0.75,0.149797459622,1.512));
#9648 = CARTESIAN_POINT('',(0.75,-0.15,1.512));
#9649 = ADVANCED_FACE('',(#9650),#9666,.T.);
#9650 = FACE_BOUND('',#9651,.T.);
#9651 = EDGE_LOOP('',(#9652,#9659,#9660,#9661));
#9652 = ORIENTED_EDGE('',*,*,#9653,.F.);
#9653 = EDGE_CURVE('',#9606,#9654,#9656,.T.);
#9654 = VERTEX_POINT('',#9655);
#9655 = CARTESIAN_POINT('',(1.012574502363,-1.799999999999E-03,1.512));
#9656 = B_SPLINE_CURVE_WITH_KNOTS('',1,(#9657,#9658),.UNSPECIFIED.,.F.,
  .F.,(2,2),(0.3,0.794),.PIECEWISE_BEZIER_KNOTS.);
#9657 = CARTESIAN_POINT('',(0.755884572681,-0.15,1.512));
#9658 = CARTESIAN_POINT('',(1.012574502363,-1.799999999869E-03,1.512));
#9659 = ORIENTED_EDGE('',*,*,#9618,.F.);
#9660 = ORIENTED_EDGE('',*,*,#9012,.T.);
#9661 = ORIENTED_EDGE('',*,*,#9662,.F.);
#9662 = EDGE_CURVE('',#9654,#9006,#9663,.T.);
#9663 = B_SPLINE_CURVE_WITH_KNOTS('',1,(#9664,#9665),.UNSPECIFIED.,.F.,
  .F.,(2,2),(-0.5,-0.48),.PIECEWISE_BEZIER_KNOTS.);
#9664 = CARTESIAN_POINT('',(1.012574502363,-1.8E-03,1.512));
#9665 = CARTESIAN_POINT('',(1.012574502363,-1.8E-03,1.5));
#9666 = B_SPLINE_SURFACE_WITH_KNOTS('',1,1,(
    (#9667,#9668)
    ,(#9669,#9670
    )),.UNSPECIFIED.,.F.,.F.,.F.,(2,2),(2,2),(0.48,0.5),(-0.794,-0.3),
  .PIECEWISE_BEZIER_KNOTS.);
#9667 = CARTESIAN_POINT('',(1.012574502363,-1.799999999869E-03,1.5));
#9668 = CARTESIAN_POINT('',(0.755884572681,-0.15,1.5));
#9669 = CARTESIAN_POINT('',(1.012574502363,-1.799999999869E-03,1.512));
#9670 = CARTESIAN_POINT('',(0.755884572681,-0.15,1.512));
#9671 = ADVANCED_FACE('',(#9672),#9682,.T.);
#9672 = FACE_BOUND('',#9673,.T.);
#9673 = EDGE_LOOP('',(#9674,#9675,#9676,#9681));
#9674 = ORIENTED_EDGE('',*,*,#9005,.T.);
#9675 = ORIENTED_EDGE('',*,*,#9632,.T.);
#9676 = ORIENTED_EDGE('',*,*,#9677,.T.);
#9677 = EDGE_CURVE('',#9633,#9654,#9678,.T.);
#9678 = B_SPLINE_CURVE_WITH_KNOTS('',1,(#9679,#9680),.UNSPECIFIED.,.F.,
  .F.,(2,2),(0.288675134595,0.794),.PIECEWISE_BEZIER_KNOTS.);
#9679 = CARTESIAN_POINT('',(0.75,0.149797459622,1.512));
#9680 = CARTESIAN_POINT('',(1.012574502363,-1.800000000131E-03,1.512));
#9681 = ORIENTED_EDGE('',*,*,#9662,.T.);
#9682 = B_SPLINE_SURFACE_WITH_KNOTS('',1,1,(
    (#9683,#9684)
    ,(#9685,#9686
    )),.UNSPECIFIED.,.F.,.F.,.F.,(2,2),(2,2),(0.48,0.5),(0.288675134595,
    0.794),.PIECEWISE_BEZIER_KNOTS.);
#9683 = CARTESIAN_POINT('',(0.75,0.149797459622,1.5));
#9684 = CARTESIAN_POINT('',(1.012574502363,-1.800000000131E-03,1.5));
#9685 = CARTESIAN_POINT('',(0.75,0.149797459622,1.512));
#9686 = CARTESIAN_POINT('',(1.012574502363,-1.800000000131E-03,1.512));
#9687 = ADVANCED_FACE('',(#9688),#9710,.T.);
#9688 = FACE_BOUND('',#9689,.T.);
#9689 = EDGE_LOOP('',(#9690,#9699,#9704,#9705));
#9690 = ORIENTED_EDGE('',*,*,#9691,.F.);
#9691 = EDGE_CURVE('',#9692,#9694,#9696,.T.);
#9692 = VERTEX_POINT('',#9693);
#9693 = CARTESIAN_POINT('',(-0.75,0.15,1.512));
#9694 = VERTEX_POINT('',#9695);
#9695 = CARTESIAN_POINT('',(-0.755884572681,0.15,1.512));
#9696 = B_SPLINE_CURVE_WITH_KNOTS('',1,(#9697,#9698),.UNSPECIFIED.,.F.,
  .F.,(2,2),(0.,9.807621135E-03),.PIECEWISE_BEZIER_KNOTS.);
#9697 = CARTESIAN_POINT('',(-0.75,0.15,1.512));
#9698 = CARTESIAN_POINT('',(-0.755884572681,0.15,1.512));
#9699 = ORIENTED_EDGE('',*,*,#9700,.F.);
#9700 = EDGE_CURVE('',#9020,#9692,#9701,.T.);
#9701 = B_SPLINE_CURVE_WITH_KNOTS('',1,(#9702,#9703),.UNSPECIFIED.,.F.,
  .F.,(2,2),(0.48,0.5),.PIECEWISE_BEZIER_KNOTS.);
#9702 = CARTESIAN_POINT('',(-0.75,0.15,1.5));
#9703 = CARTESIAN_POINT('',(-0.75,0.15,1.512));
#9704 = ORIENTED_EDGE('',*,*,#9019,.T.);
#9705 = ORIENTED_EDGE('',*,*,#9706,.T.);
#9706 = EDGE_CURVE('',#9022,#9694,#9707,.T.);
#9707 = B_SPLINE_CURVE_WITH_KNOTS('',1,(#9708,#9709),.UNSPECIFIED.,.F.,
  .F.,(2,2),(0.48,0.5),.PIECEWISE_BEZIER_KNOTS.);
#9708 = CARTESIAN_POINT('',(-0.755884572681,0.15,1.5));
#9709 = CARTESIAN_POINT('',(-0.755884572681,0.15,1.512));
#9710 = B_SPLINE_SURFACE_WITH_KNOTS('',1,1,(
    (#9711,#9712)
    ,(#9713,#9714
    )),.UNSPECIFIED.,.F.,.F.,.F.,(2,2),(2,2),(0.48,0.5),(
    -9.807621135E-03,0.),.PIECEWISE_BEZIER_KNOTS.);
#9711 = CARTESIAN_POINT('',(-0.755884572681,0.15,1.5));
#9712 = CARTESIAN_POINT('',(-0.75,0.15,1.5));
#9713 = CARTESIAN_POINT('',(-0.755884572681,0.15,1.512));
#9714 = CARTESIAN_POINT('',(-0.75,0.15,1.512));
#9715 = ADVANCED_FACE('',(#9716),#9732,.F.);
#9716 = FACE_BOUND('',#9717,.F.);
#9717 = EDGE_LOOP('',(#9718,#9719,#9726,#9731));
#9718 = ORIENTED_EDGE('',*,*,#9028,.T.);
#9719 = ORIENTED_EDGE('',*,*,#9720,.T.);
#9720 = EDGE_CURVE('',#9029,#9721,#9723,.T.);
#9721 = VERTEX_POINT('',#9722);
#9722 = CARTESIAN_POINT('',(-0.75,-0.149797459622,1.512));
#9723 = B_SPLINE_CURVE_WITH_KNOTS('',1,(#9724,#9725),.UNSPECIFIED.,.F.,
  .F.,(2,2),(0.48,0.5),.PIECEWISE_BEZIER_KNOTS.);
#9724 = CARTESIAN_POINT('',(-0.75,-0.149797459622,1.5));
#9725 = CARTESIAN_POINT('',(-0.75,-0.149797459622,1.512));
#9726 = ORIENTED_EDGE('',*,*,#9727,.T.);
#9727 = EDGE_CURVE('',#9721,#9692,#9728,.T.);
#9728 = B_SPLINE_CURVE_WITH_KNOTS('',1,(#9729,#9730),.UNSPECIFIED.,.F.,
  .F.,(2,2),(3.37567297E-04,0.5),.PIECEWISE_BEZIER_KNOTS.);
#9729 = CARTESIAN_POINT('',(-0.75,-0.149797459622,1.512));
#9730 = CARTESIAN_POINT('',(-0.75,0.15,1.512));
#9731 = ORIENTED_EDGE('',*,*,#9700,.F.);
#9732 = B_SPLINE_SURFACE_WITH_KNOTS('',1,1,(
    (#9733,#9734)
    ,(#9735,#9736
    )),.UNSPECIFIED.,.F.,.F.,.F.,(2,2),(2,2),(0.48,0.5),(3.37567297E-04,
    0.5),.PIECEWISE_BEZIER_KNOTS.);
#9733 = CARTESIAN_POINT('',(-0.75,-0.149797459622,1.5));
#9734 = CARTESIAN_POINT('',(-0.75,0.15,1.5));
#9735 = CARTESIAN_POINT('',(-0.75,-0.149797459622,1.512));
#9736 = CARTESIAN_POINT('',(-0.75,0.15,1.512));
#9737 = ADVANCED_FACE('',(#9738),#9754,.T.);
#9738 = FACE_BOUND('',#9739,.T.);
#9739 = EDGE_LOOP('',(#9740,#9747,#9748,#9749));
#9740 = ORIENTED_EDGE('',*,*,#9741,.F.);
#9741 = EDGE_CURVE('',#9694,#9742,#9744,.T.);
#9742 = VERTEX_POINT('',#9743);
#9743 = CARTESIAN_POINT('',(-1.012574502363,1.800000000001E-03,1.512));
#9744 = B_SPLINE_CURVE_WITH_KNOTS('',1,(#9745,#9746),.UNSPECIFIED.,.F.,
  .F.,(2,2),(0.3,0.794),.PIECEWISE_BEZIER_KNOTS.);
#9745 = CARTESIAN_POINT('',(-0.755884572681,0.15,1.512));
#9746 = CARTESIAN_POINT('',(-1.012574502363,1.799999999869E-03,1.512));
#9747 = ORIENTED_EDGE('',*,*,#9706,.F.);
#9748 = ORIENTED_EDGE('',*,*,#9042,.T.);
#9749 = ORIENTED_EDGE('',*,*,#9750,.F.);
#9750 = EDGE_CURVE('',#9742,#9036,#9751,.T.);
#9751 = B_SPLINE_CURVE_WITH_KNOTS('',1,(#9752,#9753),.UNSPECIFIED.,.F.,
  .F.,(2,2),(-0.5,-0.48),.PIECEWISE_BEZIER_KNOTS.);
#9752 = CARTESIAN_POINT('',(-1.012574502363,1.800000000001E-03,1.512));
#9753 = CARTESIAN_POINT('',(-1.012574502363,1.800000000001E-03,1.5));
#9754 = B_SPLINE_SURFACE_WITH_KNOTS('',1,1,(
    (#9755,#9756)
    ,(#9757,#9758
    )),.UNSPECIFIED.,.F.,.F.,.F.,(2,2),(2,2),(0.48,0.5),(-0.794,-0.3),
  .PIECEWISE_BEZIER_KNOTS.);
#9755 = CARTESIAN_POINT('',(-1.012574502363,1.799999999869E-03,1.5));
#9756 = CARTESIAN_POINT('',(-0.755884572681,0.15,1.5));
#9757 = CARTESIAN_POINT('',(-1.012574502363,1.799999999869E-03,1.512));
#9758 = CARTESIAN_POINT('',(-0.755884572681,0.15,1.512));
#9759 = ADVANCED_FACE('',(#9760),#9770,.T.);
#9760 = FACE_BOUND('',#9761,.T.);
#9761 = EDGE_LOOP('',(#9762,#9763,#9764,#9769));
#9762 = ORIENTED_EDGE('',*,*,#9035,.T.);
#9763 = ORIENTED_EDGE('',*,*,#9720,.T.);
#9764 = ORIENTED_EDGE('',*,*,#9765,.T.);
#9765 = EDGE_CURVE('',#9721,#9742,#9766,.T.);
#9766 = B_SPLINE_CURVE_WITH_KNOTS('',1,(#9767,#9768),.UNSPECIFIED.,.F.,
  .F.,(2,2),(0.288675134595,0.794),.PIECEWISE_BEZIER_KNOTS.);
#9767 = CARTESIAN_POINT('',(-0.75,-0.149797459622,1.512));
#9768 = CARTESIAN_POINT('',(-1.012574502363,1.800000000131E-03,1.512));
#9769 = ORIENTED_EDGE('',*,*,#9750,.T.);
#9770 = B_SPLINE_SURFACE_WITH_KNOTS('',1,1,(
    (#9771,#9772)
    ,(#9773,#9774
    )),.UNSPECIFIED.,.F.,.F.,.F.,(2,2),(2,2),(0.48,0.5),(0.288675134595,
    0.794),.PIECEWISE_BEZIER_KNOTS.);
#9771 = CARTESIAN_POINT('',(-0.75,-0.149797459622,1.5));
#9772 = CARTESIAN_POINT('',(-1.012574502363,1.800000000131E-03,1.5));
#9773 = CARTESIAN_POINT('',(-0.75,-0.149797459622,1.512));
#9774 = CARTESIAN_POINT('',(-1.012574502363,1.800000000131E-03,1.512));
#9775 = ADVANCED_FACE('',(#9776),#9787,.T.);
#9776 = FACE_BOUND('',#9777,.T.);
#9777 = EDGE_LOOP('',(#9778,#9779,#9785,#9786));
#9778 = ORIENTED_EDGE('',*,*,#9169,.T.);
#9779 = ORIENTED_EDGE('',*,*,#9780,.T.);
#9780 = EDGE_CURVE('',#9157,#9103,#9781,.T.);
#9781 = ( BOUNDED_CURVE() B_SPLINE_CURVE(2,(#9782,#9783,#9784),
.UNSPECIFIED.,.F.,.F.) B_SPLINE_CURVE_WITH_KNOTS((3,3),(0.,
1.570796326795),.PIECEWISE_BEZIER_KNOTS.) CURVE() 
GEOMETRIC_REPRESENTATION_ITEM() RATIONAL_B_SPLINE_CURVE((1.,
0.707106781187,1.)) REPRESENTATION_ITEM('') );
#9782 = CARTESIAN_POINT('',(-1.35,-1.32,1.44));
#9783 = CARTESIAN_POINT('',(-1.35,-1.35,1.44));
#9784 = CARTESIAN_POINT('',(-1.32,-1.35,1.44));
#9785 = ORIENTED_EDGE('',*,*,#9102,.F.);
#9786 = ORIENTED_EDGE('',*,*,#9056,.F.);
#9787 = ( BOUNDED_SURFACE() B_SPLINE_SURFACE(2,1,(
    (#9788,#9789)
    ,(#9790,#9791)
    ,(#9792,#9793
)),.UNSPECIFIED.,.F.,.F.,.F.) B_SPLINE_SURFACE_WITH_KNOTS((3,3),(2,2),(
    4.712388980385,6.28318530718),(0.,5.E-02),.PIECEWISE_BEZIER_KNOTS.) 
GEOMETRIC_REPRESENTATION_ITEM() RATIONAL_B_SPLINE_SURFACE((
    (1.,1.)
    ,(0.707106781187,0.707106781187)
,(1.,1.))) REPRESENTATION_ITEM('') SURFACE() );
#9788 = CARTESIAN_POINT('',(-1.32,-1.35,1.47));
#9789 = CARTESIAN_POINT('',(-1.32,-1.35,1.44));
#9790 = CARTESIAN_POINT('',(-1.35,-1.35,1.47));
#9791 = CARTESIAN_POINT('',(-1.35,-1.35,1.44));
#9792 = CARTESIAN_POINT('',(-1.35,-1.32,1.47));
#9793 = CARTESIAN_POINT('',(-1.35,-1.32,1.44));
#9794 = ADVANCED_FACE('',(#9795),#9811,.T.);
#9795 = FACE_BOUND('',#9796,.T.);
#9796 = EDGE_LOOP('',(#9797,#9798,#9805,#9810));
#9797 = ORIENTED_EDGE('',*,*,#9116,.F.);
#9798 = ORIENTED_EDGE('',*,*,#9799,.F.);
#9799 = EDGE_CURVE('',#9800,#9110,#9802,.T.);
#9800 = VERTEX_POINT('',#9801);
#9801 = CARTESIAN_POINT('',(1.29,-1.35,1.44));
#9802 = B_SPLINE_CURVE_WITH_KNOTS('',1,(#9803,#9804),.UNSPECIFIED.,.F.,
  .F.,(2,2),(0.1,4.4),.PIECEWISE_BEZIER_KNOTS.);
#9803 = CARTESIAN_POINT('',(1.29,-1.35,1.44));
#9804 = CARTESIAN_POINT('',(-1.29,-1.35,1.44));
#9805 = ORIENTED_EDGE('',*,*,#9806,.T.);
#9806 = EDGE_CURVE('',#9800,#9078,#9807,.T.);
#9807 = B_SPLINE_CURVE_WITH_KNOTS('',1,(#9808,#9809),.UNSPECIFIED.,.F.,
  .F.,(2,2),(1.9,1.95),.PIECEWISE_BEZIER_KNOTS.);
#9808 = CARTESIAN_POINT('',(1.29,-1.35,1.44));
#9809 = CARTESIAN_POINT('',(1.29,-1.35,1.47));
#9810 = ORIENTED_EDGE('',*,*,#9077,.F.);
#9811 = B_SPLINE_SURFACE_WITH_KNOTS('',1,1,(
    (#9812,#9813)
    ,(#9814,#9815
    )),.UNSPECIFIED.,.F.,.F.,.F.,(2,2),(2,2),(0.,5.E-02),(-4.4,-1.E-01),
  .PIECEWISE_BEZIER_KNOTS.);
#9812 = CARTESIAN_POINT('',(1.29,-1.35,1.44));
#9813 = CARTESIAN_POINT('',(-1.29,-1.35,1.44));
#9814 = CARTESIAN_POINT('',(1.29,-1.35,1.47));
#9815 = CARTESIAN_POINT('',(-1.29,-1.35,1.47));
#9816 = ADVANCED_FACE('',(#9817),#9834,.T.);
#9817 = FACE_BOUND('',#9818,.T.);
#9818 = EDGE_LOOP('',(#9819,#9820,#9827,#9833));
#9819 = ORIENTED_EDGE('',*,*,#9084,.T.);
#9820 = ORIENTED_EDGE('',*,*,#9821,.T.);
#9821 = EDGE_CURVE('',#9078,#9822,#9824,.T.);
#9822 = VERTEX_POINT('',#9823);
#9823 = CARTESIAN_POINT('',(1.32,-1.35,1.47));
#9824 = B_SPLINE_CURVE_WITH_KNOTS('',1,(#9825,#9826),.UNSPECIFIED.,.F.,
  .F.,(2,2),(0.,5.E-02),.PIECEWISE_BEZIER_KNOTS.);
#9825 = CARTESIAN_POINT('',(1.29,-1.35,1.47));
#9826 = CARTESIAN_POINT('',(1.32,-1.35,1.47));
#9827 = ORIENTED_EDGE('',*,*,#9828,.F.);
#9828 = EDGE_CURVE('',#9205,#9822,#9829,.T.);
#9829 = ( BOUNDED_CURVE() B_SPLINE_CURVE(2,(#9830,#9831,#9832),
.UNSPECIFIED.,.F.,.F.) B_SPLINE_CURVE_WITH_KNOTS((3,3),(0.,
1.570796326795),.PIECEWISE_BEZIER_KNOTS.) CURVE() 
GEOMETRIC_REPRESENTATION_ITEM() RATIONAL_B_SPLINE_CURVE((1.,
0.707106781187,1.)) REPRESENTATION_ITEM('') );
#9830 = CARTESIAN_POINT('',(1.32,-1.32,1.5));
#9831 = CARTESIAN_POINT('',(1.32,-1.35,1.5));
#9832 = CARTESIAN_POINT('',(1.32,-1.35,1.47));
#9833 = ORIENTED_EDGE('',*,*,#9213,.F.);
#9834 = ( BOUNDED_SURFACE() B_SPLINE_SURFACE(2,1,(
    (#9835,#9836)
    ,(#9837,#9838)
    ,(#9839,#9840
)),.UNSPECIFIED.,.F.,.F.,.F.) B_SPLINE_SURFACE_WITH_KNOTS((3,3),(2,2),(
    0.,1.570796326795),(0.,5.E-02),.PIECEWISE_BEZIER_KNOTS.) 
GEOMETRIC_REPRESENTATION_ITEM() RATIONAL_B_SPLINE_SURFACE((
    (1.,1.)
    ,(0.707106781187,0.707106781187)
,(1.,1.))) REPRESENTATION_ITEM('') SURFACE() );
#9835 = CARTESIAN_POINT('',(1.29,-1.32,1.5));
#9836 = CARTESIAN_POINT('',(1.32,-1.32,1.5));
#9837 = CARTESIAN_POINT('',(1.29,-1.35,1.5));
#9838 = CARTESIAN_POINT('',(1.32,-1.35,1.5));
#9839 = CARTESIAN_POINT('',(1.29,-1.35,1.47));
#9840 = CARTESIAN_POINT('',(1.32,-1.35,1.47));
#9841 = ADVANCED_FACE('',(#9842),#9864,.T.);
#9842 = FACE_BOUND('',#9843,.T.);
#9843 = EDGE_LOOP('',(#9844,#9845,#9852,#9859));
#9844 = ORIENTED_EDGE('',*,*,#9109,.F.);
#9845 = ORIENTED_EDGE('',*,*,#9846,.T.);
#9846 = EDGE_CURVE('',#9103,#9847,#9849,.T.);
#9847 = VERTEX_POINT('',#9848);
#9848 = CARTESIAN_POINT('',(-1.32,-1.35,0.3));
#9849 = B_SPLINE_CURVE_WITH_KNOTS('',1,(#9850,#9851),.UNSPECIFIED.,.F.,
  .F.,(2,2),(0.,1.9),.PIECEWISE_BEZIER_KNOTS.);
#9850 = CARTESIAN_POINT('',(-1.32,-1.35,1.44));
#9851 = CARTESIAN_POINT('',(-1.32,-1.35,0.3));
#9852 = ORIENTED_EDGE('',*,*,#9853,.T.);
#9853 = EDGE_CURVE('',#9847,#9854,#9856,.T.);
#9854 = VERTEX_POINT('',#9855);
#9855 = CARTESIAN_POINT('',(-1.29,-1.35,0.3));
#9856 = B_SPLINE_CURVE_WITH_KNOTS('',1,(#9857,#9858),.UNSPECIFIED.,.F.,
  .F.,(2,2),(5.E-02,0.1),.PIECEWISE_BEZIER_KNOTS.);
#9857 = CARTESIAN_POINT('',(-1.32,-1.35,0.3));
#9858 = CARTESIAN_POINT('',(-1.29,-1.35,0.3));
#9859 = ORIENTED_EDGE('',*,*,#9860,.T.);
#9860 = EDGE_CURVE('',#9854,#9110,#9861,.T.);
#9861 = B_SPLINE_CURVE_WITH_KNOTS('',1,(#9862,#9863),.UNSPECIFIED.,.F.,
  .F.,(2,2),(0.,1.9),.PIECEWISE_BEZIER_KNOTS.);
#9862 = CARTESIAN_POINT('',(-1.29,-1.35,0.3));
#9863 = CARTESIAN_POINT('',(-1.29,-1.35,1.44));
#9864 = B_SPLINE_SURFACE_WITH_KNOTS('',1,1,(
    (#9865,#9866)
    ,(#9867,#9868
    )),.UNSPECIFIED.,.F.,.F.,.F.,(2,2),(2,2),(0.,1.9),(-0.1,-5.E-02),
  .PIECEWISE_BEZIER_KNOTS.);
#9865 = CARTESIAN_POINT('',(-1.29,-1.35,0.3));
#9866 = CARTESIAN_POINT('',(-1.32,-1.35,0.3));
#9867 = CARTESIAN_POINT('',(-1.29,-1.35,1.44));
#9868 = CARTESIAN_POINT('',(-1.32,-1.35,1.44));
#9869 = ADVANCED_FACE('',(#9870),#9887,.T.);
#9870 = FACE_BOUND('',#9871,.T.);
#9871 = EDGE_LOOP('',(#9872,#9879,#9880,#9881));
#9872 = ORIENTED_EDGE('',*,*,#9873,.T.);
#9873 = EDGE_CURVE('',#9874,#9130,#9876,.T.);
#9874 = VERTEX_POINT('',#9875);
#9875 = CARTESIAN_POINT('',(-1.35,1.32,1.47));
#9876 = B_SPLINE_CURVE_WITH_KNOTS('',1,(#9877,#9878),.UNSPECIFIED.,.F.,
  .F.,(2,2),(0.,1.15),.PIECEWISE_BEZIER_KNOTS.);
#9877 = CARTESIAN_POINT('',(-1.35,1.32,1.47));
#9878 = CARTESIAN_POINT('',(-1.35,0.63,1.47));
#9879 = ORIENTED_EDGE('',*,*,#9138,.T.);
#9880 = ORIENTED_EDGE('',*,*,#9189,.F.);
#9881 = ORIENTED_EDGE('',*,*,#9882,.F.);
#9882 = EDGE_CURVE('',#9874,#9183,#9883,.T.);
#9883 = ( BOUNDED_CURVE() B_SPLINE_CURVE(2,(#9884,#9885,#9886),
.UNSPECIFIED.,.F.,.F.) B_SPLINE_CURVE_WITH_KNOTS((3,3),(4.712388980385,
6.28318530718),.PIECEWISE_BEZIER_KNOTS.) CURVE() 
GEOMETRIC_REPRESENTATION_ITEM() RATIONAL_B_SPLINE_CURVE((1.,
0.707106781187,1.)) REPRESENTATION_ITEM('') );
#9884 = CARTESIAN_POINT('',(-1.35,1.32,1.47));
#9885 = CARTESIAN_POINT('',(-1.35,1.32,1.5));
#9886 = CARTESIAN_POINT('',(-1.32,1.32,1.5));
#9887 = ( BOUNDED_SURFACE() B_SPLINE_SURFACE(2,1,(
    (#9888,#9889)
    ,(#9890,#9891)
    ,(#9892,#9893
)),.UNSPECIFIED.,.F.,.F.,.F.) B_SPLINE_SURFACE_WITH_KNOTS((3,3),(2,2),(
    4.712388980385,6.28318530718),(0.,1.15),.PIECEWISE_BEZIER_KNOTS.) 
GEOMETRIC_REPRESENTATION_ITEM() RATIONAL_B_SPLINE_SURFACE((
    (1.,1.)
    ,(0.707106781187,0.707106781187)
,(1.,1.))) REPRESENTATION_ITEM('') SURFACE() );
#9888 = CARTESIAN_POINT('',(-1.32,1.32,1.5));
#9889 = CARTESIAN_POINT('',(-1.32,0.63,1.5));
#9890 = CARTESIAN_POINT('',(-1.35,1.32,1.5));
#9891 = CARTESIAN_POINT('',(-1.35,0.63,1.5));
#9892 = CARTESIAN_POINT('',(-1.35,1.32,1.47));
#9893 = CARTESIAN_POINT('',(-1.35,0.63,1.47));
#9894 = ADVANCED_FACE('',(#9895),#9911,.F.);
#9895 = FACE_BOUND('',#9896,.F.);
#9896 = EDGE_LOOP('',(#9897,#9898,#9905,#9910));
#9897 = ORIENTED_EDGE('',*,*,#9163,.F.);
#9898 = ORIENTED_EDGE('',*,*,#9899,.T.);
#9899 = EDGE_CURVE('',#9155,#9900,#9902,.T.);
#9900 = VERTEX_POINT('',#9901);
#9901 = CARTESIAN_POINT('',(-1.35,0.63,1.44));
#9902 = B_SPLINE_CURVE_WITH_KNOTS('',1,(#9903,#9904),.UNSPECIFIED.,.F.,
  .F.,(2,2),(1.2,3.3),.PIECEWISE_BEZIER_KNOTS.);
#9903 = CARTESIAN_POINT('',(-1.35,-0.63,1.44));
#9904 = CARTESIAN_POINT('',(-1.35,0.63,1.44));
#9905 = ORIENTED_EDGE('',*,*,#9906,.T.);
#9906 = EDGE_CURVE('',#9900,#9130,#9907,.T.);
#9907 = B_SPLINE_CURVE_WITH_KNOTS('',1,(#9908,#9909),.UNSPECIFIED.,.F.,
  .F.,(2,2),(1.9,1.95),.PIECEWISE_BEZIER_KNOTS.);
#9908 = CARTESIAN_POINT('',(-1.35,0.63,1.44));
#9909 = CARTESIAN_POINT('',(-1.35,0.63,1.47));
#9910 = ORIENTED_EDGE('',*,*,#9129,.T.);
#9911 = B_SPLINE_SURFACE_WITH_KNOTS('',1,1,(
    (#9912,#9913)
    ,(#9914,#9915
    )),.UNSPECIFIED.,.F.,.F.,.F.,(2,2),(2,2),(0.,5.E-02),(1.2,3.3),
  .PIECEWISE_BEZIER_KNOTS.);
#9912 = CARTESIAN_POINT('',(-1.35,0.63,1.44));
#9913 = CARTESIAN_POINT('',(-1.35,-0.63,1.44));
#9914 = CARTESIAN_POINT('',(-1.35,0.63,1.47));
#9915 = CARTESIAN_POINT('',(-1.35,-0.63,1.47));
#9916 = ADVANCED_FACE('',(#9917),#9953,.F.);
#9917 = FACE_BOUND('',#9918,.F.);
#9918 = EDGE_LOOP('',(#9919,#9920,#9927,#9934,#9941,#9948));
#9919 = ORIENTED_EDGE('',*,*,#9154,.T.);
#9920 = ORIENTED_EDGE('',*,*,#9921,.T.);
#9921 = EDGE_CURVE('',#9157,#9922,#9924,.T.);
#9922 = VERTEX_POINT('',#9923);
#9923 = CARTESIAN_POINT('',(-1.35,-1.32,0.3));
#9924 = B_SPLINE_CURVE_WITH_KNOTS('',1,(#9925,#9926),.UNSPECIFIED.,.F.,
  .F.,(2,2),(0.,1.9),.PIECEWISE_BEZIER_KNOTS.);
#9925 = CARTESIAN_POINT('',(-1.35,-1.32,1.44));
#9926 = CARTESIAN_POINT('',(-1.35,-1.32,0.3));
#9927 = ORIENTED_EDGE('',*,*,#9928,.F.);
#9928 = EDGE_CURVE('',#9929,#9922,#9931,.T.);
#9929 = VERTEX_POINT('',#9930);
#9930 = CARTESIAN_POINT('',(-1.35,-1.26,0.3));
#9931 = B_SPLINE_CURVE_WITH_KNOTS('',1,(#9932,#9933),.UNSPECIFIED.,.F.,
  .F.,(2,2),(1.05,1.15),.PIECEWISE_BEZIER_KNOTS.);
#9932 = CARTESIAN_POINT('',(-1.35,-1.26,0.3));
#9933 = CARTESIAN_POINT('',(-1.35,-1.32,0.3));
#9934 = ORIENTED_EDGE('',*,*,#9935,.F.);
#9935 = EDGE_CURVE('',#9936,#9929,#9938,.T.);
#9936 = VERTEX_POINT('',#9937);
#9937 = CARTESIAN_POINT('',(-1.35,-0.63,0.3));
#9938 = B_SPLINE_CURVE_WITH_KNOTS('',1,(#9939,#9940),.UNSPECIFIED.,.F.,
  .F.,(2,2),(0.,1.05),.PIECEWISE_BEZIER_KNOTS.);
#9939 = CARTESIAN_POINT('',(-1.35,-0.63,0.3));
#9940 = CARTESIAN_POINT('',(-1.35,-1.26,0.3));
#9941 = ORIENTED_EDGE('',*,*,#9942,.T.);
#9942 = EDGE_CURVE('',#9936,#9943,#9945,.T.);
#9943 = VERTEX_POINT('',#9944);
#9944 = CARTESIAN_POINT('',(-1.35,-0.63,0.36));
#9945 = B_SPLINE_CURVE_WITH_KNOTS('',1,(#9946,#9947),.UNSPECIFIED.,.F.,
  .F.,(2,2),(0.,1.E-01),.PIECEWISE_BEZIER_KNOTS.);
#9946 = CARTESIAN_POINT('',(-1.35,-0.63,0.3));
#9947 = CARTESIAN_POINT('',(-1.35,-0.63,0.36));
#9948 = ORIENTED_EDGE('',*,*,#9949,.T.);
#9949 = EDGE_CURVE('',#9943,#9155,#9950,.T.);
#9950 = B_SPLINE_CURVE_WITH_KNOTS('',1,(#9951,#9952),.UNSPECIFIED.,.F.,
  .F.,(2,2),(1.E-01,1.9),.PIECEWISE_BEZIER_KNOTS.);
#9951 = CARTESIAN_POINT('',(-1.35,-0.63,0.36));
#9952 = CARTESIAN_POINT('',(-1.35,-0.63,1.44));
#9953 = B_SPLINE_SURFACE_WITH_KNOTS('',1,1,(
    (#9954,#9955)
    ,(#9956,#9957
    )),.UNSPECIFIED.,.F.,.F.,.F.,(2,2),(2,2),(0.,1.9),(0.,1.15),
  .PIECEWISE_BEZIER_KNOTS.);
#9954 = CARTESIAN_POINT('',(-1.35,-0.63,0.3));
#9955 = CARTESIAN_POINT('',(-1.35,-1.32,0.3));
#9956 = CARTESIAN_POINT('',(-1.35,-0.63,1.44));
#9957 = CARTESIAN_POINT('',(-1.35,-1.32,1.44));
#9958 = ADVANCED_FACE('',(#9959),#9976,.T.);
#9959 = FACE_BOUND('',#9960,.T.);
#9960 = EDGE_LOOP('',(#9961,#9968,#9974,#9975));
#9961 = ORIENTED_EDGE('',*,*,#9962,.F.);
#9962 = EDGE_CURVE('',#9963,#9227,#9965,.T.);
#9963 = VERTEX_POINT('',#9964);
#9964 = CARTESIAN_POINT('',(-1.32,1.35,1.47));
#9965 = B_SPLINE_CURVE_WITH_KNOTS('',1,(#9966,#9967),.UNSPECIFIED.,.F.,
  .F.,(2,2),(5.E-02,0.1),.PIECEWISE_BEZIER_KNOTS.);
#9966 = CARTESIAN_POINT('',(-1.32,1.35,1.47));
#9967 = CARTESIAN_POINT('',(-1.29,1.35,1.47));
#9968 = ORIENTED_EDGE('',*,*,#9969,.T.);
#9969 = EDGE_CURVE('',#9963,#9183,#9970,.T.);
#9970 = ( BOUNDED_CURVE() B_SPLINE_CURVE(2,(#9971,#9972,#9973),
.UNSPECIFIED.,.F.,.F.) B_SPLINE_CURVE_WITH_KNOTS((3,3),(0.,
1.570796326795),.PIECEWISE_BEZIER_KNOTS.) CURVE() 
GEOMETRIC_REPRESENTATION_ITEM() RATIONAL_B_SPLINE_CURVE((1.,
0.707106781187,1.)) REPRESENTATION_ITEM('') );
#9971 = CARTESIAN_POINT('',(-1.32,1.35,1.47));
#9972 = CARTESIAN_POINT('',(-1.32,1.35,1.5));
#9973 = CARTESIAN_POINT('',(-1.32,1.32,1.5));
#9974 = ORIENTED_EDGE('',*,*,#9182,.T.);
#9975 = ORIENTED_EDGE('',*,*,#9226,.F.);
#9976 = ( BOUNDED_SURFACE() B_SPLINE_SURFACE(2,1,(
    (#9977,#9978)
    ,(#9979,#9980)
    ,(#9981,#9982
)),.UNSPECIFIED.,.F.,.F.,.F.) B_SPLINE_SURFACE_WITH_KNOTS((3,3),(2,2),(
    0.,1.570796326795),(5.E-02,0.1),.PIECEWISE_BEZIER_KNOTS.) 
GEOMETRIC_REPRESENTATION_ITEM() RATIONAL_B_SPLINE_SURFACE((
    (1.,1.)
    ,(0.707106781187,0.707106781187)
,(1.,1.))) REPRESENTATION_ITEM('') SURFACE() );
#9977 = CARTESIAN_POINT('',(-1.32,1.35,1.47));
#9978 = CARTESIAN_POINT('',(-1.29,1.35,1.47));
#9979 = CARTESIAN_POINT('',(-1.32,1.35,1.5));
#9980 = CARTESIAN_POINT('',(-1.29,1.35,1.5));
#9981 = CARTESIAN_POINT('',(-1.32,1.32,1.5));
#9982 = CARTESIAN_POINT('',(-1.29,1.32,1.5));
#9983 = ADVANCED_FACE('',(#9984),#10001,.T.);
#9984 = FACE_BOUND('',#9985,.T.);
#9985 = EDGE_LOOP('',(#9986,#9994,#9999,#10000));
#9986 = ORIENTED_EDGE('',*,*,#9987,.T.);
#9987 = EDGE_CURVE('',#9205,#9988,#9990,.T.);
#9988 = VERTEX_POINT('',#9989);
#9989 = CARTESIAN_POINT('',(1.35,-1.32,1.47));
#9990 = ( BOUNDED_CURVE() B_SPLINE_CURVE(2,(#9991,#9992,#9993),
.UNSPECIFIED.,.F.,.F.) B_SPLINE_CURVE_WITH_KNOTS((3,3),(0.,
1.570796326795),.PIECEWISE_BEZIER_KNOTS.) CURVE() 
GEOMETRIC_REPRESENTATION_ITEM() RATIONAL_B_SPLINE_CURVE((1.,
0.707106781187,1.)) REPRESENTATION_ITEM('') );
#9991 = CARTESIAN_POINT('',(1.32,-1.32,1.5));
#9992 = CARTESIAN_POINT('',(1.35,-1.32,1.5));
#9993 = CARTESIAN_POINT('',(1.35,-1.32,1.47));
#9994 = ORIENTED_EDGE('',*,*,#9995,.F.);
#9995 = EDGE_CURVE('',#9282,#9988,#9996,.T.);
#9996 = B_SPLINE_CURVE_WITH_KNOTS('',1,(#9997,#9998),.UNSPECIFIED.,.F.,
  .F.,(2,2),(0.,1.15),.PIECEWISE_BEZIER_KNOTS.);
#9997 = CARTESIAN_POINT('',(1.35,-0.63,1.47));
#9998 = CARTESIAN_POINT('',(1.35,-1.32,1.47));
#9999 = ORIENTED_EDGE('',*,*,#9281,.F.);
#10000 = ORIENTED_EDGE('',*,*,#9204,.T.);
#10001 = ( BOUNDED_SURFACE() B_SPLINE_SURFACE(2,1,(
    (#10002,#10003)
    ,(#10004,#10005)
    ,(#10006,#10007
)),.UNSPECIFIED.,.F.,.F.,.F.) B_SPLINE_SURFACE_WITH_KNOTS((3,3),(2,2),(
    4.712388980385,6.28318530718),(0.,1.15),.PIECEWISE_BEZIER_KNOTS.) 
GEOMETRIC_REPRESENTATION_ITEM() RATIONAL_B_SPLINE_SURFACE((
    (1.,1.)
    ,(0.707106781187,0.707106781187)
,(1.,1.))) REPRESENTATION_ITEM('') SURFACE() );
#10002 = CARTESIAN_POINT('',(1.35,-0.63,1.47));
#10003 = CARTESIAN_POINT('',(1.35,-1.32,1.47));
#10004 = CARTESIAN_POINT('',(1.35,-0.63,1.5));
#10005 = CARTESIAN_POINT('',(1.35,-1.32,1.5));
#10006 = CARTESIAN_POINT('',(1.32,-0.63,1.5));
#10007 = CARTESIAN_POINT('',(1.32,-1.32,1.5));
#10008 = ADVANCED_FACE('',(#10009),#10031,.F.);
#10009 = FACE_BOUND('',#10010,.F.);
#10010 = EDGE_LOOP('',(#10011,#10018,#10019,#10026));
#10011 = ORIENTED_EDGE('',*,*,#10012,.T.);
#10012 = EDGE_CURVE('',#10013,#9236,#10015,.T.);
#10013 = VERTEX_POINT('',#10014);
#10014 = CARTESIAN_POINT('',(1.29,1.35,1.44));
#10015 = B_SPLINE_CURVE_WITH_KNOTS('',1,(#10016,#10017),.UNSPECIFIED.,
  .F.,.F.,(2,2),(1.9,1.95),.PIECEWISE_BEZIER_KNOTS.);
#10016 = CARTESIAN_POINT('',(1.29,1.35,1.44));
#10017 = CARTESIAN_POINT('',(1.29,1.35,1.47));
#10018 = ORIENTED_EDGE('',*,*,#9243,.F.);
#10019 = ORIENTED_EDGE('',*,*,#10020,.F.);
#10020 = EDGE_CURVE('',#10021,#9227,#10023,.T.);
#10021 = VERTEX_POINT('',#10022);
#10022 = CARTESIAN_POINT('',(-1.29,1.35,1.44));
#10023 = B_SPLINE_CURVE_WITH_KNOTS('',1,(#10024,#10025),.UNSPECIFIED.,
  .F.,.F.,(2,2),(1.9,1.95),.PIECEWISE_BEZIER_KNOTS.);
#10024 = CARTESIAN_POINT('',(-1.29,1.35,1.44));
#10025 = CARTESIAN_POINT('',(-1.29,1.35,1.47));
#10026 = ORIENTED_EDGE('',*,*,#10027,.T.);
#10027 = EDGE_CURVE('',#10021,#10013,#10028,.T.);
#10028 = B_SPLINE_CURVE_WITH_KNOTS('',1,(#10029,#10030),.UNSPECIFIED.,
  .F.,.F.,(2,2),(0.1,4.4),.PIECEWISE_BEZIER_KNOTS.);
#10029 = CARTESIAN_POINT('',(-1.29,1.35,1.44));
#10030 = CARTESIAN_POINT('',(1.29,1.35,1.44));
#10031 = B_SPLINE_SURFACE_WITH_KNOTS('',1,1,(
    (#10032,#10033)
    ,(#10034,#10035
  )),.UNSPECIFIED.,.F.,.F.,.F.,(2,2),(2,2),(0.,5.E-02),(-4.4,-0.1),
  .PIECEWISE_BEZIER_KNOTS.);
#10032 = CARTESIAN_POINT('',(1.29,1.35,1.44));
#10033 = CARTESIAN_POINT('',(-1.29,1.35,1.44));
#10034 = CARTESIAN_POINT('',(1.29,1.35,1.47));
#10035 = CARTESIAN_POINT('',(-1.29,1.35,1.47));
#10036 = ADVANCED_FACE('',(#10037),#10054,.T.);
#10037 = FACE_BOUND('',#10038,.T.);
#10038 = EDGE_LOOP('',(#10039,#10046,#10047,#10048));
#10039 = ORIENTED_EDGE('',*,*,#10040,.F.);
#10040 = EDGE_CURVE('',#9236,#10041,#10043,.T.);
#10041 = VERTEX_POINT('',#10042);
#10042 = CARTESIAN_POINT('',(1.32,1.35,1.47));
#10043 = B_SPLINE_CURVE_WITH_KNOTS('',1,(#10044,#10045),.UNSPECIFIED.,
  .F.,.F.,(2,2),(0.,5.E-02),.PIECEWISE_BEZIER_KNOTS.);
#10044 = CARTESIAN_POINT('',(1.29,1.35,1.47));
#10045 = CARTESIAN_POINT('',(1.32,1.35,1.47));
#10046 = ORIENTED_EDGE('',*,*,#9235,.T.);
#10047 = ORIENTED_EDGE('',*,*,#9258,.T.);
#10048 = ORIENTED_EDGE('',*,*,#10049,.F.);
#10049 = EDGE_CURVE('',#10041,#9259,#10050,.T.);
#10050 = ( BOUNDED_CURVE() B_SPLINE_CURVE(2,(#10051,#10052,#10053),
.UNSPECIFIED.,.F.,.F.) B_SPLINE_CURVE_WITH_KNOTS((3,3),(0.,
1.570796326795),.PIECEWISE_BEZIER_KNOTS.) CURVE() 
GEOMETRIC_REPRESENTATION_ITEM() RATIONAL_B_SPLINE_CURVE((1.,
0.707106781187,1.)) REPRESENTATION_ITEM('') );
#10051 = CARTESIAN_POINT('',(1.32,1.35,1.47));
#10052 = CARTESIAN_POINT('',(1.32,1.35,1.5));
#10053 = CARTESIAN_POINT('',(1.32,1.32,1.5));
#10054 = ( BOUNDED_SURFACE() B_SPLINE_SURFACE(2,1,(
    (#10055,#10056)
    ,(#10057,#10058)
    ,(#10059,#10060
)),.UNSPECIFIED.,.F.,.F.,.F.) B_SPLINE_SURFACE_WITH_KNOTS((3,3),(2,2),(
    0.,1.570796326795),(0.,5.E-02),.PIECEWISE_BEZIER_KNOTS.) 
GEOMETRIC_REPRESENTATION_ITEM() RATIONAL_B_SPLINE_SURFACE((
    (1.,1.)
    ,(0.707106781187,0.707106781187)
,(1.,1.))) REPRESENTATION_ITEM('') SURFACE() );
#10055 = CARTESIAN_POINT('',(1.29,1.35,1.47));
#10056 = CARTESIAN_POINT('',(1.32,1.35,1.47));
#10057 = CARTESIAN_POINT('',(1.29,1.35,1.5));
#10058 = CARTESIAN_POINT('',(1.32,1.35,1.5));
#10059 = CARTESIAN_POINT('',(1.29,1.32,1.5));
#10060 = CARTESIAN_POINT('',(1.32,1.32,1.5));
#10061 = ADVANCED_FACE('',(#10062),#10079,.T.);
#10062 = FACE_BOUND('',#10063,.T.);
#10063 = EDGE_LOOP('',(#10064,#10065,#10066,#10073));
#10064 = ORIENTED_EDGE('',*,*,#9267,.T.);
#10065 = ORIENTED_EDGE('',*,*,#9296,.T.);
#10066 = ORIENTED_EDGE('',*,*,#10067,.F.);
#10067 = EDGE_CURVE('',#10068,#9290,#10070,.T.);
#10068 = VERTEX_POINT('',#10069);
#10069 = CARTESIAN_POINT('',(1.35,1.32,1.47));
#10070 = B_SPLINE_CURVE_WITH_KNOTS('',1,(#10071,#10072),.UNSPECIFIED.,
  .F.,.F.,(2,2),(0.,1.15),.PIECEWISE_BEZIER_KNOTS.);
#10071 = CARTESIAN_POINT('',(1.35,1.32,1.47));
#10072 = CARTESIAN_POINT('',(1.35,0.63,1.47));
#10073 = ORIENTED_EDGE('',*,*,#10074,.F.);
#10074 = EDGE_CURVE('',#9259,#10068,#10075,.T.);
#10075 = ( BOUNDED_CURVE() B_SPLINE_CURVE(2,(#10076,#10077,#10078),
.UNSPECIFIED.,.F.,.F.) B_SPLINE_CURVE_WITH_KNOTS((3,3),(0.,
1.570796326795),.PIECEWISE_BEZIER_KNOTS.) CURVE() 
GEOMETRIC_REPRESENTATION_ITEM() RATIONAL_B_SPLINE_CURVE((1.,
0.707106781187,1.)) REPRESENTATION_ITEM('') );
#10076 = CARTESIAN_POINT('',(1.32,1.32,1.5));
#10077 = CARTESIAN_POINT('',(1.35,1.32,1.5));
#10078 = CARTESIAN_POINT('',(1.35,1.32,1.47));
#10079 = ( BOUNDED_SURFACE() B_SPLINE_SURFACE(2,1,(
    (#10080,#10081)
    ,(#10082,#10083)
    ,(#10084,#10085
)),.UNSPECIFIED.,.F.,.F.,.F.) B_SPLINE_SURFACE_WITH_KNOTS((3,3),(2,2),(
    4.712388980385,6.28318530718),(0.,1.15),.PIECEWISE_BEZIER_KNOTS.) 
GEOMETRIC_REPRESENTATION_ITEM() RATIONAL_B_SPLINE_SURFACE((
    (1.,1.)
    ,(0.707106781187,0.707106781187)
,(1.,1.))) REPRESENTATION_ITEM('') SURFACE() );
#10080 = CARTESIAN_POINT('',(1.35,1.32,1.47));
#10081 = CARTESIAN_POINT('',(1.35,0.63,1.47));
#10082 = CARTESIAN_POINT('',(1.35,1.32,1.5));
#10083 = CARTESIAN_POINT('',(1.35,0.63,1.5));
#10084 = CARTESIAN_POINT('',(1.32,1.32,1.5));
#10085 = CARTESIAN_POINT('',(1.32,0.63,1.5));
#10086 = ADVANCED_FACE('',(#10087),#10109,.T.);
#10087 = FACE_BOUND('',#10088,.T.);
#10088 = EDGE_LOOP('',(#10089,#10096,#10103,#10108));
#10089 = ORIENTED_EDGE('',*,*,#10090,.F.);
#10090 = EDGE_CURVE('',#10091,#9282,#10093,.T.);
#10091 = VERTEX_POINT('',#10092);
#10092 = CARTESIAN_POINT('',(1.35,-0.63,1.44));
#10093 = B_SPLINE_CURVE_WITH_KNOTS('',1,(#10094,#10095),.UNSPECIFIED.,
  .F.,.F.,(2,2),(1.9,1.95),.PIECEWISE_BEZIER_KNOTS.);
#10094 = CARTESIAN_POINT('',(1.35,-0.63,1.44));
#10095 = CARTESIAN_POINT('',(1.35,-0.63,1.47));
#10096 = ORIENTED_EDGE('',*,*,#10097,.F.);
#10097 = EDGE_CURVE('',#10098,#10091,#10100,.T.);
#10098 = VERTEX_POINT('',#10099);
#10099 = CARTESIAN_POINT('',(1.35,0.63,1.44));
#10100 = B_SPLINE_CURVE_WITH_KNOTS('',1,(#10101,#10102),.UNSPECIFIED.,
  .F.,.F.,(2,2),(1.2,3.3),.PIECEWISE_BEZIER_KNOTS.);
#10101 = CARTESIAN_POINT('',(1.35,0.63,1.44));
#10102 = CARTESIAN_POINT('',(1.35,-0.63,1.44));
#10103 = ORIENTED_EDGE('',*,*,#10104,.T.);
#10104 = EDGE_CURVE('',#10098,#9290,#10105,.T.);
#10105 = B_SPLINE_CURVE_WITH_KNOTS('',1,(#10106,#10107),.UNSPECIFIED.,
  .F.,.F.,(2,2),(1.9,1.95),.PIECEWISE_BEZIER_KNOTS.);
#10106 = CARTESIAN_POINT('',(1.35,0.63,1.44));
#10107 = CARTESIAN_POINT('',(1.35,0.63,1.47));
#10108 = ORIENTED_EDGE('',*,*,#9289,.T.);
#10109 = B_SPLINE_SURFACE_WITH_KNOTS('',1,1,(
    (#10110,#10111)
    ,(#10112,#10113
  )),.UNSPECIFIED.,.F.,.F.,.F.,(2,2),(2,2),(0.,5.E-02),(1.2,3.3),
  .PIECEWISE_BEZIER_KNOTS.);
#10110 = CARTESIAN_POINT('',(1.35,0.63,1.44));
#10111 = CARTESIAN_POINT('',(1.35,-0.63,1.44));
#10112 = CARTESIAN_POINT('',(1.35,0.63,1.47));
#10113 = CARTESIAN_POINT('',(1.35,-0.63,1.47));
#10114 = ADVANCED_FACE('',(#10115),#10121,.T.);
#10115 = FACE_BOUND('',#10116,.T.);
#10116 = EDGE_LOOP('',(#10117,#10118,#10119,#10120));
#10117 = ORIENTED_EDGE('',*,*,#9362,.T.);
#10118 = ORIENTED_EDGE('',*,*,#9386,.F.);
#10119 = ORIENTED_EDGE('',*,*,#9348,.T.);
#10120 = ORIENTED_EDGE('',*,*,#9312,.T.);
#10121 = B_SPLINE_SURFACE_WITH_KNOTS('',1,1,(
    (#10122,#10123)
    ,(#10124,#10125
    )),.UNSPECIFIED.,.F.,.F.,.F.,(2,2),(2,2),(3.37567297E-04,0.5),(
    -2.076117056049E-13,0.437624170605),.PIECEWISE_BEZIER_KNOTS.);
#10122 = CARTESIAN_POINT('',(0.149797459622,-0.75,1.512));
#10123 = CARTESIAN_POINT('',(0.149797459622,-1.012574502363,1.512));
#10124 = CARTESIAN_POINT('',(-0.15,-0.75,1.512));
#10125 = CARTESIAN_POINT('',(-0.15,-1.012574502363,1.512));
#10126 = ADVANCED_FACE('',(#10127),#10151,.F.);
#10127 = FACE_BOUND('',#10128,.F.);
#10128 = EDGE_LOOP('',(#10129,#10138,#10143,#10144,#10145,#10146));
#10129 = ORIENTED_EDGE('',*,*,#10130,.F.);
#10130 = EDGE_CURVE('',#10131,#10133,#10135,.T.);
#10131 = VERTEX_POINT('',#10132);
#10132 = CARTESIAN_POINT('',(9.E-02,0.714352853987,1.38));
#10133 = VERTEX_POINT('',#10134);
#10134 = CARTESIAN_POINT('',(9.E-02,-0.714352853987,1.38));
#10135 = B_SPLINE_CURVE_WITH_KNOTS('',1,(#10136,#10137),.UNSPECIFIED.,
  .F.,.F.,(2,2),(9.411910021E-03,2.390588089979),
  .PIECEWISE_BEZIER_KNOTS.);
#10136 = CARTESIAN_POINT('',(9.E-02,0.714352853987,1.38));
#10137 = CARTESIAN_POINT('',(9.E-02,-0.714352853987,1.38));
#10138 = ORIENTED_EDGE('',*,*,#10139,.T.);
#10139 = EDGE_CURVE('',#10131,#9486,#10140,.T.);
#10140 = B_SPLINE_CURVE_WITH_KNOTS('',1,(#10141,#10142),.UNSPECIFIED.,
  .F.,.F.,(2,2),(1.3,1.4),.PIECEWISE_BEZIER_KNOTS.);
#10141 = CARTESIAN_POINT('',(9.E-02,0.714352853987,1.38));
#10142 = CARTESIAN_POINT('',(9.E-02,0.714352853987,1.44));
#10143 = ORIENTED_EDGE('',*,*,#9485,.T.);
#10144 = ORIENTED_EDGE('',*,*,#9456,.F.);
#10145 = ORIENTED_EDGE('',*,*,#9416,.F.);
#10146 = ORIENTED_EDGE('',*,*,#10147,.F.);
#10147 = EDGE_CURVE('',#10133,#9409,#10148,.T.);
#10148 = B_SPLINE_CURVE_WITH_KNOTS('',1,(#10149,#10150),.UNSPECIFIED.,
  .F.,.F.,(2,2),(1.3,1.4),.PIECEWISE_BEZIER_KNOTS.);
#10149 = CARTESIAN_POINT('',(9.E-02,-0.714352853987,1.38));
#10150 = CARTESIAN_POINT('',(9.E-02,-0.714352853987,1.44));
#10151 = B_SPLINE_SURFACE_WITH_KNOTS('',1,1,(
    (#10152,#10153)
    ,(#10154,#10155
    )),.UNSPECIFIED.,.F.,.F.,.F.,(2,2),(2,2),(0.,0.2),(9.411910021E-03,
    2.390588089979),.PIECEWISE_BEZIER_KNOTS.);
#10152 = CARTESIAN_POINT('',(9.E-02,0.714352853987,1.38));
#10153 = CARTESIAN_POINT('',(9.E-02,-0.714352853987,1.38));
#10154 = CARTESIAN_POINT('',(9.E-02,0.714352853987,1.5));
#10155 = CARTESIAN_POINT('',(9.E-02,-0.714352853987,1.5));
#10156 = ADVANCED_FACE('',(#10157),#10174,.F.);
#10157 = FACE_BOUND('',#10158,.F.);
#10158 = EDGE_LOOP('',(#10159,#10160,#10167,#10173));
#10159 = ORIENTED_EDGE('',*,*,#9408,.F.);
#10160 = ORIENTED_EDGE('',*,*,#10161,.F.);
#10161 = EDGE_CURVE('',#10162,#9402,#10164,.T.);
#10162 = VERTEX_POINT('',#10163);
#10163 = CARTESIAN_POINT('',(9.05941988094E-16,-0.72,1.38));
#10164 = B_SPLINE_CURVE_WITH_KNOTS('',1,(#10165,#10166),.UNSPECIFIED.,
  .F.,.F.,(2,2),(1.3,1.4),.PIECEWISE_BEZIER_KNOTS.);
#10165 = CARTESIAN_POINT('',(7.31941988094E-16,-0.72,1.38));
#10166 = CARTESIAN_POINT('',(7.31941988094E-16,-0.72,1.44));
#10167 = ORIENTED_EDGE('',*,*,#10168,.T.);
#10168 = EDGE_CURVE('',#10162,#10133,#10169,.T.);
#10169 = ( BOUNDED_CURVE() B_SPLINE_CURVE(2,(#10170,#10171,#10172),
.UNSPECIFIED.,.F.,.F.) B_SPLINE_CURVE_WITH_KNOTS((3,3),(0.,
0.125327831168),.PIECEWISE_BEZIER_KNOTS.) CURVE() 
GEOMETRIC_REPRESENTATION_ITEM() RATIONAL_B_SPLINE_CURVE((1.,
0.998037259237,1.)) REPRESENTATION_ITEM('') );
#10170 = CARTESIAN_POINT('',(9.05941988094E-16,-0.72,1.38));
#10171 = CARTESIAN_POINT('',(4.517716810049E-02,-0.72,1.38));
#10172 = CARTESIAN_POINT('',(9.E-02,-0.714352853987,1.38));
#10173 = ORIENTED_EDGE('',*,*,#10147,.T.);
#10174 = ( BOUNDED_SURFACE() B_SPLINE_SURFACE(2,1,(
    (#10175,#10176)
    ,(#10177,#10178)
    ,(#10179,#10180
)),.UNSPECIFIED.,.F.,.F.,.F.) B_SPLINE_SURFACE_WITH_KNOTS((3,3),(2,2),(
    0.,0.125327831168),(1.3,1.4),.PIECEWISE_BEZIER_KNOTS.) 
GEOMETRIC_REPRESENTATION_ITEM() RATIONAL_B_SPLINE_SURFACE((
    (1.,1.)
    ,(0.998037259237,0.998037259237)
,(1.,1.))) REPRESENTATION_ITEM('') SURFACE() );
#10175 = CARTESIAN_POINT('',(9.05941988094E-16,-0.72,1.38));
#10176 = CARTESIAN_POINT('',(9.05941988094E-16,-0.72,1.44));
#10177 = CARTESIAN_POINT('',(4.517716810049E-02,-0.72,1.38));
#10178 = CARTESIAN_POINT('',(4.517716810049E-02,-0.72,1.44));
#10179 = CARTESIAN_POINT('',(9.E-02,-0.714352853987,1.38));
#10180 = CARTESIAN_POINT('',(9.E-02,-0.714352853987,1.44));
#10181 = ADVANCED_FACE('',(#10182),#10199,.F.);
#10182 = FACE_BOUND('',#10183,.F.);
#10183 = EDGE_LOOP('',(#10184,#10192,#10193,#10194));
#10184 = ORIENTED_EDGE('',*,*,#10185,.T.);
#10185 = EDGE_CURVE('',#10186,#10162,#10188,.T.);
#10186 = VERTEX_POINT('',#10187);
#10187 = CARTESIAN_POINT('',(-9.E-02,-0.714352853987,1.38));
#10188 = ( BOUNDED_CURVE() B_SPLINE_CURVE(2,(#10189,#10190,#10191),
.UNSPECIFIED.,.F.,.F.) B_SPLINE_CURVE_WITH_KNOTS((3,3),(6.157857476012,
6.28318530718),.PIECEWISE_BEZIER_KNOTS.) CURVE() 
GEOMETRIC_REPRESENTATION_ITEM() RATIONAL_B_SPLINE_CURVE((1.,
0.998037259237,1.)) REPRESENTATION_ITEM('') );
#10189 = CARTESIAN_POINT('',(-9.000000000001E-02,-0.714352853987,1.38));
#10190 = CARTESIAN_POINT('',(-4.517716810049E-02,-0.72,1.38));
#10191 = CARTESIAN_POINT('',(7.295928490168E-16,-0.72,1.38));
#10192 = ORIENTED_EDGE('',*,*,#10161,.T.);
#10193 = ORIENTED_EDGE('',*,*,#9431,.F.);
#10194 = ORIENTED_EDGE('',*,*,#10195,.F.);
#10195 = EDGE_CURVE('',#10186,#9432,#10196,.T.);
#10196 = B_SPLINE_CURVE_WITH_KNOTS('',1,(#10197,#10198),.UNSPECIFIED.,
  .F.,.F.,(2,2),(1.3,1.4),.PIECEWISE_BEZIER_KNOTS.);
#10197 = CARTESIAN_POINT('',(-9.E-02,-0.714352853987,1.38));
#10198 = CARTESIAN_POINT('',(-9.E-02,-0.714352853987,1.44));
#10199 = ( BOUNDED_SURFACE() B_SPLINE_SURFACE(2,1,(
    (#10200,#10201)
    ,(#10202,#10203)
    ,(#10204,#10205
)),.UNSPECIFIED.,.F.,.F.,.F.) B_SPLINE_SURFACE_WITH_KNOTS((3,3),(2,2),(
    6.157857476012,6.28318530718),(1.3,1.4),.PIECEWISE_BEZIER_KNOTS.) 
GEOMETRIC_REPRESENTATION_ITEM() RATIONAL_B_SPLINE_SURFACE((
    (1.,1.)
    ,(0.998037259237,0.998037259237)
,(1.,1.))) REPRESENTATION_ITEM('') SURFACE() );
#10200 = CARTESIAN_POINT('',(-9.000000000001E-02,-0.714352853987,1.38));
#10201 = CARTESIAN_POINT('',(-9.000000000001E-02,-0.714352853987,1.44));
#10202 = CARTESIAN_POINT('',(-4.517716810049E-02,-0.72,1.38));
#10203 = CARTESIAN_POINT('',(-4.517716810049E-02,-0.72,1.44));
#10204 = CARTESIAN_POINT('',(7.295928490168E-16,-0.72,1.38));
#10205 = CARTESIAN_POINT('',(7.295928490168E-16,-0.72,1.44));
#10206 = ADVANCED_FACE('',(#10207),#10225,.T.);
#10207 = FACE_BOUND('',#10208,.T.);
#10208 = EDGE_LOOP('',(#10209,#10216,#10221,#10222,#10223,#10224));
#10209 = ORIENTED_EDGE('',*,*,#10210,.F.);
#10210 = EDGE_CURVE('',#10211,#10186,#10213,.T.);
#10211 = VERTEX_POINT('',#10212);
#10212 = CARTESIAN_POINT('',(-9.E-02,0.714352853987,1.38));
#10213 = B_SPLINE_CURVE_WITH_KNOTS('',1,(#10214,#10215),.UNSPECIFIED.,
  .F.,.F.,(2,2),(9.411910021E-03,2.390588089979),
  .PIECEWISE_BEZIER_KNOTS.);
#10214 = CARTESIAN_POINT('',(-9.E-02,0.714352853987,1.38));
#10215 = CARTESIAN_POINT('',(-9.E-02,-0.714352853987,1.38));
#10216 = ORIENTED_EDGE('',*,*,#10217,.T.);
#10217 = EDGE_CURVE('',#10211,#9493,#10218,.T.);
#10218 = B_SPLINE_CURVE_WITH_KNOTS('',1,(#10219,#10220),.UNSPECIFIED.,
  .F.,.F.,(2,2),(1.3,1.4),.PIECEWISE_BEZIER_KNOTS.);
#10219 = CARTESIAN_POINT('',(-9.E-02,0.714352853987,1.38));
#10220 = CARTESIAN_POINT('',(-9.E-02,0.714352853987,1.44));
#10221 = ORIENTED_EDGE('',*,*,#9500,.T.);
#10222 = ORIENTED_EDGE('',*,*,#9471,.F.);
#10223 = ORIENTED_EDGE('',*,*,#9441,.F.);
#10224 = ORIENTED_EDGE('',*,*,#10195,.F.);
#10225 = B_SPLINE_SURFACE_WITH_KNOTS('',1,1,(
    (#10226,#10227)
    ,(#10228,#10229
    )),.UNSPECIFIED.,.F.,.F.,.F.,(2,2),(2,2),(0.,0.2),(9.411910021E-03,
    2.390588089979),.PIECEWISE_BEZIER_KNOTS.);
#10226 = CARTESIAN_POINT('',(-9.E-02,0.714352853987,1.38));
#10227 = CARTESIAN_POINT('',(-9.E-02,-0.714352853987,1.38));
#10228 = CARTESIAN_POINT('',(-9.E-02,0.714352853987,1.5));
#10229 = CARTESIAN_POINT('',(-9.E-02,-0.714352853987,1.5));
#10230 = ADVANCED_FACE('',(#10231),#10250,.F.);
#10231 = FACE_BOUND('',#10232,.F.);
#10232 = EDGE_LOOP('',(#10233,#10234,#10235,#10243,#10249));
#10233 = ORIENTED_EDGE('',*,*,#9492,.F.);
#10234 = ORIENTED_EDGE('',*,*,#10139,.F.);
#10235 = ORIENTED_EDGE('',*,*,#10236,.T.);
#10236 = EDGE_CURVE('',#10131,#10237,#10239,.T.);
#10237 = VERTEX_POINT('',#10238);
#10238 = CARTESIAN_POINT('',(1.225686219186E-15,0.72,1.38));
#10239 = ( BOUNDED_CURVE() B_SPLINE_CURVE(2,(#10240,#10241,#10242),
.UNSPECIFIED.,.F.,.F.) B_SPLINE_CURVE_WITH_KNOTS((3,3),(3.016264822422,
3.14159265359),.PIECEWISE_BEZIER_KNOTS.) CURVE() 
GEOMETRIC_REPRESENTATION_ITEM() RATIONAL_B_SPLINE_CURVE((1.,
0.998037259237,1.)) REPRESENTATION_ITEM('') );
#10240 = CARTESIAN_POINT('',(9.000000000001E-02,0.714352853987,1.38));
#10241 = CARTESIAN_POINT('',(4.517716810049E-02,0.72,1.38));
#10242 = CARTESIAN_POINT('',(1.313860788725E-15,0.72,1.38));
#10243 = ORIENTED_EDGE('',*,*,#10244,.T.);
#10244 = EDGE_CURVE('',#10237,#10211,#10245,.T.);
#10245 = ( BOUNDED_CURVE() B_SPLINE_CURVE(2,(#10246,#10247,#10248),
.UNSPECIFIED.,.F.,.F.) B_SPLINE_CURVE_WITH_KNOTS((3,3),(3.14159265359,
3.266920484758),.PIECEWISE_BEZIER_KNOTS.) CURVE() 
GEOMETRIC_REPRESENTATION_ITEM() RATIONAL_B_SPLINE_CURVE((1.,
0.998037259237,1.)) REPRESENTATION_ITEM('') );
#10246 = CARTESIAN_POINT('',(1.313860788725E-15,0.72,1.38));
#10247 = CARTESIAN_POINT('',(-4.517716810049E-02,0.72,1.38));
#10248 = CARTESIAN_POINT('',(-9.E-02,0.714352853987,1.38));
#10249 = ORIENTED_EDGE('',*,*,#10217,.T.);
#10250 = ( BOUNDED_SURFACE() B_SPLINE_SURFACE(2,1,(
    (#10251,#10252)
    ,(#10253,#10254)
    ,(#10255,#10256
)),.UNSPECIFIED.,.F.,.F.,.F.) B_SPLINE_SURFACE_WITH_KNOTS((3,3),(2,2),(
    3.016264822422,3.266920484758),(1.3,1.4),.PIECEWISE_BEZIER_KNOTS.) 
GEOMETRIC_REPRESENTATION_ITEM() RATIONAL_B_SPLINE_SURFACE((
    (1.,1.)
    ,(0.992156741649,0.992156741649)
,(1.,1.))) REPRESENTATION_ITEM('') SURFACE() );
#10251 = CARTESIAN_POINT('',(9.000000000001E-02,0.714352853987,1.38));
#10252 = CARTESIAN_POINT('',(9.000000000001E-02,0.714352853987,1.44));
#10253 = CARTESIAN_POINT('',(2.673409137309E-17,0.725691788178,1.38));
#10254 = CARTESIAN_POINT('',(2.673409137309E-17,0.725691788178,1.44));
#10255 = CARTESIAN_POINT('',(-9.E-02,0.714352853987,1.38));
#10256 = CARTESIAN_POINT('',(-9.E-02,0.714352853987,1.44));
#10257 = ADVANCED_FACE('',(#10258),#10264,.T.);
#10258 = FACE_BOUND('',#10259,.T.);
#10259 = EDGE_LOOP('',(#10260,#10261,#10262,#10263));
#10260 = ORIENTED_EDGE('',*,*,#9565,.T.);
#10261 = ORIENTED_EDGE('',*,*,#9589,.F.);
#10262 = ORIENTED_EDGE('',*,*,#9551,.T.);
#10263 = ORIENTED_EDGE('',*,*,#9515,.T.);
#10264 = B_SPLINE_SURFACE_WITH_KNOTS('',1,1,(
    (#10265,#10266)
    ,(#10267,#10268
    )),.UNSPECIFIED.,.F.,.F.,.F.,(2,2),(2,2),(3.375672977653E-04,0.5),(
    0.,0.437624170606),.PIECEWISE_BEZIER_KNOTS.);
#10265 = CARTESIAN_POINT('',(-0.367339195728,-0.670821283346,1.512));
#10266 = CARTESIAN_POINT('',(-0.536118832467,-0.871965021786,1.512));
#10267 = CARTESIAN_POINT('',(-0.596997373733,-0.478115190886,1.512));
#10268 = CARTESIAN_POINT('',(-0.765777010471,-0.679258929326,1.512));
#10269 = ADVANCED_FACE('',(#10270),#10276,.T.);
#10270 = FACE_BOUND('',#10271,.T.);
#10271 = EDGE_LOOP('',(#10272,#10273,#10274,#10275));
#10272 = ORIENTED_EDGE('',*,*,#9653,.T.);
#10273 = ORIENTED_EDGE('',*,*,#9677,.F.);
#10274 = ORIENTED_EDGE('',*,*,#9639,.T.);
#10275 = ORIENTED_EDGE('',*,*,#9603,.T.);
#10276 = B_SPLINE_SURFACE_WITH_KNOTS('',1,1,(
    (#10277,#10278)
    ,(#10279,#10280
    )),.UNSPECIFIED.,.F.,.F.,.F.,(2,2),(2,2),(3.37567297E-04,0.5),(
    -2.076394611805E-13,0.437624170605),.PIECEWISE_BEZIER_KNOTS.);
#10277 = CARTESIAN_POINT('',(0.75,0.149797459622,1.512));
#10278 = CARTESIAN_POINT('',(1.012574502363,0.149797459622,1.512));
#10279 = CARTESIAN_POINT('',(0.75,-0.15,1.512));
#10280 = CARTESIAN_POINT('',(1.012574502363,-0.15,1.512));
#10281 = ADVANCED_FACE('',(#10282),#10288,.T.);
#10282 = FACE_BOUND('',#10283,.T.);
#10283 = EDGE_LOOP('',(#10284,#10285,#10286,#10287));
#10284 = ORIENTED_EDGE('',*,*,#9741,.T.);
#10285 = ORIENTED_EDGE('',*,*,#9765,.F.);
#10286 = ORIENTED_EDGE('',*,*,#9727,.T.);
#10287 = ORIENTED_EDGE('',*,*,#9691,.T.);
#10288 = B_SPLINE_SURFACE_WITH_KNOTS('',1,1,(
    (#10289,#10290)
    ,(#10291,#10292
    )),.UNSPECIFIED.,.F.,.F.,.F.,(2,2),(2,2),(3.37567297E-04,0.5),(
    -2.076394611805E-13,0.437624170605),.PIECEWISE_BEZIER_KNOTS.);
#10289 = CARTESIAN_POINT('',(-0.75,-0.149797459622,1.512));
#10290 = CARTESIAN_POINT('',(-1.012574502363,-0.149797459622,1.512));
#10291 = CARTESIAN_POINT('',(-0.75,0.15,1.512));
#10292 = CARTESIAN_POINT('',(-1.012574502363,0.15,1.512));
#10293 = ADVANCED_FACE('',(#10294),#10305,.T.);
#10294 = FACE_BOUND('',#10295,.T.);
#10295 = EDGE_LOOP('',(#10296,#10297,#10303,#10304));
#10296 = ORIENTED_EDGE('',*,*,#9921,.T.);
#10297 = ORIENTED_EDGE('',*,*,#10298,.T.);
#10298 = EDGE_CURVE('',#9922,#9847,#10299,.T.);
#10299 = ( BOUNDED_CURVE() B_SPLINE_CURVE(2,(#10300,#10301,#10302),
.UNSPECIFIED.,.F.,.F.) B_SPLINE_CURVE_WITH_KNOTS((3,3),(3.14159265359,
4.712388980385),.PIECEWISE_BEZIER_KNOTS.) CURVE() 
GEOMETRIC_REPRESENTATION_ITEM() RATIONAL_B_SPLINE_CURVE((1.,
0.707106781187,1.)) REPRESENTATION_ITEM('') );
#10300 = CARTESIAN_POINT('',(-1.35,-1.32,0.3));
#10301 = CARTESIAN_POINT('',(-1.35,-1.35,0.3));
#10302 = CARTESIAN_POINT('',(-1.32,-1.35,0.3));
#10303 = ORIENTED_EDGE('',*,*,#9846,.F.);
#10304 = ORIENTED_EDGE('',*,*,#9780,.F.);
#10305 = ( BOUNDED_SURFACE() B_SPLINE_SURFACE(2,1,(
    (#10306,#10307)
    ,(#10308,#10309)
    ,(#10310,#10311
)),.UNSPECIFIED.,.F.,.F.,.F.) B_SPLINE_SURFACE_WITH_KNOTS((3,3),(2,2),(
    4.712388980385,6.28318530718),(0.,1.9),.PIECEWISE_BEZIER_KNOTS.) 
GEOMETRIC_REPRESENTATION_ITEM() RATIONAL_B_SPLINE_SURFACE((
    (1.,1.)
    ,(0.707106781187,0.707106781187)
,(1.,1.))) REPRESENTATION_ITEM('') SURFACE() );
#10306 = CARTESIAN_POINT('',(-1.32,-1.35,1.44));
#10307 = CARTESIAN_POINT('',(-1.32,-1.35,0.3));
#10308 = CARTESIAN_POINT('',(-1.35,-1.35,1.44));
#10309 = CARTESIAN_POINT('',(-1.35,-1.35,0.3));
#10310 = CARTESIAN_POINT('',(-1.35,-1.32,1.44));
#10311 = CARTESIAN_POINT('',(-1.35,-1.32,0.3));
#10312 = ADVANCED_FACE('',(#10313,#10329),#10359,.T.);
#10313 = FACE_BOUND('',#10314,.T.);
#10314 = EDGE_LOOP('',(#10315,#10322,#10327,#10328));
#10315 = ORIENTED_EDGE('',*,*,#10316,.F.);
#10316 = EDGE_CURVE('',#10317,#9854,#10319,.T.);
#10317 = VERTEX_POINT('',#10318);
#10318 = CARTESIAN_POINT('',(1.29,-1.35,0.3));
#10319 = B_SPLINE_CURVE_WITH_KNOTS('',1,(#10320,#10321),.UNSPECIFIED.,
  .F.,.F.,(2,2),(0.1,4.4),.PIECEWISE_BEZIER_KNOTS.);
#10320 = CARTESIAN_POINT('',(1.29,-1.35,0.3));
#10321 = CARTESIAN_POINT('',(-1.29,-1.35,0.3));
#10322 = ORIENTED_EDGE('',*,*,#10323,.T.);
#10323 = EDGE_CURVE('',#10317,#9800,#10324,.T.);
#10324 = B_SPLINE_CURVE_WITH_KNOTS('',1,(#10325,#10326),.UNSPECIFIED.,
  .F.,.F.,(2,2),(0.,1.9),.PIECEWISE_BEZIER_KNOTS.);
#10325 = CARTESIAN_POINT('',(1.29,-1.35,0.3));
#10326 = CARTESIAN_POINT('',(1.29,-1.35,1.44));
#10327 = ORIENTED_EDGE('',*,*,#9799,.T.);
#10328 = ORIENTED_EDGE('',*,*,#9860,.F.);
#10329 = FACE_BOUND('',#10330,.T.);
#10330 = EDGE_LOOP('',(#10331,#10340,#10347,#10354));
#10331 = ORIENTED_EDGE('',*,*,#10332,.F.);
#10332 = EDGE_CURVE('',#10333,#10335,#10337,.T.);
#10333 = VERTEX_POINT('',#10334);
#10334 = CARTESIAN_POINT('',(-0.18,-1.35,0.591961524227));
#10335 = VERTEX_POINT('',#10336);
#10336 = CARTESIAN_POINT('',(0.18,-1.35,0.591961524227));
#10337 = B_SPLINE_CURVE_WITH_KNOTS('',1,(#10338,#10339),.UNSPECIFIED.,
  .F.,.F.,(2,2),(-0.6,0.),.PIECEWISE_BEZIER_KNOTS.);
#10338 = CARTESIAN_POINT('',(-0.18,-1.35,0.591961524227));
#10339 = CARTESIAN_POINT('',(0.18,-1.35,0.591961524227));
#10340 = ORIENTED_EDGE('',*,*,#10341,.F.);
#10341 = EDGE_CURVE('',#10342,#10333,#10344,.T.);
#10342 = VERTEX_POINT('',#10343);
#10343 = CARTESIAN_POINT('',(-0.18,-1.35,0.72));
#10344 = B_SPLINE_CURVE_WITH_KNOTS('',1,(#10345,#10346),.UNSPECIFIED.,
  .F.,.F.,(2,2),(-0.902268941751,-0.688871482129),
  .PIECEWISE_BEZIER_KNOTS.);
#10345 = CARTESIAN_POINT('',(-0.18,-1.35,0.72));
#10346 = CARTESIAN_POINT('',(-0.18,-1.35,0.591961524227));
#10347 = ORIENTED_EDGE('',*,*,#10348,.T.);
#10348 = EDGE_CURVE('',#10342,#10349,#10351,.T.);
#10349 = VERTEX_POINT('',#10350);
#10350 = CARTESIAN_POINT('',(0.18,-1.35,0.72));
#10351 = B_SPLINE_CURVE_WITH_KNOTS('',1,(#10352,#10353),.UNSPECIFIED.,
  .F.,.F.,(2,2),(-1.575,-0.975),.PIECEWISE_BEZIER_KNOTS.);
#10352 = CARTESIAN_POINT('',(-0.18,-1.35,0.72));
#10353 = CARTESIAN_POINT('',(0.18,-1.35,0.72));
#10354 = ORIENTED_EDGE('',*,*,#10355,.T.);
#10355 = EDGE_CURVE('',#10349,#10335,#10356,.T.);
#10356 = B_SPLINE_CURVE_WITH_KNOTS('',1,(#10357,#10358),.UNSPECIFIED.,
  .F.,.F.,(2,2),(-0.902268941751,-0.688871482129),
  .PIECEWISE_BEZIER_KNOTS.);
#10357 = CARTESIAN_POINT('',(0.18,-1.35,0.72));
#10358 = CARTESIAN_POINT('',(0.18,-1.35,0.591961524227));
#10359 = B_SPLINE_SURFACE_WITH_KNOTS('',1,1,(
    (#10360,#10361)
    ,(#10362,#10363
    )),.UNSPECIFIED.,.F.,.F.,.F.,(2,2),(2,2),(0.1,4.4),(-2.4,-0.5),
  .PIECEWISE_BEZIER_KNOTS.);
#10360 = CARTESIAN_POINT('',(1.29,-1.35,1.44));
#10361 = CARTESIAN_POINT('',(1.29,-1.35,0.3));
#10362 = CARTESIAN_POINT('',(-1.29,-1.35,1.44));
#10363 = CARTESIAN_POINT('',(-1.29,-1.35,0.3));
#10364 = ADVANCED_FACE('',(#10365),#10381,.T.);
#10365 = FACE_BOUND('',#10366,.T.);
#10366 = EDGE_LOOP('',(#10367,#10368,#10375,#10380));
#10367 = ORIENTED_EDGE('',*,*,#9806,.F.);
#10368 = ORIENTED_EDGE('',*,*,#10369,.T.);
#10369 = EDGE_CURVE('',#9800,#10370,#10372,.T.);
#10370 = VERTEX_POINT('',#10371);
#10371 = CARTESIAN_POINT('',(1.32,-1.35,1.44));
#10372 = B_SPLINE_CURVE_WITH_KNOTS('',1,(#10373,#10374),.UNSPECIFIED.,
  .F.,.F.,(2,2),(4.4,4.45),.PIECEWISE_BEZIER_KNOTS.);
#10373 = CARTESIAN_POINT('',(1.29,-1.35,1.44));
#10374 = CARTESIAN_POINT('',(1.32,-1.35,1.44));
#10375 = ORIENTED_EDGE('',*,*,#10376,.F.);
#10376 = EDGE_CURVE('',#9822,#10370,#10377,.T.);
#10377 = B_SPLINE_CURVE_WITH_KNOTS('',1,(#10378,#10379),.UNSPECIFIED.,
  .F.,.F.,(2,2),(0.,5.E-02),.PIECEWISE_BEZIER_KNOTS.);
#10378 = CARTESIAN_POINT('',(1.32,-1.35,1.47));
#10379 = CARTESIAN_POINT('',(1.32,-1.35,1.44));
#10380 = ORIENTED_EDGE('',*,*,#9821,.F.);
#10381 = B_SPLINE_SURFACE_WITH_KNOTS('',1,1,(
    (#10382,#10383)
    ,(#10384,#10385
  )),.UNSPECIFIED.,.F.,.F.,.F.,(2,2),(2,2),(0.,5.E-02),(-4.45,-4.4),
  .PIECEWISE_BEZIER_KNOTS.);
#10382 = CARTESIAN_POINT('',(1.32,-1.35,1.44));
#10383 = CARTESIAN_POINT('',(1.29,-1.35,1.44));
#10384 = CARTESIAN_POINT('',(1.32,-1.35,1.47));
#10385 = CARTESIAN_POINT('',(1.29,-1.35,1.47));
#10386 = ADVANCED_FACE('',(#10387),#10397,.T.);
#10387 = FACE_BOUND('',#10388,.T.);
#10388 = EDGE_LOOP('',(#10389,#10395,#10396));
#10389 = ORIENTED_EDGE('',*,*,#10390,.F.);
#10390 = EDGE_CURVE('',#9988,#9822,#10391,.T.);
#10391 = ( BOUNDED_CURVE() B_SPLINE_CURVE(2,(#10392,#10393,#10394),
.UNSPECIFIED.,.F.,.F.) B_SPLINE_CURVE_WITH_KNOTS((3,3),(0.,
1.570796326795),.PIECEWISE_BEZIER_KNOTS.) CURVE() 
GEOMETRIC_REPRESENTATION_ITEM() RATIONAL_B_SPLINE_CURVE((1.,
0.707106781187,1.)) REPRESENTATION_ITEM('') );
#10392 = CARTESIAN_POINT('',(1.35,-1.32,1.47));
#10393 = CARTESIAN_POINT('',(1.35,-1.35,1.47));
#10394 = CARTESIAN_POINT('',(1.32,-1.35,1.47));
#10395 = ORIENTED_EDGE('',*,*,#9987,.F.);
#10396 = ORIENTED_EDGE('',*,*,#9828,.T.);
#10397 = ( BOUNDED_SURFACE() B_SPLINE_SURFACE(2,2,(
    (#10398,#10399,#10400)
    ,(#10401,#10402,#10403)
    ,(#10404,#10405,#10406
)),.UNSPECIFIED.,.F.,.F.,.F.) B_SPLINE_SURFACE_WITH_KNOTS((3,3),(3,3),(
    4.712388980385,6.28318530718),(0.,1.570796326795),
.PIECEWISE_BEZIER_KNOTS.) GEOMETRIC_REPRESENTATION_ITEM() 
RATIONAL_B_SPLINE_SURFACE((
    (1.,0.707106781187,1.)
    ,(0.707106781187,0.5,0.707106781187)
,(1.,0.707106781187,1.))) REPRESENTATION_ITEM('') SURFACE() );
#10398 = CARTESIAN_POINT('',(1.35,-1.32,1.47));
#10399 = CARTESIAN_POINT('',(1.35,-1.35,1.47));
#10400 = CARTESIAN_POINT('',(1.32,-1.35,1.47));
#10401 = CARTESIAN_POINT('',(1.35,-1.32,1.5));
#10402 = CARTESIAN_POINT('',(1.35,-1.35,1.5));
#10403 = CARTESIAN_POINT('',(1.32,-1.35,1.47));
#10404 = CARTESIAN_POINT('',(1.32,-1.32,1.5));
#10405 = CARTESIAN_POINT('',(1.32,-1.35,1.5));
#10406 = CARTESIAN_POINT('',(1.32,-1.35,1.47));
#10407 = ADVANCED_FACE('',(#10408),#10454,.T.);
#10408 = FACE_BOUND('',#10409,.T.);
#10409 = EDGE_LOOP('',(#10410,#10419,#10424,#10425,#10426,#10433,#10441,
    #10448));
#10410 = ORIENTED_EDGE('',*,*,#10411,.F.);
#10411 = EDGE_CURVE('',#10412,#10414,#10416,.T.);
#10412 = VERTEX_POINT('',#10413);
#10413 = CARTESIAN_POINT('',(1.32,-1.35,0.3));
#10414 = VERTEX_POINT('',#10415);
#10415 = CARTESIAN_POINT('',(1.35,-1.35,0.3));
#10416 = B_SPLINE_CURVE_WITH_KNOTS('',1,(#10417,#10418),.UNSPECIFIED.,
  .F.,.F.,(2,2),(5.E-02,0.1),.PIECEWISE_BEZIER_KNOTS.);
#10417 = CARTESIAN_POINT('',(1.32,-1.35,0.3));
#10418 = CARTESIAN_POINT('',(1.35,-1.35,0.3));
#10419 = ORIENTED_EDGE('',*,*,#10420,.F.);
#10420 = EDGE_CURVE('',#10317,#10412,#10421,.T.);
#10421 = B_SPLINE_CURVE_WITH_KNOTS('',1,(#10422,#10423),.UNSPECIFIED.,
  .F.,.F.,(2,2),(0.,5.E-02),.PIECEWISE_BEZIER_KNOTS.);
#10422 = CARTESIAN_POINT('',(1.29,-1.35,0.3));
#10423 = CARTESIAN_POINT('',(1.32,-1.35,0.3));
#10424 = ORIENTED_EDGE('',*,*,#10316,.T.);
#10425 = ORIENTED_EDGE('',*,*,#9853,.F.);
#10426 = ORIENTED_EDGE('',*,*,#10427,.F.);
#10427 = EDGE_CURVE('',#10428,#9847,#10430,.T.);
#10428 = VERTEX_POINT('',#10429);
#10429 = CARTESIAN_POINT('',(-1.35,-1.35,0.3));
#10430 = B_SPLINE_CURVE_WITH_KNOTS('',1,(#10431,#10432),.UNSPECIFIED.,
  .F.,.F.,(2,2),(0.,5.E-02),.PIECEWISE_BEZIER_KNOTS.);
#10431 = CARTESIAN_POINT('',(-1.35,-1.35,0.3));
#10432 = CARTESIAN_POINT('',(-1.32,-1.35,0.3));
#10433 = ORIENTED_EDGE('',*,*,#10434,.T.);
#10434 = EDGE_CURVE('',#10428,#10435,#10437,.T.);
#10435 = VERTEX_POINT('',#10436);
#10436 = CARTESIAN_POINT('',(-1.35,-1.05,0.));
#10437 = ( BOUNDED_CURVE() B_SPLINE_CURVE(2,(#10438,#10439,#10440),
.UNSPECIFIED.,.F.,.F.) B_SPLINE_CURVE_WITH_KNOTS((3,3),(4.712388980385,
6.28318530718),.PIECEWISE_BEZIER_KNOTS.) CURVE() 
GEOMETRIC_REPRESENTATION_ITEM() RATIONAL_B_SPLINE_CURVE((1.,
0.707106781187,1.)) REPRESENTATION_ITEM('') );
#10438 = CARTESIAN_POINT('',(-1.35,-1.35,0.3));
#10439 = CARTESIAN_POINT('',(-1.35,-1.35,9.992007221626E-17));
#10440 = CARTESIAN_POINT('',(-1.35,-1.05,0.));
#10441 = ORIENTED_EDGE('',*,*,#10442,.F.);
#10442 = EDGE_CURVE('',#10443,#10435,#10445,.T.);
#10443 = VERTEX_POINT('',#10444);
#10444 = CARTESIAN_POINT('',(1.35,-1.05,0.));
#10445 = B_SPLINE_CURVE_WITH_KNOTS('',1,(#10446,#10447),.UNSPECIFIED.,
  .F.,.F.,(2,2),(0.,4.5),.PIECEWISE_BEZIER_KNOTS.);
#10446 = CARTESIAN_POINT('',(1.35,-1.05,-6.6E-17));
#10447 = CARTESIAN_POINT('',(-1.35,-1.05,-6.6E-17));
#10448 = ORIENTED_EDGE('',*,*,#10449,.F.);
#10449 = EDGE_CURVE('',#10414,#10443,#10450,.T.);
#10450 = ( BOUNDED_CURVE() B_SPLINE_CURVE(2,(#10451,#10452,#10453),
.UNSPECIFIED.,.F.,.F.) B_SPLINE_CURVE_WITH_KNOTS((3,3),(4.712388980385,
6.28318530718),.PIECEWISE_BEZIER_KNOTS.) CURVE() 
GEOMETRIC_REPRESENTATION_ITEM() RATIONAL_B_SPLINE_CURVE((1.,
0.707106781187,1.)) REPRESENTATION_ITEM('') );
#10451 = CARTESIAN_POINT('',(1.35,-1.35,0.3));
#10452 = CARTESIAN_POINT('',(1.35,-1.35,9.992007221626E-17));
#10453 = CARTESIAN_POINT('',(1.35,-1.05,0.));
#10454 = ( BOUNDED_SURFACE() B_SPLINE_SURFACE(2,1,(
    (#10455,#10456)
    ,(#10457,#10458)
    ,(#10459,#10460
)),.UNSPECIFIED.,.F.,.F.,.F.) B_SPLINE_SURFACE_WITH_KNOTS((3,3),(2,2),(
    4.712388980385,6.28318530718),(0.,4.5),.PIECEWISE_BEZIER_KNOTS.) 
GEOMETRIC_REPRESENTATION_ITEM() RATIONAL_B_SPLINE_SURFACE((
    (1.,1.)
    ,(0.707106781187,0.707106781187)
,(1.,1.))) REPRESENTATION_ITEM('') SURFACE() );
#10455 = CARTESIAN_POINT('',(1.35,-1.05,0.));
#10456 = CARTESIAN_POINT('',(-1.35,-1.05,0.));
#10457 = CARTESIAN_POINT('',(1.35,-1.35,-6.661338147751E-17));
#10458 = CARTESIAN_POINT('',(-1.35,-1.35,-6.661338147751E-17));
#10459 = CARTESIAN_POINT('',(1.35,-1.35,0.3));
#10460 = CARTESIAN_POINT('',(-1.35,-1.35,0.3));
#10461 = ADVANCED_FACE('',(#10462),#10472,.T.);
#10462 = FACE_BOUND('',#10463,.T.);
#10463 = EDGE_LOOP('',(#10464,#10470,#10471));
#10464 = ORIENTED_EDGE('',*,*,#10465,.F.);
#10465 = EDGE_CURVE('',#9874,#9963,#10466,.T.);
#10466 = ( BOUNDED_CURVE() B_SPLINE_CURVE(2,(#10467,#10468,#10469),
.UNSPECIFIED.,.F.,.F.) B_SPLINE_CURVE_WITH_KNOTS((3,3),(0.,
1.570796326795),.PIECEWISE_BEZIER_KNOTS.) CURVE() 
GEOMETRIC_REPRESENTATION_ITEM() RATIONAL_B_SPLINE_CURVE((1.,
0.707106781187,1.)) REPRESENTATION_ITEM('') );
#10467 = CARTESIAN_POINT('',(-1.35,1.32,1.47));
#10468 = CARTESIAN_POINT('',(-1.35,1.35,1.47));
#10469 = CARTESIAN_POINT('',(-1.32,1.35,1.47));
#10470 = ORIENTED_EDGE('',*,*,#9882,.T.);
#10471 = ORIENTED_EDGE('',*,*,#9969,.F.);
#10472 = ( BOUNDED_SURFACE() B_SPLINE_SURFACE(2,2,(
    (#10473,#10474,#10475)
    ,(#10476,#10477,#10478)
    ,(#10479,#10480,#10481
)),.UNSPECIFIED.,.F.,.F.,.F.) B_SPLINE_SURFACE_WITH_KNOTS((3,3),(3,3),(
    0.,1.570796326795),(-1.570796326795,0.),.PIECEWISE_BEZIER_KNOTS.) 
GEOMETRIC_REPRESENTATION_ITEM() RATIONAL_B_SPLINE_SURFACE((
    (1.,0.707106781187,1.)
    ,(0.707106781187,0.5,0.707106781187)
,(1.,0.707106781187,1.))) REPRESENTATION_ITEM('') SURFACE() );
#10473 = CARTESIAN_POINT('',(-1.35,1.32,1.47));
#10474 = CARTESIAN_POINT('',(-1.35,1.35,1.47));
#10475 = CARTESIAN_POINT('',(-1.32,1.35,1.47));
#10476 = CARTESIAN_POINT('',(-1.35,1.32,1.47));
#10477 = CARTESIAN_POINT('',(-1.35,1.35,1.5));
#10478 = CARTESIAN_POINT('',(-1.32,1.35,1.5));
#10479 = CARTESIAN_POINT('',(-1.35,1.32,1.47));
#10480 = CARTESIAN_POINT('',(-1.35,1.32,1.5));
#10481 = CARTESIAN_POINT('',(-1.32,1.32,1.5));
#10482 = ADVANCED_FACE('',(#10483),#10499,.F.);
#10483 = FACE_BOUND('',#10484,.F.);
#10484 = EDGE_LOOP('',(#10485,#10486,#10493,#10498));
#10485 = ORIENTED_EDGE('',*,*,#9906,.F.);
#10486 = ORIENTED_EDGE('',*,*,#10487,.F.);
#10487 = EDGE_CURVE('',#10488,#9900,#10490,.T.);
#10488 = VERTEX_POINT('',#10489);
#10489 = CARTESIAN_POINT('',(-1.35,1.32,1.44));
#10490 = B_SPLINE_CURVE_WITH_KNOTS('',1,(#10491,#10492),.UNSPECIFIED.,
  .F.,.F.,(2,2),(5.E-02,1.2),.PIECEWISE_BEZIER_KNOTS.);
#10491 = CARTESIAN_POINT('',(-1.35,1.32,1.44));
#10492 = CARTESIAN_POINT('',(-1.35,0.63,1.44));
#10493 = ORIENTED_EDGE('',*,*,#10494,.T.);
#10494 = EDGE_CURVE('',#10488,#9874,#10495,.T.);
#10495 = B_SPLINE_CURVE_WITH_KNOTS('',1,(#10496,#10497),.UNSPECIFIED.,
  .F.,.F.,(2,2),(0.,5.E-02),.PIECEWISE_BEZIER_KNOTS.);
#10496 = CARTESIAN_POINT('',(-1.35,1.32,1.44));
#10497 = CARTESIAN_POINT('',(-1.35,1.32,1.47));
#10498 = ORIENTED_EDGE('',*,*,#9873,.T.);
#10499 = B_SPLINE_SURFACE_WITH_KNOTS('',1,1,(
    (#10500,#10501)
    ,(#10502,#10503
  )),.UNSPECIFIED.,.F.,.F.,.F.,(2,2),(2,2),(0.,5.E-02),(5.E-02,1.2),
  .PIECEWISE_BEZIER_KNOTS.);
#10500 = CARTESIAN_POINT('',(-1.35,1.32,1.44));
#10501 = CARTESIAN_POINT('',(-1.35,0.63,1.44));
#10502 = CARTESIAN_POINT('',(-1.35,1.32,1.47));
#10503 = CARTESIAN_POINT('',(-1.35,0.63,1.47));
#10504 = ADVANCED_FACE('',(#10505),#10521,.T.);
#10505 = FACE_BOUND('',#10506,.T.);
#10506 = EDGE_LOOP('',(#10507,#10514,#10515,#10516));
#10507 = ORIENTED_EDGE('',*,*,#10508,.F.);
#10508 = EDGE_CURVE('',#9943,#10509,#10511,.T.);
#10509 = VERTEX_POINT('',#10510);
#10510 = CARTESIAN_POINT('',(-1.35,0.63,0.36));
#10511 = B_SPLINE_CURVE_WITH_KNOTS('',1,(#10512,#10513),.UNSPECIFIED.,
  .F.,.F.,(2,2),(-0.925,1.175),.PIECEWISE_BEZIER_KNOTS.);
#10512 = CARTESIAN_POINT('',(-1.35,-0.63,0.36));
#10513 = CARTESIAN_POINT('',(-1.35,0.63,0.36));
#10514 = ORIENTED_EDGE('',*,*,#9949,.T.);
#10515 = ORIENTED_EDGE('',*,*,#9899,.T.);
#10516 = ORIENTED_EDGE('',*,*,#10517,.F.);
#10517 = EDGE_CURVE('',#10509,#9900,#10518,.T.);
#10518 = B_SPLINE_CURVE_WITH_KNOTS('',1,(#10519,#10520),.UNSPECIFIED.,
  .F.,.F.,(2,2),(1.E-01,1.9),.PIECEWISE_BEZIER_KNOTS.);
#10519 = CARTESIAN_POINT('',(-1.35,0.63,0.36));
#10520 = CARTESIAN_POINT('',(-1.35,0.63,1.44));
#10521 = B_SPLINE_SURFACE_WITH_KNOTS('',1,1,(
    (#10522,#10523)
    ,(#10524,#10525
    )),.UNSPECIFIED.,.F.,.F.,.F.,(2,2),(2,2),(1.2,3.3),(-2.4,-0.6),
  .PIECEWISE_BEZIER_KNOTS.);
#10522 = CARTESIAN_POINT('',(-1.35,-0.63,1.44));
#10523 = CARTESIAN_POINT('',(-1.35,-0.63,0.36));
#10524 = CARTESIAN_POINT('',(-1.35,0.63,1.44));
#10525 = CARTESIAN_POINT('',(-1.35,0.63,0.36));
#10526 = ADVANCED_FACE('',(#10527),#10549,.F.);
#10527 = FACE_BOUND('',#10528,.F.);
#10528 = EDGE_LOOP('',(#10529,#10530,#10537,#10544));
#10529 = ORIENTED_EDGE('',*,*,#9942,.F.);
#10530 = ORIENTED_EDGE('',*,*,#10531,.T.);
#10531 = EDGE_CURVE('',#9936,#10532,#10534,.T.);
#10532 = VERTEX_POINT('',#10533);
#10533 = CARTESIAN_POINT('',(-1.29,-0.63,0.3));
#10534 = B_SPLINE_CURVE_WITH_KNOTS('',1,(#10535,#10536),.UNSPECIFIED.,
  .F.,.F.,(2,2),(0.,0.1),.PIECEWISE_BEZIER_KNOTS.);
#10535 = CARTESIAN_POINT('',(-1.35,-0.63,0.3));
#10536 = CARTESIAN_POINT('',(-1.29,-0.63,0.3));
#10537 = ORIENTED_EDGE('',*,*,#10538,.T.);
#10538 = EDGE_CURVE('',#10532,#10539,#10541,.T.);
#10539 = VERTEX_POINT('',#10540);
#10540 = CARTESIAN_POINT('',(-1.29,-0.63,0.36));
#10541 = B_SPLINE_CURVE_WITH_KNOTS('',1,(#10542,#10543),.UNSPECIFIED.,
  .F.,.F.,(2,2),(0.,1.E-01),.PIECEWISE_BEZIER_KNOTS.);
#10542 = CARTESIAN_POINT('',(-1.29,-0.63,0.3));
#10543 = CARTESIAN_POINT('',(-1.29,-0.63,0.36));
#10544 = ORIENTED_EDGE('',*,*,#10545,.T.);
#10545 = EDGE_CURVE('',#10539,#9943,#10546,.T.);
#10546 = B_SPLINE_CURVE_WITH_KNOTS('',1,(#10547,#10548),.UNSPECIFIED.,
  .F.,.F.,(2,2),(-0.225,-0.125),.PIECEWISE_BEZIER_KNOTS.);
#10547 = CARTESIAN_POINT('',(-1.29,-0.63,0.36));
#10548 = CARTESIAN_POINT('',(-1.35,-0.63,0.36));
#10549 = B_SPLINE_SURFACE_WITH_KNOTS('',1,1,(
    (#10550,#10551)
    ,(#10552,#10553
  )),.UNSPECIFIED.,.F.,.F.,.F.,(2,2),(2,2),(0.,1.E-01),(-0.1,0.),
  .PIECEWISE_BEZIER_KNOTS.);
#10550 = CARTESIAN_POINT('',(-1.29,-0.63,0.3));
#10551 = CARTESIAN_POINT('',(-1.35,-0.63,0.3));
#10552 = CARTESIAN_POINT('',(-1.29,-0.63,0.36));
#10553 = CARTESIAN_POINT('',(-1.35,-0.63,0.36));
#10554 = ADVANCED_FACE('',(#10555),#10614,.T.);
#10555 = FACE_BOUND('',#10556,.T.);
#10556 = EDGE_LOOP('',(#10557,#10558,#10566,#10573,#10581,#10588,#10595,
    #10603,#10608,#10609));
#10557 = ORIENTED_EDGE('',*,*,#9928,.F.);
#10558 = ORIENTED_EDGE('',*,*,#10559,.T.);
#10559 = EDGE_CURVE('',#9929,#10560,#10562,.T.);
#10560 = VERTEX_POINT('',#10561);
#10561 = CARTESIAN_POINT('',(-1.35,-1.14,0.18));
#10562 = ( BOUNDED_CURVE() B_SPLINE_CURVE(2,(#10563,#10564,#10565),
.UNSPECIFIED.,.F.,.F.) B_SPLINE_CURVE_WITH_KNOTS((3,3),(0.,
1.570796326795),.PIECEWISE_BEZIER_KNOTS.) CURVE() 
GEOMETRIC_REPRESENTATION_ITEM() RATIONAL_B_SPLINE_CURVE((1.,
0.707106781187,1.)) REPRESENTATION_ITEM('') );
#10563 = CARTESIAN_POINT('',(-1.35,-1.26,0.3));
#10564 = CARTESIAN_POINT('',(-1.35,-1.26,0.18));
#10565 = CARTESIAN_POINT('',(-1.35,-1.14,0.18));
#10566 = ORIENTED_EDGE('',*,*,#10567,.T.);
#10567 = EDGE_CURVE('',#10560,#10568,#10570,.T.);
#10568 = VERTEX_POINT('',#10569);
#10569 = CARTESIAN_POINT('',(-1.35,1.14,0.18));
#10570 = B_SPLINE_CURVE_WITH_KNOTS('',1,(#10571,#10572),.UNSPECIFIED.,
  .F.,.F.,(2,2),(0.,3.8),.PIECEWISE_BEZIER_KNOTS.);
#10571 = CARTESIAN_POINT('',(-1.35,-1.14,0.18));
#10572 = CARTESIAN_POINT('',(-1.35,1.14,0.18));
#10573 = ORIENTED_EDGE('',*,*,#10574,.T.);
#10574 = EDGE_CURVE('',#10568,#10575,#10577,.T.);
#10575 = VERTEX_POINT('',#10576);
#10576 = CARTESIAN_POINT('',(-1.35,1.26,0.3));
#10577 = ( BOUNDED_CURVE() B_SPLINE_CURVE(2,(#10578,#10579,#10580),
.UNSPECIFIED.,.F.,.F.) B_SPLINE_CURVE_WITH_KNOTS((3,3),(0.,
1.570796326795),.PIECEWISE_BEZIER_KNOTS.) CURVE() 
GEOMETRIC_REPRESENTATION_ITEM() RATIONAL_B_SPLINE_CURVE((1.,
0.707106781187,1.)) REPRESENTATION_ITEM('') );
#10578 = CARTESIAN_POINT('',(-1.35,1.14,0.18));
#10579 = CARTESIAN_POINT('',(-1.35,1.26,0.18));
#10580 = CARTESIAN_POINT('',(-1.35,1.26,0.3));
#10581 = ORIENTED_EDGE('',*,*,#10582,.F.);
#10582 = EDGE_CURVE('',#10583,#10575,#10585,.T.);
#10583 = VERTEX_POINT('',#10584);
#10584 = CARTESIAN_POINT('',(-1.35,1.32,0.3));
#10585 = B_SPLINE_CURVE_WITH_KNOTS('',1,(#10586,#10587),.UNSPECIFIED.,
  .F.,.F.,(2,2),(5.E-02,0.15),.PIECEWISE_BEZIER_KNOTS.);
#10586 = CARTESIAN_POINT('',(-1.35,1.32,0.3));
#10587 = CARTESIAN_POINT('',(-1.35,1.26,0.3));
#10588 = ORIENTED_EDGE('',*,*,#10589,.F.);
#10589 = EDGE_CURVE('',#10590,#10583,#10592,.T.);
#10590 = VERTEX_POINT('',#10591);
#10591 = CARTESIAN_POINT('',(-1.35,1.35,0.3));
#10592 = B_SPLINE_CURVE_WITH_KNOTS('',1,(#10593,#10594),.UNSPECIFIED.,
  .F.,.F.,(2,2),(0.,5.E-02),.PIECEWISE_BEZIER_KNOTS.);
#10593 = CARTESIAN_POINT('',(-1.35,1.35,0.3));
#10594 = CARTESIAN_POINT('',(-1.35,1.32,0.3));
#10595 = ORIENTED_EDGE('',*,*,#10596,.T.);
#10596 = EDGE_CURVE('',#10590,#10597,#10599,.T.);
#10597 = VERTEX_POINT('',#10598);
#10598 = CARTESIAN_POINT('',(-1.35,1.05,0.));
#10599 = ( BOUNDED_CURVE() B_SPLINE_CURVE(2,(#10600,#10601,#10602),
.UNSPECIFIED.,.F.,.F.) B_SPLINE_CURVE_WITH_KNOTS((3,3),(1.570796326795,
3.14159265359),.PIECEWISE_BEZIER_KNOTS.) CURVE() 
GEOMETRIC_REPRESENTATION_ITEM() RATIONAL_B_SPLINE_CURVE((1.,
0.707106781187,1.)) REPRESENTATION_ITEM('') );
#10600 = CARTESIAN_POINT('',(-1.35,1.35,0.3));
#10601 = CARTESIAN_POINT('',(-1.35,1.35,6.661338147751E-17));
#10602 = CARTESIAN_POINT('',(-1.35,1.05,0.));
#10603 = ORIENTED_EDGE('',*,*,#10604,.F.);
#10604 = EDGE_CURVE('',#10435,#10597,#10605,.T.);
#10605 = B_SPLINE_CURVE_WITH_KNOTS('',1,(#10606,#10607),.UNSPECIFIED.,
  .F.,.F.,(2,2),(0.5,4.),.PIECEWISE_BEZIER_KNOTS.);
#10606 = CARTESIAN_POINT('',(-1.35,-1.05,0.));
#10607 = CARTESIAN_POINT('',(-1.35,1.05,0.));
#10608 = ORIENTED_EDGE('',*,*,#10434,.F.);
#10609 = ORIENTED_EDGE('',*,*,#10610,.F.);
#10610 = EDGE_CURVE('',#9922,#10428,#10611,.T.);
#10611 = B_SPLINE_CURVE_WITH_KNOTS('',1,(#10612,#10613),.UNSPECIFIED.,
  .F.,.F.,(2,2),(1.15,1.2),.PIECEWISE_BEZIER_KNOTS.);
#10612 = CARTESIAN_POINT('',(-1.35,-1.32,0.3));
#10613 = CARTESIAN_POINT('',(-1.35,-1.35,0.3));
#10614 = B_SPLINE_SURFACE_WITH_KNOTS('',1,1,(
    (#10615,#10616)
    ,(#10617,#10618
    )),.UNSPECIFIED.,.F.,.F.,.F.,(2,2),(2,2),(0.,4.5),(-0.5,0.),
  .PIECEWISE_BEZIER_KNOTS.);
#10615 = CARTESIAN_POINT('',(-1.35,-1.35,0.3));
#10616 = CARTESIAN_POINT('',(-1.35,-1.35,0.));
#10617 = CARTESIAN_POINT('',(-1.35,1.35,0.3));
#10618 = CARTESIAN_POINT('',(-1.35,1.35,0.));
#10619 = ADVANCED_FACE('',(#10620),#10637,.F.);
#10620 = FACE_BOUND('',#10621,.F.);
#10621 = EDGE_LOOP('',(#10622,#10630,#10635,#10636));
#10622 = ORIENTED_EDGE('',*,*,#10623,.T.);
#10623 = EDGE_CURVE('',#9929,#10624,#10626,.T.);
#10624 = VERTEX_POINT('',#10625);
#10625 = CARTESIAN_POINT('',(-1.29,-1.2,0.3));
#10626 = ( BOUNDED_CURVE() B_SPLINE_CURVE(2,(#10627,#10628,#10629),
.UNSPECIFIED.,.F.,.F.) B_SPLINE_CURVE_WITH_KNOTS((3,3),(0.,
1.570796326795),.PIECEWISE_BEZIER_KNOTS.) CURVE() 
GEOMETRIC_REPRESENTATION_ITEM() RATIONAL_B_SPLINE_CURVE((1.,
0.707106781187,1.)) REPRESENTATION_ITEM('') );
#10627 = CARTESIAN_POINT('',(-1.35,-1.26,0.3));
#10628 = CARTESIAN_POINT('',(-1.35,-1.2,0.3));
#10629 = CARTESIAN_POINT('',(-1.29,-1.2,0.3));
#10630 = ORIENTED_EDGE('',*,*,#10631,.F.);
#10631 = EDGE_CURVE('',#10532,#10624,#10632,.T.);
#10632 = B_SPLINE_CURVE_WITH_KNOTS('',1,(#10633,#10634),.UNSPECIFIED.,
  .F.,.F.,(2,2),(0.,0.95),.PIECEWISE_BEZIER_KNOTS.);
#10633 = CARTESIAN_POINT('',(-1.29,-0.63,0.3));
#10634 = CARTESIAN_POINT('',(-1.29,-1.2,0.3));
#10635 = ORIENTED_EDGE('',*,*,#10531,.F.);
#10636 = ORIENTED_EDGE('',*,*,#9935,.T.);
#10637 = B_SPLINE_SURFACE_WITH_KNOTS('',1,1,(
    (#10638,#10639)
    ,(#10640,#10641
    )),.UNSPECIFIED.,.F.,.F.,.F.,(2,2),(2,2),(-2.22044604925E-17,1.05),(
    0.,0.1),.PIECEWISE_BEZIER_KNOTS.);
#10638 = CARTESIAN_POINT('',(-1.35,-0.63,0.3));
#10639 = CARTESIAN_POINT('',(-1.29,-0.63,0.3));
#10640 = CARTESIAN_POINT('',(-1.35,-1.26,0.3));
#10641 = CARTESIAN_POINT('',(-1.29,-1.26,0.3));
#10642 = ADVANCED_FACE('',(#10643),#10659,.F.);
#10643 = FACE_BOUND('',#10644,.F.);
#10644 = EDGE_LOOP('',(#10645,#10646,#10653,#10658));
#10645 = ORIENTED_EDGE('',*,*,#9962,.F.);
#10646 = ORIENTED_EDGE('',*,*,#10647,.F.);
#10647 = EDGE_CURVE('',#10648,#9963,#10650,.T.);
#10648 = VERTEX_POINT('',#10649);
#10649 = CARTESIAN_POINT('',(-1.32,1.35,1.44));
#10650 = B_SPLINE_CURVE_WITH_KNOTS('',1,(#10651,#10652),.UNSPECIFIED.,
  .F.,.F.,(2,2),(0.,5.E-02),.PIECEWISE_BEZIER_KNOTS.);
#10651 = CARTESIAN_POINT('',(-1.32,1.35,1.44));
#10652 = CARTESIAN_POINT('',(-1.32,1.35,1.47));
#10653 = ORIENTED_EDGE('',*,*,#10654,.T.);
#10654 = EDGE_CURVE('',#10648,#10021,#10655,.T.);
#10655 = B_SPLINE_CURVE_WITH_KNOTS('',1,(#10656,#10657),.UNSPECIFIED.,
  .F.,.F.,(2,2),(5.E-02,0.1),.PIECEWISE_BEZIER_KNOTS.);
#10656 = CARTESIAN_POINT('',(-1.32,1.35,1.44));
#10657 = CARTESIAN_POINT('',(-1.29,1.35,1.44));
#10658 = ORIENTED_EDGE('',*,*,#10020,.T.);
#10659 = B_SPLINE_SURFACE_WITH_KNOTS('',1,1,(
    (#10660,#10661)
    ,(#10662,#10663
  )),.UNSPECIFIED.,.F.,.F.,.F.,(2,2),(2,2),(0.,5.E-02),(-0.1,-5.E-02),
  .PIECEWISE_BEZIER_KNOTS.);
#10660 = CARTESIAN_POINT('',(-1.29,1.35,1.44));
#10661 = CARTESIAN_POINT('',(-1.32,1.35,1.44));
#10662 = CARTESIAN_POINT('',(-1.29,1.35,1.47));
#10663 = CARTESIAN_POINT('',(-1.32,1.35,1.47));
#10664 = ADVANCED_FACE('',(#10665),#10681,.T.);
#10665 = FACE_BOUND('',#10666,.T.);
#10666 = EDGE_LOOP('',(#10667,#10668,#10675,#10680));
#10667 = ORIENTED_EDGE('',*,*,#9995,.T.);
#10668 = ORIENTED_EDGE('',*,*,#10669,.T.);
#10669 = EDGE_CURVE('',#9988,#10670,#10672,.T.);
#10670 = VERTEX_POINT('',#10671);
#10671 = CARTESIAN_POINT('',(1.35,-1.32,1.44));
#10672 = B_SPLINE_CURVE_WITH_KNOTS('',1,(#10673,#10674),.UNSPECIFIED.,
  .F.,.F.,(2,2),(0.,5.E-02),.PIECEWISE_BEZIER_KNOTS.);
#10673 = CARTESIAN_POINT('',(1.35,-1.32,1.47));
#10674 = CARTESIAN_POINT('',(1.35,-1.32,1.44));
#10675 = ORIENTED_EDGE('',*,*,#10676,.F.);
#10676 = EDGE_CURVE('',#10091,#10670,#10677,.T.);
#10677 = B_SPLINE_CURVE_WITH_KNOTS('',1,(#10678,#10679),.UNSPECIFIED.,
  .F.,.F.,(2,2),(3.3,4.45),.PIECEWISE_BEZIER_KNOTS.);
#10678 = CARTESIAN_POINT('',(1.35,-0.63,1.44));
#10679 = CARTESIAN_POINT('',(1.35,-1.32,1.44));
#10680 = ORIENTED_EDGE('',*,*,#10090,.T.);
#10681 = B_SPLINE_SURFACE_WITH_KNOTS('',1,1,(
    (#10682,#10683)
    ,(#10684,#10685
  )),.UNSPECIFIED.,.F.,.F.,.F.,(2,2),(2,2),(0.,5.E-02),(3.3,4.45),
  .PIECEWISE_BEZIER_KNOTS.);
#10682 = CARTESIAN_POINT('',(1.35,-0.63,1.44));
#10683 = CARTESIAN_POINT('',(1.35,-1.32,1.44));
#10684 = CARTESIAN_POINT('',(1.35,-0.63,1.47));
#10685 = CARTESIAN_POINT('',(1.35,-1.32,1.47));
#10686 = ADVANCED_FACE('',(#10687),#10703,.F.);
#10687 = FACE_BOUND('',#10688,.F.);
#10688 = EDGE_LOOP('',(#10689,#10690,#10691,#10698));
#10689 = ORIENTED_EDGE('',*,*,#10040,.F.);
#10690 = ORIENTED_EDGE('',*,*,#10012,.F.);
#10691 = ORIENTED_EDGE('',*,*,#10692,.T.);
#10692 = EDGE_CURVE('',#10013,#10693,#10695,.T.);
#10693 = VERTEX_POINT('',#10694);
#10694 = CARTESIAN_POINT('',(1.32,1.35,1.44));
#10695 = B_SPLINE_CURVE_WITH_KNOTS('',1,(#10696,#10697),.UNSPECIFIED.,
  .F.,.F.,(2,2),(4.4,4.45),.PIECEWISE_BEZIER_KNOTS.);
#10696 = CARTESIAN_POINT('',(1.29,1.35,1.44));
#10697 = CARTESIAN_POINT('',(1.32,1.35,1.44));
#10698 = ORIENTED_EDGE('',*,*,#10699,.T.);
#10699 = EDGE_CURVE('',#10693,#10041,#10700,.T.);
#10700 = B_SPLINE_CURVE_WITH_KNOTS('',1,(#10701,#10702),.UNSPECIFIED.,
  .F.,.F.,(2,2),(0.,5.E-02),.PIECEWISE_BEZIER_KNOTS.);
#10701 = CARTESIAN_POINT('',(1.32,1.35,1.44));
#10702 = CARTESIAN_POINT('',(1.32,1.35,1.47));
#10703 = B_SPLINE_SURFACE_WITH_KNOTS('',1,1,(
    (#10704,#10705)
    ,(#10706,#10707
    )),.UNSPECIFIED.,.F.,.F.,.F.,(2,2),(2,2),(1.9,1.95),(-5.E-02,0.),
  .PIECEWISE_BEZIER_KNOTS.);
#10704 = CARTESIAN_POINT('',(1.32,1.35,1.44));
#10705 = CARTESIAN_POINT('',(1.29,1.35,1.44));
#10706 = CARTESIAN_POINT('',(1.32,1.35,1.47));
#10707 = CARTESIAN_POINT('',(1.29,1.35,1.47));
#10708 = ADVANCED_FACE('',(#10709,#10731,#10761),#10791,.T.);
#10709 = FACE_BOUND('',#10710,.T.);
#10710 = EDGE_LOOP('',(#10711,#10720,#10725,#10726));
#10711 = ORIENTED_EDGE('',*,*,#10712,.F.);
#10712 = EDGE_CURVE('',#10713,#10715,#10717,.T.);
#10713 = VERTEX_POINT('',#10714);
#10714 = CARTESIAN_POINT('',(-1.29,1.35,0.3));
#10715 = VERTEX_POINT('',#10716);
#10716 = CARTESIAN_POINT('',(1.29,1.35,0.3));
#10717 = B_SPLINE_CURVE_WITH_KNOTS('',1,(#10718,#10719),.UNSPECIFIED.,
  .F.,.F.,(2,2),(0.1,4.4),.PIECEWISE_BEZIER_KNOTS.);
#10718 = CARTESIAN_POINT('',(-1.29,1.35,0.3));
#10719 = CARTESIAN_POINT('',(1.29,1.35,0.3));
#10720 = ORIENTED_EDGE('',*,*,#10721,.T.);
#10721 = EDGE_CURVE('',#10713,#10021,#10722,.T.);
#10722 = B_SPLINE_CURVE_WITH_KNOTS('',1,(#10723,#10724),.UNSPECIFIED.,
  .F.,.F.,(2,2),(0.,1.9),.PIECEWISE_BEZIER_KNOTS.);
#10723 = CARTESIAN_POINT('',(-1.29,1.35,0.3));
#10724 = CARTESIAN_POINT('',(-1.29,1.35,1.44));
#10725 = ORIENTED_EDGE('',*,*,#10027,.T.);
#10726 = ORIENTED_EDGE('',*,*,#10727,.F.);
#10727 = EDGE_CURVE('',#10715,#10013,#10728,.T.);
#10728 = B_SPLINE_CURVE_WITH_KNOTS('',1,(#10729,#10730),.UNSPECIFIED.,
  .F.,.F.,(2,2),(0.,1.9),.PIECEWISE_BEZIER_KNOTS.);
#10729 = CARTESIAN_POINT('',(1.29,1.35,0.3));
#10730 = CARTESIAN_POINT('',(1.29,1.35,1.44));
#10731 = FACE_BOUND('',#10732,.T.);
#10732 = EDGE_LOOP('',(#10733,#10742,#10749,#10756));
#10733 = ORIENTED_EDGE('',*,*,#10734,.T.);
#10734 = EDGE_CURVE('',#10735,#10737,#10739,.T.);
#10735 = VERTEX_POINT('',#10736);
#10736 = CARTESIAN_POINT('',(-0.87,1.35,0.72));
#10737 = VERTEX_POINT('',#10738);
#10738 = CARTESIAN_POINT('',(-0.87,1.35,0.6));
#10739 = B_SPLINE_CURVE_WITH_KNOTS('',1,(#10740,#10741),.UNSPECIFIED.,
  .F.,.F.,(2,2),(-0.902268941751,-0.702268941751),
  .PIECEWISE_BEZIER_KNOTS.);
#10740 = CARTESIAN_POINT('',(-0.87,1.35,0.72));
#10741 = CARTESIAN_POINT('',(-0.87,1.35,0.6));
#10742 = ORIENTED_EDGE('',*,*,#10743,.T.);
#10743 = EDGE_CURVE('',#10737,#10744,#10746,.T.);
#10744 = VERTEX_POINT('',#10745);
#10745 = CARTESIAN_POINT('',(-0.51,1.35,0.6));
#10746 = B_SPLINE_CURVE_WITH_KNOTS('',1,(#10747,#10748),.UNSPECIFIED.,
  .F.,.F.,(2,2),(0.,0.6),.PIECEWISE_BEZIER_KNOTS.);
#10747 = CARTESIAN_POINT('',(-0.87,1.35,0.6));
#10748 = CARTESIAN_POINT('',(-0.51,1.35,0.6));
#10749 = ORIENTED_EDGE('',*,*,#10750,.F.);
#10750 = EDGE_CURVE('',#10751,#10744,#10753,.T.);
#10751 = VERTEX_POINT('',#10752);
#10752 = CARTESIAN_POINT('',(-0.51,1.35,0.72));
#10753 = B_SPLINE_CURVE_WITH_KNOTS('',1,(#10754,#10755),.UNSPECIFIED.,
  .F.,.F.,(2,2),(-0.902268941751,-0.702268941751),
  .PIECEWISE_BEZIER_KNOTS.);
#10754 = CARTESIAN_POINT('',(-0.51,1.35,0.72));
#10755 = CARTESIAN_POINT('',(-0.51,1.35,0.6));
#10756 = ORIENTED_EDGE('',*,*,#10757,.T.);
#10757 = EDGE_CURVE('',#10751,#10735,#10758,.T.);
#10758 = B_SPLINE_CURVE_WITH_KNOTS('',1,(#10759,#10760),.UNSPECIFIED.,
  .F.,.F.,(2,2),(-1.,-0.4),.PIECEWISE_BEZIER_KNOTS.);
#10759 = CARTESIAN_POINT('',(-0.51,1.35,0.72));
#10760 = CARTESIAN_POINT('',(-0.87,1.35,0.72));
#10761 = FACE_BOUND('',#10762,.T.);
#10762 = EDGE_LOOP('',(#10763,#10772,#10779,#10786));
#10763 = ORIENTED_EDGE('',*,*,#10764,.T.);
#10764 = EDGE_CURVE('',#10765,#10767,#10769,.T.);
#10765 = VERTEX_POINT('',#10766);
#10766 = CARTESIAN_POINT('',(0.522,1.35,0.72));
#10767 = VERTEX_POINT('',#10768);
#10768 = CARTESIAN_POINT('',(0.522,1.35,0.6));
#10769 = B_SPLINE_CURVE_WITH_KNOTS('',1,(#10770,#10771),.UNSPECIFIED.,
  .F.,.F.,(2,2),(-0.902268941751,-0.702268941751),
  .PIECEWISE_BEZIER_KNOTS.);
#10770 = CARTESIAN_POINT('',(0.522,1.35,0.72));
#10771 = CARTESIAN_POINT('',(0.522,1.35,0.6));
#10772 = ORIENTED_EDGE('',*,*,#10773,.T.);
#10773 = EDGE_CURVE('',#10767,#10774,#10776,.T.);
#10774 = VERTEX_POINT('',#10775);
#10775 = CARTESIAN_POINT('',(0.882,1.35,0.6));
#10776 = B_SPLINE_CURVE_WITH_KNOTS('',1,(#10777,#10778),.UNSPECIFIED.,
  .F.,.F.,(2,2),(0.,0.6),.PIECEWISE_BEZIER_KNOTS.);
#10777 = CARTESIAN_POINT('',(0.522,1.35,0.6));
#10778 = CARTESIAN_POINT('',(0.882,1.35,0.6));
#10779 = ORIENTED_EDGE('',*,*,#10780,.F.);
#10780 = EDGE_CURVE('',#10781,#10774,#10783,.T.);
#10781 = VERTEX_POINT('',#10782);
#10782 = CARTESIAN_POINT('',(0.882,1.35,0.72));
#10783 = B_SPLINE_CURVE_WITH_KNOTS('',1,(#10784,#10785),.UNSPECIFIED.,
  .F.,.F.,(2,2),(-0.902268941751,-0.702268941751),
  .PIECEWISE_BEZIER_KNOTS.);
#10784 = CARTESIAN_POINT('',(0.882,1.35,0.72));
#10785 = CARTESIAN_POINT('',(0.882,1.35,0.6));
#10786 = ORIENTED_EDGE('',*,*,#10787,.T.);
#10787 = EDGE_CURVE('',#10781,#10765,#10788,.T.);
#10788 = B_SPLINE_CURVE_WITH_KNOTS('',1,(#10789,#10790),.UNSPECIFIED.,
  .F.,.F.,(2,2),(-2.16,-1.56),.PIECEWISE_BEZIER_KNOTS.);
#10789 = CARTESIAN_POINT('',(0.882,1.35,0.72));
#10790 = CARTESIAN_POINT('',(0.522,1.35,0.72));
#10791 = B_SPLINE_SURFACE_WITH_KNOTS('',1,1,(
    (#10792,#10793)
    ,(#10794,#10795
    )),.UNSPECIFIED.,.F.,.F.,.F.,(2,2),(2,2),(0.1,4.4),(-2.4,-0.5),
  .PIECEWISE_BEZIER_KNOTS.);
#10792 = CARTESIAN_POINT('',(-1.29,1.35,1.44));
#10793 = CARTESIAN_POINT('',(-1.29,1.35,0.3));
#10794 = CARTESIAN_POINT('',(1.29,1.35,1.44));
#10795 = CARTESIAN_POINT('',(1.29,1.35,0.3));
#10796 = ADVANCED_FACE('',(#10797),#10807,.T.);
#10797 = FACE_BOUND('',#10798,.T.);
#10798 = EDGE_LOOP('',(#10799,#10805,#10806));
#10799 = ORIENTED_EDGE('',*,*,#10800,.F.);
#10800 = EDGE_CURVE('',#10041,#10068,#10801,.T.);
#10801 = ( BOUNDED_CURVE() B_SPLINE_CURVE(2,(#10802,#10803,#10804),
.UNSPECIFIED.,.F.,.F.) B_SPLINE_CURVE_WITH_KNOTS((3,3),(0.,
1.570796326795),.PIECEWISE_BEZIER_KNOTS.) CURVE() 
GEOMETRIC_REPRESENTATION_ITEM() RATIONAL_B_SPLINE_CURVE((1.,
0.707106781187,1.)) REPRESENTATION_ITEM('') );
#10802 = CARTESIAN_POINT('',(1.32,1.35,1.47));
#10803 = CARTESIAN_POINT('',(1.35,1.35,1.47));
#10804 = CARTESIAN_POINT('',(1.35,1.32,1.47));
#10805 = ORIENTED_EDGE('',*,*,#10049,.T.);
#10806 = ORIENTED_EDGE('',*,*,#10074,.T.);
#10807 = ( BOUNDED_SURFACE() B_SPLINE_SURFACE(2,2,(
    (#10808,#10809,#10810)
    ,(#10811,#10812,#10813)
    ,(#10814,#10815,#10816
)),.UNSPECIFIED.,.F.,.F.,.F.) B_SPLINE_SURFACE_WITH_KNOTS((3,3),(3,3),(
    0.,1.570796326795),(0.,1.570796326795),.PIECEWISE_BEZIER_KNOTS.) 
GEOMETRIC_REPRESENTATION_ITEM() RATIONAL_B_SPLINE_SURFACE((
    (1.,0.707106781187,1.)
    ,(0.707106781187,0.5,0.707106781187)
,(1.,0.707106781187,1.))) REPRESENTATION_ITEM('') SURFACE() );
#10808 = CARTESIAN_POINT('',(1.32,1.35,1.47));
#10809 = CARTESIAN_POINT('',(1.35,1.35,1.47));
#10810 = CARTESIAN_POINT('',(1.35,1.32,1.47));
#10811 = CARTESIAN_POINT('',(1.32,1.35,1.5));
#10812 = CARTESIAN_POINT('',(1.35,1.35,1.5));
#10813 = CARTESIAN_POINT('',(1.35,1.32,1.47));
#10814 = CARTESIAN_POINT('',(1.32,1.32,1.5));
#10815 = CARTESIAN_POINT('',(1.35,1.32,1.5));
#10816 = CARTESIAN_POINT('',(1.35,1.32,1.47));
#10817 = ADVANCED_FACE('',(#10818),#10834,.T.);
#10818 = FACE_BOUND('',#10819,.T.);
#10819 = EDGE_LOOP('',(#10820,#10821,#10828,#10833));
#10820 = ORIENTED_EDGE('',*,*,#10104,.F.);
#10821 = ORIENTED_EDGE('',*,*,#10822,.F.);
#10822 = EDGE_CURVE('',#10823,#10098,#10825,.T.);
#10823 = VERTEX_POINT('',#10824);
#10824 = CARTESIAN_POINT('',(1.35,1.32,1.44));
#10825 = B_SPLINE_CURVE_WITH_KNOTS('',1,(#10826,#10827),.UNSPECIFIED.,
  .F.,.F.,(2,2),(5.E-02,1.2),.PIECEWISE_BEZIER_KNOTS.);
#10826 = CARTESIAN_POINT('',(1.35,1.32,1.44));
#10827 = CARTESIAN_POINT('',(1.35,0.63,1.44));
#10828 = ORIENTED_EDGE('',*,*,#10829,.T.);
#10829 = EDGE_CURVE('',#10823,#10068,#10830,.T.);
#10830 = B_SPLINE_CURVE_WITH_KNOTS('',1,(#10831,#10832),.UNSPECIFIED.,
  .F.,.F.,(2,2),(0.,5.E-02),.PIECEWISE_BEZIER_KNOTS.);
#10831 = CARTESIAN_POINT('',(1.35,1.32,1.44));
#10832 = CARTESIAN_POINT('',(1.35,1.32,1.47));
#10833 = ORIENTED_EDGE('',*,*,#10067,.T.);
#10834 = B_SPLINE_SURFACE_WITH_KNOTS('',1,1,(
    (#10835,#10836)
    ,(#10837,#10838
  )),.UNSPECIFIED.,.F.,.F.,.F.,(2,2),(2,2),(0.,5.E-02),(5.E-02,1.2),
  .PIECEWISE_BEZIER_KNOTS.);
#10835 = CARTESIAN_POINT('',(1.35,1.32,1.44));
#10836 = CARTESIAN_POINT('',(1.35,0.63,1.44));
#10837 = CARTESIAN_POINT('',(1.35,1.32,1.47));
#10838 = CARTESIAN_POINT('',(1.35,0.63,1.47));
#10839 = ADVANCED_FACE('',(#10840),#10862,.T.);
#10840 = FACE_BOUND('',#10841,.T.);
#10841 = EDGE_LOOP('',(#10842,#10851,#10856,#10857));
#10842 = ORIENTED_EDGE('',*,*,#10843,.F.);
#10843 = EDGE_CURVE('',#10844,#10846,#10848,.T.);
#10844 = VERTEX_POINT('',#10845);
#10845 = CARTESIAN_POINT('',(1.35,0.63,0.36));
#10846 = VERTEX_POINT('',#10847);
#10847 = CARTESIAN_POINT('',(1.35,-0.63,0.36));
#10848 = B_SPLINE_CURVE_WITH_KNOTS('',1,(#10849,#10850),.UNSPECIFIED.,
  .F.,.F.,(2,2),(1.075,3.175),.PIECEWISE_BEZIER_KNOTS.);
#10849 = CARTESIAN_POINT('',(1.35,0.63,0.36));
#10850 = CARTESIAN_POINT('',(1.35,-0.63,0.36));
#10851 = ORIENTED_EDGE('',*,*,#10852,.T.);
#10852 = EDGE_CURVE('',#10844,#10098,#10853,.T.);
#10853 = B_SPLINE_CURVE_WITH_KNOTS('',1,(#10854,#10855),.UNSPECIFIED.,
  .F.,.F.,(2,2),(1.E-01,1.9),.PIECEWISE_BEZIER_KNOTS.);
#10854 = CARTESIAN_POINT('',(1.35,0.63,0.36));
#10855 = CARTESIAN_POINT('',(1.35,0.63,1.44));
#10856 = ORIENTED_EDGE('',*,*,#10097,.T.);
#10857 = ORIENTED_EDGE('',*,*,#10858,.F.);
#10858 = EDGE_CURVE('',#10846,#10091,#10859,.T.);
#10859 = B_SPLINE_CURVE_WITH_KNOTS('',1,(#10860,#10861),.UNSPECIFIED.,
  .F.,.F.,(2,2),(1.E-01,1.9),.PIECEWISE_BEZIER_KNOTS.);
#10860 = CARTESIAN_POINT('',(1.35,-0.63,0.36));
#10861 = CARTESIAN_POINT('',(1.35,-0.63,1.44));
#10862 = B_SPLINE_SURFACE_WITH_KNOTS('',1,1,(
    (#10863,#10864)
    ,(#10865,#10866
    )),.UNSPECIFIED.,.F.,.F.,.F.,(2,2),(2,2),(1.2,3.3),(-2.4,-0.6),
  .PIECEWISE_BEZIER_KNOTS.);
#10863 = CARTESIAN_POINT('',(1.35,0.63,1.44));
#10864 = CARTESIAN_POINT('',(1.35,0.63,0.36));
#10865 = CARTESIAN_POINT('',(1.35,-0.63,1.44));
#10866 = CARTESIAN_POINT('',(1.35,-0.63,0.36));
#10867 = ADVANCED_FACE('',(#10868),#10876,.T.);
#10868 = FACE_BOUND('',#10869,.T.);
#10869 = EDGE_LOOP('',(#10870,#10871,#10872,#10873,#10874,#10875));
#10870 = ORIENTED_EDGE('',*,*,#10236,.T.);
#10871 = ORIENTED_EDGE('',*,*,#10244,.T.);
#10872 = ORIENTED_EDGE('',*,*,#10210,.T.);
#10873 = ORIENTED_EDGE('',*,*,#10185,.T.);
#10874 = ORIENTED_EDGE('',*,*,#10168,.T.);
#10875 = ORIENTED_EDGE('',*,*,#10130,.F.);
#10876 = B_SPLINE_SURFACE_WITH_KNOTS('',1,1,(
    (#10877,#10878)
    ,(#10879,#10880
    )),.UNSPECIFIED.,.F.,.F.,.F.,(2,2),(2,2),(-8.881784197001E-16,2.4),(
    -7.910339050454E-15,0.3),.PIECEWISE_BEZIER_KNOTS.);
#10877 = CARTESIAN_POINT('',(-9.E-02,0.72,1.38));
#10878 = CARTESIAN_POINT('',(9.000000000001E-02,0.72,1.38));
#10879 = CARTESIAN_POINT('',(-9.000000000001E-02,-0.72,1.38));
#10880 = CARTESIAN_POINT('',(9.E-02,-0.72,1.38));
#10881 = ADVANCED_FACE('',(#10882),#10887,.T.);
#10882 = FACE_BOUND('',#10883,.T.);
#10883 = EDGE_LOOP('',(#10884,#10885,#10886));
#10884 = ORIENTED_EDGE('',*,*,#10298,.F.);
#10885 = ORIENTED_EDGE('',*,*,#10610,.T.);
#10886 = ORIENTED_EDGE('',*,*,#10427,.T.);
#10887 = B_SPLINE_SURFACE_WITH_KNOTS('',1,1,(
    (#10888,#10889)
    ,(#10890,#10891
    )),.UNSPECIFIED.,.F.,.F.,.F.,(2,2),(2,2),(1.15,1.2),(0.,5.E-02),
  .PIECEWISE_BEZIER_KNOTS.);
#10888 = CARTESIAN_POINT('',(-1.35,-1.32,0.3));
#10889 = CARTESIAN_POINT('',(-1.32,-1.32,0.3));
#10890 = CARTESIAN_POINT('',(-1.35,-1.35,0.3));
#10891 = CARTESIAN_POINT('',(-1.32,-1.35,0.3));
#10892 = ADVANCED_FACE('',(#10893),#10903,.T.);
#10893 = FACE_BOUND('',#10894,.T.);
#10894 = EDGE_LOOP('',(#10895,#10896,#10897,#10898));
#10895 = ORIENTED_EDGE('',*,*,#10369,.F.);
#10896 = ORIENTED_EDGE('',*,*,#10323,.F.);
#10897 = ORIENTED_EDGE('',*,*,#10420,.T.);
#10898 = ORIENTED_EDGE('',*,*,#10899,.F.);
#10899 = EDGE_CURVE('',#10370,#10412,#10900,.T.);
#10900 = B_SPLINE_CURVE_WITH_KNOTS('',1,(#10901,#10902),.UNSPECIFIED.,
  .F.,.F.,(2,2),(0.,1.9),.PIECEWISE_BEZIER_KNOTS.);
#10901 = CARTESIAN_POINT('',(1.32,-1.35,1.44));
#10902 = CARTESIAN_POINT('',(1.32,-1.35,0.3));
#10903 = B_SPLINE_SURFACE_WITH_KNOTS('',1,1,(
    (#10904,#10905)
    ,(#10906,#10907
    )),.UNSPECIFIED.,.F.,.F.,.F.,(2,2),(2,2),(0.,1.9),(-5.E-02,0.),
  .PIECEWISE_BEZIER_KNOTS.);
#10904 = CARTESIAN_POINT('',(1.32,-1.35,0.3));
#10905 = CARTESIAN_POINT('',(1.29,-1.35,0.3));
#10906 = CARTESIAN_POINT('',(1.32,-1.35,1.44));
#10907 = CARTESIAN_POINT('',(1.29,-1.35,1.44));
#10908 = ADVANCED_FACE('',(#10909),#10933,.F.);
#10909 = FACE_BOUND('',#10910,.F.);
#10910 = EDGE_LOOP('',(#10911,#10912,#10920,#10927));
#10911 = ORIENTED_EDGE('',*,*,#10332,.F.);
#10912 = ORIENTED_EDGE('',*,*,#10913,.F.);
#10913 = EDGE_CURVE('',#10914,#10333,#10916,.T.);
#10914 = VERTEX_POINT('',#10915);
#10915 = CARTESIAN_POINT('',(-0.18,-1.38,0.54));
#10916 = ( BOUNDED_CURVE() B_SPLINE_CURVE(2,(#10917,#10918,#10919),
.UNSPECIFIED.,.F.,.F.) B_SPLINE_CURVE_WITH_KNOTS((3,3),(0.,
1.047197551194),.PIECEWISE_BEZIER_KNOTS.) CURVE() 
GEOMETRIC_REPRESENTATION_ITEM() RATIONAL_B_SPLINE_CURVE((1.,
0.866025403785,1.)) REPRESENTATION_ITEM('') );
#10917 = CARTESIAN_POINT('',(-0.18,-1.38,0.54));
#10918 = CARTESIAN_POINT('',(-0.18,-1.38,0.574641016151));
#10919 = CARTESIAN_POINT('',(-0.18,-1.35,0.591961524227));
#10920 = ORIENTED_EDGE('',*,*,#10921,.F.);
#10921 = EDGE_CURVE('',#10922,#10914,#10924,.T.);
#10922 = VERTEX_POINT('',#10923);
#10923 = CARTESIAN_POINT('',(0.18,-1.38,0.54));
#10924 = B_SPLINE_CURVE_WITH_KNOTS('',1,(#10925,#10926),.UNSPECIFIED.,
  .F.,.F.,(2,2),(0.,0.6),.PIECEWISE_BEZIER_KNOTS.);
#10925 = CARTESIAN_POINT('',(0.18,-1.38,0.54));
#10926 = CARTESIAN_POINT('',(-0.18,-1.38,0.54));
#10927 = ORIENTED_EDGE('',*,*,#10928,.T.);
#10928 = EDGE_CURVE('',#10922,#10335,#10929,.T.);
#10929 = ( BOUNDED_CURVE() B_SPLINE_CURVE(2,(#10930,#10931,#10932),
.UNSPECIFIED.,.F.,.F.) B_SPLINE_CURVE_WITH_KNOTS((3,3),(0.,
1.047197551194),.PIECEWISE_BEZIER_KNOTS.) CURVE() 
GEOMETRIC_REPRESENTATION_ITEM() RATIONAL_B_SPLINE_CURVE((1.,
0.866025403785,1.)) REPRESENTATION_ITEM('') );
#10930 = CARTESIAN_POINT('',(0.18,-1.38,0.54));
#10931 = CARTESIAN_POINT('',(0.18,-1.38,0.574641016151));
#10932 = CARTESIAN_POINT('',(0.18,-1.35,0.591961524227));
#10933 = ( BOUNDED_SURFACE() B_SPLINE_SURFACE(2,1,(
    (#10934,#10935)
    ,(#10936,#10937)
    ,(#10938,#10939
)),.UNSPECIFIED.,.F.,.F.,.F.) B_SPLINE_SURFACE_WITH_KNOTS((3,3),(2,2),(
    5.235987755985,6.28318530718),(-0.6,0.),.PIECEWISE_BEZIER_KNOTS.) 
GEOMETRIC_REPRESENTATION_ITEM() RATIONAL_B_SPLINE_SURFACE((
    (1.,1.)
    ,(0.866025403785,0.866025403785)
,(1.,1.))) REPRESENTATION_ITEM('') SURFACE() );
#10934 = CARTESIAN_POINT('',(-0.18,-1.35,0.591961524227));
#10935 = CARTESIAN_POINT('',(0.18,-1.35,0.591961524227));
#10936 = CARTESIAN_POINT('',(-0.18,-1.38,0.574641016151));
#10937 = CARTESIAN_POINT('',(0.18,-1.38,0.574641016151));
#10938 = CARTESIAN_POINT('',(-0.18,-1.38,0.54));
#10939 = CARTESIAN_POINT('',(0.18,-1.38,0.54));
#10940 = ADVANCED_FACE('',(#10941),#11002,.T.);
#10941 = FACE_BOUND('',#10942,.T.);
#10942 = EDGE_LOOP('',(#10943,#10952,#10960,#10967,#10975,#10980,#10981,
    #10982,#10989,#10997));
#10943 = ORIENTED_EDGE('',*,*,#10944,.F.);
#10944 = EDGE_CURVE('',#10945,#10947,#10949,.T.);
#10945 = VERTEX_POINT('',#10946);
#10946 = CARTESIAN_POINT('',(-0.18,-1.62,0.12));
#10947 = VERTEX_POINT('',#10948);
#10948 = CARTESIAN_POINT('',(-0.18,-1.5,0.12));
#10949 = B_SPLINE_CURVE_WITH_KNOTS('',1,(#10950,#10951),.UNSPECIFIED.,
  .F.,.F.,(2,2),(-0.23417730147,-3.417730147E-02),
  .PIECEWISE_BEZIER_KNOTS.);
#10950 = CARTESIAN_POINT('',(-0.18,-1.62,0.12));
#10951 = CARTESIAN_POINT('',(-0.18,-1.5,0.12));
#10952 = ORIENTED_EDGE('',*,*,#10953,.F.);
#10953 = EDGE_CURVE('',#10954,#10945,#10956,.T.);
#10954 = VERTEX_POINT('',#10955);
#10955 = CARTESIAN_POINT('',(-0.18,-1.5,0.24));
#10956 = ( BOUNDED_CURVE() B_SPLINE_CURVE(2,(#10957,#10958,#10959),
.UNSPECIFIED.,.F.,.F.) B_SPLINE_CURVE_WITH_KNOTS((3,3),(3.14159265359,
4.712388980385),.PIECEWISE_BEZIER_KNOTS.) CURVE() 
GEOMETRIC_REPRESENTATION_ITEM() RATIONAL_B_SPLINE_CURVE((1.,
0.707106781187,1.)) REPRESENTATION_ITEM('') );
#10957 = CARTESIAN_POINT('',(-0.18,-1.5,0.24));
#10958 = CARTESIAN_POINT('',(-0.18,-1.5,0.12));
#10959 = CARTESIAN_POINT('',(-0.18,-1.62,0.12));
#10960 = ORIENTED_EDGE('',*,*,#10961,.F.);
#10961 = EDGE_CURVE('',#10962,#10954,#10964,.T.);
#10962 = VERTEX_POINT('',#10963);
#10963 = CARTESIAN_POINT('',(-0.18,-1.5,0.6));
#10964 = B_SPLINE_CURVE_WITH_KNOTS('',1,(#10965,#10966),.UNSPECIFIED.,
  .F.,.F.,(2,2),(0.,0.6),.PIECEWISE_BEZIER_KNOTS.);
#10965 = CARTESIAN_POINT('',(-0.18,-1.5,0.6));
#10966 = CARTESIAN_POINT('',(-0.18,-1.5,0.24));
#10967 = ORIENTED_EDGE('',*,*,#10968,.T.);
#10968 = EDGE_CURVE('',#10962,#10969,#10971,.T.);
#10969 = VERTEX_POINT('',#10970);
#10970 = CARTESIAN_POINT('',(-0.18,-1.38,0.72));
#10971 = ( BOUNDED_CURVE() B_SPLINE_CURVE(2,(#10972,#10973,#10974),
.UNSPECIFIED.,.F.,.F.) B_SPLINE_CURVE_WITH_KNOTS((3,3),(0.,
1.570796326795),.PIECEWISE_BEZIER_KNOTS.) CURVE() 
GEOMETRIC_REPRESENTATION_ITEM() RATIONAL_B_SPLINE_CURVE((1.,
0.707106781187,1.)) REPRESENTATION_ITEM('') );
#10972 = CARTESIAN_POINT('',(-0.18,-1.5,0.6));
#10973 = CARTESIAN_POINT('',(-0.18,-1.5,0.72));
#10974 = CARTESIAN_POINT('',(-0.18,-1.38,0.72));
#10975 = ORIENTED_EDGE('',*,*,#10976,.T.);
#10976 = EDGE_CURVE('',#10969,#10342,#10977,.T.);
#10977 = B_SPLINE_CURVE_WITH_KNOTS('',1,(#10978,#10979),.UNSPECIFIED.,
  .F.,.F.,(2,2),(0.,5.E-02),.PIECEWISE_BEZIER_KNOTS.);
#10978 = CARTESIAN_POINT('',(-0.18,-1.38,0.72));
#10979 = CARTESIAN_POINT('',(-0.18,-1.35,0.72));
#10980 = ORIENTED_EDGE('',*,*,#10341,.T.);
#10981 = ORIENTED_EDGE('',*,*,#10913,.F.);
#10982 = ORIENTED_EDGE('',*,*,#10983,.F.);
#10983 = EDGE_CURVE('',#10984,#10914,#10986,.T.);
#10984 = VERTEX_POINT('',#10985);
#10985 = CARTESIAN_POINT('',(-0.18,-1.38,0.24));
#10986 = B_SPLINE_CURVE_WITH_KNOTS('',1,(#10987,#10988),.UNSPECIFIED.,
  .F.,.F.,(2,2),(0.,0.5),.PIECEWISE_BEZIER_KNOTS.);
#10987 = CARTESIAN_POINT('',(-0.18,-1.38,0.24));
#10988 = CARTESIAN_POINT('',(-0.18,-1.38,0.54));
#10989 = ORIENTED_EDGE('',*,*,#10990,.T.);
#10990 = EDGE_CURVE('',#10984,#10991,#10993,.T.);
#10991 = VERTEX_POINT('',#10992);
#10992 = CARTESIAN_POINT('',(-0.18,-1.5,3.215390309173E-02));
#10993 = ( BOUNDED_CURVE() B_SPLINE_CURVE(2,(#10994,#10995,#10996),
.UNSPECIFIED.,.F.,.F.) B_SPLINE_CURVE_WITH_KNOTS((3,3),(3.14159265359,
4.188790204786),.PIECEWISE_BEZIER_KNOTS.) CURVE() 
GEOMETRIC_REPRESENTATION_ITEM() RATIONAL_B_SPLINE_CURVE((1.,
0.866025403784,1.)) REPRESENTATION_ITEM('') );
#10994 = CARTESIAN_POINT('',(-0.18,-1.38,0.24));
#10995 = CARTESIAN_POINT('',(-0.18,-1.38,0.101435935394));
#10996 = CARTESIAN_POINT('',(-0.18,-1.5,3.215390309173E-02));
#10997 = ORIENTED_EDGE('',*,*,#10998,.T.);
#10998 = EDGE_CURVE('',#10991,#10947,#10999,.T.);
#10999 = B_SPLINE_CURVE_WITH_KNOTS('',1,(#11000,#11001),.UNSPECIFIED.,
  .F.,.F.,(2,2),(-0.244141219763,-9.7731058249E-02),
  .PIECEWISE_BEZIER_KNOTS.);
#11000 = CARTESIAN_POINT('',(-0.18,-1.5,3.215390309173E-02));
#11001 = CARTESIAN_POINT('',(-0.18,-1.5,0.12));
#11002 = B_SPLINE_SURFACE_WITH_KNOTS('',1,1,(
    (#11003,#11004)
    ,(#11005,#11006
    )),.UNSPECIFIED.,.F.,.F.,.F.,(2,2),(2,2),(-0.604537883503,
    0.541872278011),(-0.18164539706,0.26835460294),
  .PIECEWISE_BEZIER_KNOTS.);
#11003 = CARTESIAN_POINT('',(-0.18,-1.35,0.72));
#11004 = CARTESIAN_POINT('',(-0.18,-1.62,0.72));
#11005 = CARTESIAN_POINT('',(-0.18,-1.35,3.215390309173E-02));
#11006 = CARTESIAN_POINT('',(-0.18,-1.62,3.215390309173E-02));
#11007 = ADVANCED_FACE('',(#11008),#11069,.F.);
#11008 = FACE_BOUND('',#11009,.F.);
#11009 = EDGE_LOOP('',(#11010,#11019,#11027,#11034,#11042,#11047,#11048,
    #11049,#11056,#11064));
#11010 = ORIENTED_EDGE('',*,*,#11011,.F.);
#11011 = EDGE_CURVE('',#11012,#11014,#11016,.T.);
#11012 = VERTEX_POINT('',#11013);
#11013 = CARTESIAN_POINT('',(0.18,-1.62,0.12));
#11014 = VERTEX_POINT('',#11015);
#11015 = CARTESIAN_POINT('',(0.18,-1.5,0.12));
#11016 = B_SPLINE_CURVE_WITH_KNOTS('',1,(#11017,#11018),.UNSPECIFIED.,
  .F.,.F.,(2,2),(-0.23417730147,-3.417730147E-02),
  .PIECEWISE_BEZIER_KNOTS.);
#11017 = CARTESIAN_POINT('',(0.18,-1.62,0.12));
#11018 = CARTESIAN_POINT('',(0.18,-1.5,0.12));
#11019 = ORIENTED_EDGE('',*,*,#11020,.F.);
#11020 = EDGE_CURVE('',#11021,#11012,#11023,.T.);
#11021 = VERTEX_POINT('',#11022);
#11022 = CARTESIAN_POINT('',(0.18,-1.5,0.24));
#11023 = ( BOUNDED_CURVE() B_SPLINE_CURVE(2,(#11024,#11025,#11026),
.UNSPECIFIED.,.F.,.F.) B_SPLINE_CURVE_WITH_KNOTS((3,3),(3.14159265359,
4.712388980385),.PIECEWISE_BEZIER_KNOTS.) CURVE() 
GEOMETRIC_REPRESENTATION_ITEM() RATIONAL_B_SPLINE_CURVE((1.,
0.707106781187,1.)) REPRESENTATION_ITEM('') );
#11024 = CARTESIAN_POINT('',(0.18,-1.5,0.24));
#11025 = CARTESIAN_POINT('',(0.18,-1.5,0.12));
#11026 = CARTESIAN_POINT('',(0.18,-1.62,0.12));
#11027 = ORIENTED_EDGE('',*,*,#11028,.F.);
#11028 = EDGE_CURVE('',#11029,#11021,#11031,.T.);
#11029 = VERTEX_POINT('',#11030);
#11030 = CARTESIAN_POINT('',(0.18,-1.5,0.6));
#11031 = B_SPLINE_CURVE_WITH_KNOTS('',1,(#11032,#11033),.UNSPECIFIED.,
  .F.,.F.,(2,2),(0.,0.6),.PIECEWISE_BEZIER_KNOTS.);
#11032 = CARTESIAN_POINT('',(0.18,-1.5,0.6));
#11033 = CARTESIAN_POINT('',(0.18,-1.5,0.24));
#11034 = ORIENTED_EDGE('',*,*,#11035,.T.);
#11035 = EDGE_CURVE('',#11029,#11036,#11038,.T.);
#11036 = VERTEX_POINT('',#11037);
#11037 = CARTESIAN_POINT('',(0.18,-1.38,0.72));
#11038 = ( BOUNDED_CURVE() B_SPLINE_CURVE(2,(#11039,#11040,#11041),
.UNSPECIFIED.,.F.,.F.) B_SPLINE_CURVE_WITH_KNOTS((3,3),(0.,
1.570796326795),.PIECEWISE_BEZIER_KNOTS.) CURVE() 
GEOMETRIC_REPRESENTATION_ITEM() RATIONAL_B_SPLINE_CURVE((1.,
0.707106781187,1.)) REPRESENTATION_ITEM('') );
#11039 = CARTESIAN_POINT('',(0.18,-1.5,0.6));
#11040 = CARTESIAN_POINT('',(0.18,-1.5,0.72));
#11041 = CARTESIAN_POINT('',(0.18,-1.38,0.72));
#11042 = ORIENTED_EDGE('',*,*,#11043,.T.);
#11043 = EDGE_CURVE('',#11036,#10349,#11044,.T.);
#11044 = B_SPLINE_CURVE_WITH_KNOTS('',1,(#11045,#11046),.UNSPECIFIED.,
  .F.,.F.,(2,2),(0.,5.E-02),.PIECEWISE_BEZIER_KNOTS.);
#11045 = CARTESIAN_POINT('',(0.18,-1.38,0.72));
#11046 = CARTESIAN_POINT('',(0.18,-1.35,0.72));
#11047 = ORIENTED_EDGE('',*,*,#10355,.T.);
#11048 = ORIENTED_EDGE('',*,*,#10928,.F.);
#11049 = ORIENTED_EDGE('',*,*,#11050,.F.);
#11050 = EDGE_CURVE('',#11051,#10922,#11053,.T.);
#11051 = VERTEX_POINT('',#11052);
#11052 = CARTESIAN_POINT('',(0.18,-1.38,0.24));
#11053 = B_SPLINE_CURVE_WITH_KNOTS('',1,(#11054,#11055),.UNSPECIFIED.,
  .F.,.F.,(2,2),(0.,0.5),.PIECEWISE_BEZIER_KNOTS.);
#11054 = CARTESIAN_POINT('',(0.18,-1.38,0.24));
#11055 = CARTESIAN_POINT('',(0.18,-1.38,0.54));
#11056 = ORIENTED_EDGE('',*,*,#11057,.T.);
#11057 = EDGE_CURVE('',#11051,#11058,#11060,.T.);
#11058 = VERTEX_POINT('',#11059);
#11059 = CARTESIAN_POINT('',(0.18,-1.5,3.215390309173E-02));
#11060 = ( BOUNDED_CURVE() B_SPLINE_CURVE(2,(#11061,#11062,#11063),
.UNSPECIFIED.,.F.,.F.) B_SPLINE_CURVE_WITH_KNOTS((3,3),(3.14159265359,
4.188790204786),.PIECEWISE_BEZIER_KNOTS.) CURVE() 
GEOMETRIC_REPRESENTATION_ITEM() RATIONAL_B_SPLINE_CURVE((1.,
0.866025403784,1.)) REPRESENTATION_ITEM('') );
#11061 = CARTESIAN_POINT('',(0.18,-1.38,0.24));
#11062 = CARTESIAN_POINT('',(0.18,-1.38,0.101435935394));
#11063 = CARTESIAN_POINT('',(0.18,-1.5,3.215390309173E-02));
#11064 = ORIENTED_EDGE('',*,*,#11065,.T.);
#11065 = EDGE_CURVE('',#11058,#11014,#11066,.T.);
#11066 = B_SPLINE_CURVE_WITH_KNOTS('',1,(#11067,#11068),.UNSPECIFIED.,
  .F.,.F.,(2,2),(-0.244141219763,-9.7731058249E-02),
  .PIECEWISE_BEZIER_KNOTS.);
#11067 = CARTESIAN_POINT('',(0.18,-1.5,3.215390309173E-02));
#11068 = CARTESIAN_POINT('',(0.18,-1.5,0.12));
#11069 = B_SPLINE_SURFACE_WITH_KNOTS('',1,1,(
    (#11070,#11071)
    ,(#11072,#11073
    )),.UNSPECIFIED.,.F.,.F.,.F.,(2,2),(2,2),(-0.604537883503,
    0.541872278011),(-0.18164539706,0.26835460294),
  .PIECEWISE_BEZIER_KNOTS.);
#11070 = CARTESIAN_POINT('',(0.18,-1.35,0.72));
#11071 = CARTESIAN_POINT('',(0.18,-1.62,0.72));
#11072 = CARTESIAN_POINT('',(0.18,-1.35,3.215390309173E-02));
#11073 = CARTESIAN_POINT('',(0.18,-1.62,3.215390309173E-02));
#11074 = ADVANCED_FACE('',(#11075),#11085,.F.);
#11075 = FACE_BOUND('',#11076,.F.);
#11076 = EDGE_LOOP('',(#11077,#11078,#11083,#11084));
#11077 = ORIENTED_EDGE('',*,*,#11043,.F.);
#11078 = ORIENTED_EDGE('',*,*,#11079,.T.);
#11079 = EDGE_CURVE('',#11036,#10969,#11080,.T.);
#11080 = B_SPLINE_CURVE_WITH_KNOTS('',1,(#11081,#11082),.UNSPECIFIED.,
  .F.,.F.,(2,2),(0.,0.6),.PIECEWISE_BEZIER_KNOTS.);
#11081 = CARTESIAN_POINT('',(0.18,-1.38,0.72));
#11082 = CARTESIAN_POINT('',(-0.18,-1.38,0.72));
#11083 = ORIENTED_EDGE('',*,*,#10976,.T.);
#11084 = ORIENTED_EDGE('',*,*,#10348,.T.);
#11085 = B_SPLINE_SURFACE_WITH_KNOTS('',1,1,(
    (#11086,#11087)
    ,(#11088,#11089
    )),.UNSPECIFIED.,.F.,.F.,.F.,(2,2),(2,2),(-1.33226762955E-16,5.E-02)
  ,(-0.6,0.),.PIECEWISE_BEZIER_KNOTS.);
#11086 = CARTESIAN_POINT('',(-0.18,-1.38,0.72));
#11087 = CARTESIAN_POINT('',(0.18,-1.38,0.72));
#11088 = CARTESIAN_POINT('',(-0.18,-1.35,0.72));
#11089 = CARTESIAN_POINT('',(0.18,-1.35,0.72));
#11090 = ADVANCED_FACE('',(#11091),#11102,.T.);
#11091 = FACE_BOUND('',#11092,.T.);
#11092 = EDGE_LOOP('',(#11093,#11094,#11095,#11101));
#11093 = ORIENTED_EDGE('',*,*,#10390,.T.);
#11094 = ORIENTED_EDGE('',*,*,#10376,.T.);
#11095 = ORIENTED_EDGE('',*,*,#11096,.F.);
#11096 = EDGE_CURVE('',#10670,#10370,#11097,.T.);
#11097 = ( BOUNDED_CURVE() B_SPLINE_CURVE(2,(#11098,#11099,#11100),
.UNSPECIFIED.,.F.,.F.) B_SPLINE_CURVE_WITH_KNOTS((3,3),(0.,
1.570796326795),.PIECEWISE_BEZIER_KNOTS.) CURVE() 
GEOMETRIC_REPRESENTATION_ITEM() RATIONAL_B_SPLINE_CURVE((1.,
0.707106781187,1.)) REPRESENTATION_ITEM('') );
#11098 = CARTESIAN_POINT('',(1.35,-1.32,1.44));
#11099 = CARTESIAN_POINT('',(1.35,-1.35,1.44));
#11100 = CARTESIAN_POINT('',(1.32,-1.35,1.44));
#11101 = ORIENTED_EDGE('',*,*,#10669,.F.);
#11102 = ( BOUNDED_SURFACE() B_SPLINE_SURFACE(2,1,(
    (#11103,#11104)
    ,(#11105,#11106)
    ,(#11107,#11108
)),.UNSPECIFIED.,.F.,.F.,.F.) B_SPLINE_SURFACE_WITH_KNOTS((3,3),(2,2),(
    0.,1.570796326795),(0.,5.E-02),.PIECEWISE_BEZIER_KNOTS.) 
GEOMETRIC_REPRESENTATION_ITEM() RATIONAL_B_SPLINE_SURFACE((
    (1.,1.)
    ,(0.707106781187,0.707106781187)
,(1.,1.))) REPRESENTATION_ITEM('') SURFACE() );
#11103 = CARTESIAN_POINT('',(1.35,-1.32,1.47));
#11104 = CARTESIAN_POINT('',(1.35,-1.32,1.44));
#11105 = CARTESIAN_POINT('',(1.35,-1.35,1.47));
#11106 = CARTESIAN_POINT('',(1.35,-1.35,1.44));
#11107 = CARTESIAN_POINT('',(1.32,-1.35,1.47));
#11108 = CARTESIAN_POINT('',(1.32,-1.35,1.44));
#11109 = ADVANCED_FACE('',(#11110),#11177,.T.);
#11110 = FACE_BOUND('',#11111,.T.);
#11111 = EDGE_LOOP('',(#11112,#11121,#11126,#11127,#11134,#11142,#11149,
    #11156,#11164,#11171));
#11112 = ORIENTED_EDGE('',*,*,#11113,.T.);
#11113 = EDGE_CURVE('',#11114,#11116,#11118,.T.);
#11114 = VERTEX_POINT('',#11115);
#11115 = CARTESIAN_POINT('',(1.35,-1.26,0.3));
#11116 = VERTEX_POINT('',#11117);
#11117 = CARTESIAN_POINT('',(1.35,-1.32,0.3));
#11118 = B_SPLINE_CURVE_WITH_KNOTS('',1,(#11119,#11120),.UNSPECIFIED.,
  .F.,.F.,(2,2),(1.05,1.15),.PIECEWISE_BEZIER_KNOTS.);
#11119 = CARTESIAN_POINT('',(1.35,-1.26,0.3));
#11120 = CARTESIAN_POINT('',(1.35,-1.32,0.3));
#11121 = ORIENTED_EDGE('',*,*,#11122,.T.);
#11122 = EDGE_CURVE('',#11116,#10414,#11123,.T.);
#11123 = B_SPLINE_CURVE_WITH_KNOTS('',1,(#11124,#11125),.UNSPECIFIED.,
  .F.,.F.,(2,2),(1.15,1.2),.PIECEWISE_BEZIER_KNOTS.);
#11124 = CARTESIAN_POINT('',(1.35,-1.32,0.3));
#11125 = CARTESIAN_POINT('',(1.35,-1.35,0.3));
#11126 = ORIENTED_EDGE('',*,*,#10449,.T.);
#11127 = ORIENTED_EDGE('',*,*,#11128,.F.);
#11128 = EDGE_CURVE('',#11129,#10443,#11131,.T.);
#11129 = VERTEX_POINT('',#11130);
#11130 = CARTESIAN_POINT('',(1.35,1.05,0.));
#11131 = B_SPLINE_CURVE_WITH_KNOTS('',1,(#11132,#11133),.UNSPECIFIED.,
  .F.,.F.,(2,2),(0.5,4.),.PIECEWISE_BEZIER_KNOTS.);
#11132 = CARTESIAN_POINT('',(1.35,1.05,0.));
#11133 = CARTESIAN_POINT('',(1.35,-1.05,0.));
#11134 = ORIENTED_EDGE('',*,*,#11135,.F.);
#11135 = EDGE_CURVE('',#11136,#11129,#11138,.T.);
#11136 = VERTEX_POINT('',#11137);
#11137 = CARTESIAN_POINT('',(1.35,1.35,0.3));
#11138 = ( BOUNDED_CURVE() B_SPLINE_CURVE(2,(#11139,#11140,#11141),
.UNSPECIFIED.,.F.,.F.) B_SPLINE_CURVE_WITH_KNOTS((3,3),(1.570796326795,
3.14159265359),.PIECEWISE_BEZIER_KNOTS.) CURVE() 
GEOMETRIC_REPRESENTATION_ITEM() RATIONAL_B_SPLINE_CURVE((1.,
0.707106781187,1.)) REPRESENTATION_ITEM('') );
#11139 = CARTESIAN_POINT('',(1.35,1.35,0.3));
#11140 = CARTESIAN_POINT('',(1.35,1.35,6.661338147751E-17));
#11141 = CARTESIAN_POINT('',(1.35,1.05,0.));
#11142 = ORIENTED_EDGE('',*,*,#11143,.T.);
#11143 = EDGE_CURVE('',#11136,#11144,#11146,.T.);
#11144 = VERTEX_POINT('',#11145);
#11145 = CARTESIAN_POINT('',(1.35,1.32,0.3));
#11146 = B_SPLINE_CURVE_WITH_KNOTS('',1,(#11147,#11148),.UNSPECIFIED.,
  .F.,.F.,(2,2),(0.,5.E-02),.PIECEWISE_BEZIER_KNOTS.);
#11147 = CARTESIAN_POINT('',(1.35,1.35,0.3));
#11148 = CARTESIAN_POINT('',(1.35,1.32,0.3));
#11149 = ORIENTED_EDGE('',*,*,#11150,.T.);
#11150 = EDGE_CURVE('',#11144,#11151,#11153,.T.);
#11151 = VERTEX_POINT('',#11152);
#11152 = CARTESIAN_POINT('',(1.35,1.26,0.3));
#11153 = B_SPLINE_CURVE_WITH_KNOTS('',1,(#11154,#11155),.UNSPECIFIED.,
  .F.,.F.,(2,2),(5.E-02,0.15),.PIECEWISE_BEZIER_KNOTS.);
#11154 = CARTESIAN_POINT('',(1.35,1.32,0.3));
#11155 = CARTESIAN_POINT('',(1.35,1.26,0.3));
#11156 = ORIENTED_EDGE('',*,*,#11157,.T.);
#11157 = EDGE_CURVE('',#11151,#11158,#11160,.T.);
#11158 = VERTEX_POINT('',#11159);
#11159 = CARTESIAN_POINT('',(1.35,1.14,0.18));
#11160 = ( BOUNDED_CURVE() B_SPLINE_CURVE(2,(#11161,#11162,#11163),
.UNSPECIFIED.,.F.,.F.) B_SPLINE_CURVE_WITH_KNOTS((3,3),(0.,
1.570796326795),.PIECEWISE_BEZIER_KNOTS.) CURVE() 
GEOMETRIC_REPRESENTATION_ITEM() RATIONAL_B_SPLINE_CURVE((1.,
0.707106781187,1.)) REPRESENTATION_ITEM('') );
#11161 = CARTESIAN_POINT('',(1.35,1.26,0.3));
#11162 = CARTESIAN_POINT('',(1.35,1.26,0.18));
#11163 = CARTESIAN_POINT('',(1.35,1.14,0.18));
#11164 = ORIENTED_EDGE('',*,*,#11165,.T.);
#11165 = EDGE_CURVE('',#11158,#11166,#11168,.T.);
#11166 = VERTEX_POINT('',#11167);
#11167 = CARTESIAN_POINT('',(1.35,-1.14,0.18));
#11168 = B_SPLINE_CURVE_WITH_KNOTS('',1,(#11169,#11170),.UNSPECIFIED.,
  .F.,.F.,(2,2),(0.,3.8),.PIECEWISE_BEZIER_KNOTS.);
#11169 = CARTESIAN_POINT('',(1.35,1.14,0.18));
#11170 = CARTESIAN_POINT('',(1.35,-1.14,0.18));
#11171 = ORIENTED_EDGE('',*,*,#11172,.T.);
#11172 = EDGE_CURVE('',#11166,#11114,#11173,.T.);
#11173 = ( BOUNDED_CURVE() B_SPLINE_CURVE(2,(#11174,#11175,#11176),
.UNSPECIFIED.,.F.,.F.) B_SPLINE_CURVE_WITH_KNOTS((3,3),(0.,
1.570796326795),.PIECEWISE_BEZIER_KNOTS.) CURVE() 
GEOMETRIC_REPRESENTATION_ITEM() RATIONAL_B_SPLINE_CURVE((1.,
0.707106781187,1.)) REPRESENTATION_ITEM('') );
#11174 = CARTESIAN_POINT('',(1.35,-1.14,0.18));
#11175 = CARTESIAN_POINT('',(1.35,-1.26,0.18));
#11176 = CARTESIAN_POINT('',(1.35,-1.26,0.3));
#11177 = B_SPLINE_SURFACE_WITH_KNOTS('',1,1,(
    (#11178,#11179)
    ,(#11180,#11181
    )),.UNSPECIFIED.,.F.,.F.,.F.,(2,2),(2,2),(0.,4.5),(-0.5,0.),
  .PIECEWISE_BEZIER_KNOTS.);
#11178 = CARTESIAN_POINT('',(1.35,1.35,0.3));
#11179 = CARTESIAN_POINT('',(1.35,1.35,0.));
#11180 = CARTESIAN_POINT('',(1.35,-1.35,0.3));
#11181 = CARTESIAN_POINT('',(1.35,-1.35,0.));
#11182 = ADVANCED_FACE('',(#11183),#11193,.T.);
#11183 = FACE_BOUND('',#11184,.T.);
#11184 = EDGE_LOOP('',(#11185,#11186,#11192));
#11185 = ORIENTED_EDGE('',*,*,#11122,.F.);
#11186 = ORIENTED_EDGE('',*,*,#11187,.T.);
#11187 = EDGE_CURVE('',#11116,#10412,#11188,.T.);
#11188 = ( BOUNDED_CURVE() B_SPLINE_CURVE(2,(#11189,#11190,#11191),
.UNSPECIFIED.,.F.,.F.) B_SPLINE_CURVE_WITH_KNOTS((3,3),(0.,
1.570796326795),.PIECEWISE_BEZIER_KNOTS.) CURVE() 
GEOMETRIC_REPRESENTATION_ITEM() RATIONAL_B_SPLINE_CURVE((1.,
0.707106781187,1.)) REPRESENTATION_ITEM('') );
#11189 = CARTESIAN_POINT('',(1.35,-1.32,0.3));
#11190 = CARTESIAN_POINT('',(1.35,-1.35,0.3));
#11191 = CARTESIAN_POINT('',(1.32,-1.35,0.3));
#11192 = ORIENTED_EDGE('',*,*,#10411,.T.);
#11193 = B_SPLINE_SURFACE_WITH_KNOTS('',1,1,(
    (#11194,#11195)
    ,(#11196,#11197
    )),.UNSPECIFIED.,.F.,.F.,.F.,(2,2),(2,2),(1.15,1.2),(5.E-02,0.1),
  .PIECEWISE_BEZIER_KNOTS.);
#11194 = CARTESIAN_POINT('',(1.32,-1.32,0.3));
#11195 = CARTESIAN_POINT('',(1.35,-1.32,0.3));
#11196 = CARTESIAN_POINT('',(1.32,-1.35,0.3));
#11197 = CARTESIAN_POINT('',(1.35,-1.35,0.3));
#11198 = ADVANCED_FACE('',(#11199),#11209,.T.);
#11199 = FACE_BOUND('',#11200,.T.);
#11200 = EDGE_LOOP('',(#11201,#11202,#11203,#11204));
#11201 = ORIENTED_EDGE('',*,*,#11128,.T.);
#11202 = ORIENTED_EDGE('',*,*,#10442,.T.);
#11203 = ORIENTED_EDGE('',*,*,#10604,.T.);
#11204 = ORIENTED_EDGE('',*,*,#11205,.T.);
#11205 = EDGE_CURVE('',#10597,#11129,#11206,.T.);
#11206 = B_SPLINE_CURVE_WITH_KNOTS('',1,(#11207,#11208),.UNSPECIFIED.,
  .F.,.F.,(2,2),(0.,4.5),.PIECEWISE_BEZIER_KNOTS.);
#11207 = CARTESIAN_POINT('',(-1.35,1.05,-6.6E-17));
#11208 = CARTESIAN_POINT('',(1.35,1.05,-6.6E-17));
#11209 = B_SPLINE_SURFACE_WITH_KNOTS('',1,1,(
    (#11210,#11211)
    ,(#11212,#11213
  )),.UNSPECIFIED.,.F.,.F.,.F.,(2,2),(2,2),(-1.75,1.75),(-2.25,2.25),
  .PIECEWISE_BEZIER_KNOTS.);
#11210 = CARTESIAN_POINT('',(-1.35,-1.05,0.));
#11211 = CARTESIAN_POINT('',(1.35,-1.05,0.));
#11212 = CARTESIAN_POINT('',(-1.35,1.05,0.));
#11213 = CARTESIAN_POINT('',(1.35,1.05,0.));
#11214 = ADVANCED_FACE('',(#11215),#11226,.T.);
#11215 = FACE_BOUND('',#11216,.T.);
#11216 = EDGE_LOOP('',(#11217,#11218,#11219,#11220));
#11217 = ORIENTED_EDGE('',*,*,#10494,.T.);
#11218 = ORIENTED_EDGE('',*,*,#10465,.T.);
#11219 = ORIENTED_EDGE('',*,*,#10647,.F.);
#11220 = ORIENTED_EDGE('',*,*,#11221,.F.);
#11221 = EDGE_CURVE('',#10488,#10648,#11222,.T.);
#11222 = ( BOUNDED_CURVE() B_SPLINE_CURVE(2,(#11223,#11224,#11225),
.UNSPECIFIED.,.F.,.F.) B_SPLINE_CURVE_WITH_KNOTS((3,3),(0.,
1.570796326795),.PIECEWISE_BEZIER_KNOTS.) CURVE() 
GEOMETRIC_REPRESENTATION_ITEM() RATIONAL_B_SPLINE_CURVE((1.,
0.707106781187,1.)) REPRESENTATION_ITEM('') );
#11223 = CARTESIAN_POINT('',(-1.35,1.32,1.44));
#11224 = CARTESIAN_POINT('',(-1.35,1.35,1.44));
#11225 = CARTESIAN_POINT('',(-1.32,1.35,1.44));
#11226 = ( BOUNDED_SURFACE() B_SPLINE_SURFACE(2,1,(
    (#11227,#11228)
    ,(#11229,#11230)
    ,(#11231,#11232
)),.UNSPECIFIED.,.F.,.F.,.F.) B_SPLINE_SURFACE_WITH_KNOTS((3,3),(2,2),(
    4.712388980385,6.28318530718),(0.,5.E-02),.PIECEWISE_BEZIER_KNOTS.) 
GEOMETRIC_REPRESENTATION_ITEM() RATIONAL_B_SPLINE_SURFACE((
    (1.,1.)
    ,(0.707106781187,0.707106781187)
,(1.,1.))) REPRESENTATION_ITEM('') SURFACE() );
#11227 = CARTESIAN_POINT('',(-1.32,1.35,1.44));
#11228 = CARTESIAN_POINT('',(-1.32,1.35,1.47));
#11229 = CARTESIAN_POINT('',(-1.35,1.35,1.44));
#11230 = CARTESIAN_POINT('',(-1.35,1.35,1.47));
#11231 = CARTESIAN_POINT('',(-1.35,1.32,1.44));
#11232 = CARTESIAN_POINT('',(-1.35,1.32,1.47));
#11233 = ADVANCED_FACE('',(#11234),#11256,.F.);
#11234 = FACE_BOUND('',#11235,.F.);
#11235 = EDGE_LOOP('',(#11236,#11237,#11238,#11245,#11250,#11251));
#11236 = ORIENTED_EDGE('',*,*,#10487,.T.);
#11237 = ORIENTED_EDGE('',*,*,#10517,.F.);
#11238 = ORIENTED_EDGE('',*,*,#11239,.F.);
#11239 = EDGE_CURVE('',#11240,#10509,#11242,.T.);
#11240 = VERTEX_POINT('',#11241);
#11241 = CARTESIAN_POINT('',(-1.35,0.63,0.3));
#11242 = B_SPLINE_CURVE_WITH_KNOTS('',1,(#11243,#11244),.UNSPECIFIED.,
  .F.,.F.,(2,2),(0.,1.E-01),.PIECEWISE_BEZIER_KNOTS.);
#11243 = CARTESIAN_POINT('',(-1.35,0.63,0.3));
#11244 = CARTESIAN_POINT('',(-1.35,0.63,0.36));
#11245 = ORIENTED_EDGE('',*,*,#11246,.F.);
#11246 = EDGE_CURVE('',#10575,#11240,#11247,.T.);
#11247 = B_SPLINE_CURVE_WITH_KNOTS('',1,(#11248,#11249),.UNSPECIFIED.,
  .F.,.F.,(2,2),(0.15,1.2),.PIECEWISE_BEZIER_KNOTS.);
#11248 = CARTESIAN_POINT('',(-1.35,1.26,0.3));
#11249 = CARTESIAN_POINT('',(-1.35,0.63,0.3));
#11250 = ORIENTED_EDGE('',*,*,#10582,.F.);
#11251 = ORIENTED_EDGE('',*,*,#11252,.T.);
#11252 = EDGE_CURVE('',#10583,#10488,#11253,.T.);
#11253 = B_SPLINE_CURVE_WITH_KNOTS('',1,(#11254,#11255),.UNSPECIFIED.,
  .F.,.F.,(2,2),(0.,1.9),.PIECEWISE_BEZIER_KNOTS.);
#11254 = CARTESIAN_POINT('',(-1.35,1.32,0.3));
#11255 = CARTESIAN_POINT('',(-1.35,1.32,1.44));
#11256 = B_SPLINE_SURFACE_WITH_KNOTS('',1,1,(
    (#11257,#11258)
    ,(#11259,#11260
    )),.UNSPECIFIED.,.F.,.F.,.F.,(2,2),(2,2),(0.,1.9),(5.E-02,1.2),
  .PIECEWISE_BEZIER_KNOTS.);
#11257 = CARTESIAN_POINT('',(-1.35,1.32,0.3));
#11258 = CARTESIAN_POINT('',(-1.35,0.63,0.3));
#11259 = CARTESIAN_POINT('',(-1.35,1.32,1.44));
#11260 = CARTESIAN_POINT('',(-1.35,0.63,1.44));
#11261 = ADVANCED_FACE('',(#11262),#11306,.F.);
#11262 = FACE_BOUND('',#11263,.F.);
#11263 = EDGE_LOOP('',(#11264,#11273,#11280,#11285,#11286,#11287,#11294,
    #11301));
#11264 = ORIENTED_EDGE('',*,*,#11265,.F.);
#11265 = EDGE_CURVE('',#11266,#11268,#11270,.T.);
#11266 = VERTEX_POINT('',#11267);
#11267 = CARTESIAN_POINT('',(-1.29,1.2,0.36));
#11268 = VERTEX_POINT('',#11269);
#11269 = CARTESIAN_POINT('',(-1.2,1.2,0.36));
#11270 = B_SPLINE_CURVE_WITH_KNOTS('',1,(#11271,#11272),.UNSPECIFIED.,
  .F.,.F.,(2,2),(0.35,0.5),.PIECEWISE_BEZIER_KNOTS.);
#11271 = CARTESIAN_POINT('',(-1.29,1.2,0.36));
#11272 = CARTESIAN_POINT('',(-1.2,1.2,0.36));
#11273 = ORIENTED_EDGE('',*,*,#11274,.T.);
#11274 = EDGE_CURVE('',#11266,#11275,#11277,.T.);
#11275 = VERTEX_POINT('',#11276);
#11276 = CARTESIAN_POINT('',(-1.29,0.63,0.36));
#11277 = B_SPLINE_CURVE_WITH_KNOTS('',1,(#11278,#11279),.UNSPECIFIED.,
  .F.,.F.,(2,2),(0.125,1.075),.PIECEWISE_BEZIER_KNOTS.);
#11278 = CARTESIAN_POINT('',(-1.29,1.2,0.36));
#11279 = CARTESIAN_POINT('',(-1.29,0.63,0.36));
#11280 = ORIENTED_EDGE('',*,*,#11281,.T.);
#11281 = EDGE_CURVE('',#11275,#10509,#11282,.T.);
#11282 = B_SPLINE_CURVE_WITH_KNOTS('',1,(#11283,#11284),.UNSPECIFIED.,
  .F.,.F.,(2,2),(-0.225,-0.125),.PIECEWISE_BEZIER_KNOTS.);
#11283 = CARTESIAN_POINT('',(-1.29,0.63,0.36));
#11284 = CARTESIAN_POINT('',(-1.35,0.63,0.36));
#11285 = ORIENTED_EDGE('',*,*,#10508,.F.);
#11286 = ORIENTED_EDGE('',*,*,#10545,.F.);
#11287 = ORIENTED_EDGE('',*,*,#11288,.T.);
#11288 = EDGE_CURVE('',#10539,#11289,#11291,.T.);
#11289 = VERTEX_POINT('',#11290);
#11290 = CARTESIAN_POINT('',(-1.29,-1.2,0.36));
#11291 = B_SPLINE_CURVE_WITH_KNOTS('',1,(#11292,#11293),.UNSPECIFIED.,
  .F.,.F.,(2,2),(1.525,2.475),.PIECEWISE_BEZIER_KNOTS.);
#11292 = CARTESIAN_POINT('',(-1.29,-0.63,0.36));
#11293 = CARTESIAN_POINT('',(-1.29,-1.2,0.36));
#11294 = ORIENTED_EDGE('',*,*,#11295,.T.);
#11295 = EDGE_CURVE('',#11289,#11296,#11298,.T.);
#11296 = VERTEX_POINT('',#11297);
#11297 = CARTESIAN_POINT('',(-1.2,-1.2,0.36));
#11298 = B_SPLINE_CURVE_WITH_KNOTS('',1,(#11299,#11300),.UNSPECIFIED.,
  .F.,.F.,(2,2),(0.35,0.5),.PIECEWISE_BEZIER_KNOTS.);
#11299 = CARTESIAN_POINT('',(-1.29,-1.2,0.36));
#11300 = CARTESIAN_POINT('',(-1.2,-1.2,0.36));
#11301 = ORIENTED_EDGE('',*,*,#11302,.F.);
#11302 = EDGE_CURVE('',#11268,#11296,#11303,.T.);
#11303 = B_SPLINE_CURVE_WITH_KNOTS('',1,(#11304,#11305),.UNSPECIFIED.,
  .F.,.F.,(2,2),(0.,4.),.PIECEWISE_BEZIER_KNOTS.);
#11304 = CARTESIAN_POINT('',(-1.2,1.2,0.36));
#11305 = CARTESIAN_POINT('',(-1.2,-1.2,0.36));
#11306 = B_SPLINE_SURFACE_WITH_KNOTS('',1,1,(
    (#11307,#11308)
    ,(#11309,#11310
    )),.UNSPECIFIED.,.F.,.F.,.F.,(2,2),(2,2),(-1.110223024625E-16,4.),(
    0.25,0.5),.PIECEWISE_BEZIER_KNOTS.);
#11307 = CARTESIAN_POINT('',(-1.35,1.2,0.36));
#11308 = CARTESIAN_POINT('',(-1.2,1.2,0.36));
#11309 = CARTESIAN_POINT('',(-1.35,-1.2,0.36));
#11310 = CARTESIAN_POINT('',(-1.2,-1.2,0.36));
#11311 = ADVANCED_FACE('',(#11312),#11322,.T.);
#11312 = FACE_BOUND('',#11313,.T.);
#11313 = EDGE_LOOP('',(#11314,#11319,#11320,#11321));
#11314 = ORIENTED_EDGE('',*,*,#11315,.T.);
#11315 = EDGE_CURVE('',#11289,#10624,#11316,.T.);
#11316 = B_SPLINE_CURVE_WITH_KNOTS('',1,(#11317,#11318),.UNSPECIFIED.,
  .F.,.F.,(2,2),(-0.15,-5.E-02),.PIECEWISE_BEZIER_KNOTS.);
#11317 = CARTESIAN_POINT('',(-1.29,-1.2,0.36));
#11318 = CARTESIAN_POINT('',(-1.29,-1.2,0.3));
#11319 = ORIENTED_EDGE('',*,*,#10631,.F.);
#11320 = ORIENTED_EDGE('',*,*,#10538,.T.);
#11321 = ORIENTED_EDGE('',*,*,#11288,.T.);
#11322 = B_SPLINE_SURFACE_WITH_KNOTS('',1,1,(
    (#11323,#11324)
    ,(#11325,#11326
  )),.UNSPECIFIED.,.F.,.F.,.F.,(2,2),(2,2),(0.,1.E-01),(0.,0.95),
  .PIECEWISE_BEZIER_KNOTS.);
#11323 = CARTESIAN_POINT('',(-1.29,-0.63,0.3));
#11324 = CARTESIAN_POINT('',(-1.29,-1.2,0.3));
#11325 = CARTESIAN_POINT('',(-1.29,-0.63,0.36));
#11326 = CARTESIAN_POINT('',(-1.29,-1.2,0.36));
#11327 = ADVANCED_FACE('',(#11328),#11346,.T.);
#11328 = FACE_BOUND('',#11329,.T.);
#11329 = EDGE_LOOP('',(#11330,#11338,#11344,#11345));
#11330 = ORIENTED_EDGE('',*,*,#11331,.T.);
#11331 = EDGE_CURVE('',#10624,#11332,#11334,.T.);
#11332 = VERTEX_POINT('',#11333);
#11333 = CARTESIAN_POINT('',(-1.29,-1.14,0.24));
#11334 = ( BOUNDED_CURVE() B_SPLINE_CURVE(2,(#11335,#11336,#11337),
.UNSPECIFIED.,.F.,.F.) B_SPLINE_CURVE_WITH_KNOTS((3,3),(0.,
1.570796326795),.PIECEWISE_BEZIER_KNOTS.) CURVE() 
GEOMETRIC_REPRESENTATION_ITEM() RATIONAL_B_SPLINE_CURVE((1.,
0.707106781187,1.)) REPRESENTATION_ITEM('') );
#11335 = CARTESIAN_POINT('',(-1.29,-1.2,0.3));
#11336 = CARTESIAN_POINT('',(-1.29,-1.2,0.24));
#11337 = CARTESIAN_POINT('',(-1.29,-1.14,0.24));
#11338 = ORIENTED_EDGE('',*,*,#11339,.F.);
#11339 = EDGE_CURVE('',#10560,#11332,#11340,.T.);
#11340 = ( BOUNDED_CURVE() B_SPLINE_CURVE(2,(#11341,#11342,#11343),
.UNSPECIFIED.,.F.,.F.) B_SPLINE_CURVE_WITH_KNOTS((3,3),(1.570796326795,
3.14159265359),.PIECEWISE_BEZIER_KNOTS.) CURVE() 
GEOMETRIC_REPRESENTATION_ITEM() RATIONAL_B_SPLINE_CURVE((1.,
0.707106781187,1.)) REPRESENTATION_ITEM('') );
#11341 = CARTESIAN_POINT('',(-1.35,-1.14,0.18));
#11342 = CARTESIAN_POINT('',(-1.35,-1.14,0.24));
#11343 = CARTESIAN_POINT('',(-1.29,-1.14,0.24));
#11344 = ORIENTED_EDGE('',*,*,#10559,.F.);
#11345 = ORIENTED_EDGE('',*,*,#10623,.T.);
#11346 = ( BOUNDED_SURFACE() B_SPLINE_SURFACE(2,2,(
    (#11347,#11348,#11349)
    ,(#11350,#11351,#11352)
    ,(#11353,#11354,#11355
)),.UNSPECIFIED.,.F.,.F.,.F.) B_SPLINE_SURFACE_WITH_KNOTS((3,3),(3,3),(
    4.712388980385,6.28318530718),(1.570796326795,3.14159265359),
.PIECEWISE_BEZIER_KNOTS.) GEOMETRIC_REPRESENTATION_ITEM() 
RATIONAL_B_SPLINE_SURFACE((
    (1.,0.707106781187,1.)
    ,(0.707106781187,0.5,0.707106781187)
,(1.,0.707106781187,1.))) REPRESENTATION_ITEM('') SURFACE() );
#11347 = CARTESIAN_POINT('',(-1.35,-1.14,0.18));
#11348 = CARTESIAN_POINT('',(-1.35,-1.14,0.24));
#11349 = CARTESIAN_POINT('',(-1.29,-1.14,0.24));
#11350 = CARTESIAN_POINT('',(-1.35,-1.26,0.18));
#11351 = CARTESIAN_POINT('',(-1.35,-1.2,0.24));
#11352 = CARTESIAN_POINT('',(-1.29,-1.2,0.24));
#11353 = CARTESIAN_POINT('',(-1.35,-1.26,0.3));
#11354 = CARTESIAN_POINT('',(-1.35,-1.2,0.3));
#11355 = CARTESIAN_POINT('',(-1.29,-1.2,0.3));
#11356 = ADVANCED_FACE('',(#11357),#11374,.T.);
#11357 = FACE_BOUND('',#11358,.T.);
#11358 = EDGE_LOOP('',(#11359,#11360,#11367,#11373));
#11359 = ORIENTED_EDGE('',*,*,#11339,.T.);
#11360 = ORIENTED_EDGE('',*,*,#11361,.T.);
#11361 = EDGE_CURVE('',#11332,#11362,#11364,.T.);
#11362 = VERTEX_POINT('',#11363);
#11363 = CARTESIAN_POINT('',(-1.29,1.14,0.24));
#11364 = B_SPLINE_CURVE_WITH_KNOTS('',1,(#11365,#11366),.UNSPECIFIED.,
  .F.,.F.,(2,2),(0.,3.8),.PIECEWISE_BEZIER_KNOTS.);
#11365 = CARTESIAN_POINT('',(-1.29,-1.14,0.24));
#11366 = CARTESIAN_POINT('',(-1.29,1.14,0.24));
#11367 = ORIENTED_EDGE('',*,*,#11368,.F.);
#11368 = EDGE_CURVE('',#10568,#11362,#11369,.T.);
#11369 = ( BOUNDED_CURVE() B_SPLINE_CURVE(2,(#11370,#11371,#11372),
.UNSPECIFIED.,.F.,.F.) B_SPLINE_CURVE_WITH_KNOTS((3,3),(0.,
1.570796326795),.PIECEWISE_BEZIER_KNOTS.) CURVE() 
GEOMETRIC_REPRESENTATION_ITEM() RATIONAL_B_SPLINE_CURVE((1.,
0.707106781187,1.)) REPRESENTATION_ITEM('') );
#11370 = CARTESIAN_POINT('',(-1.35,1.14,0.18));
#11371 = CARTESIAN_POINT('',(-1.35,1.14,0.24));
#11372 = CARTESIAN_POINT('',(-1.29,1.14,0.24));
#11373 = ORIENTED_EDGE('',*,*,#10567,.F.);
#11374 = ( BOUNDED_SURFACE() B_SPLINE_SURFACE(2,1,(
    (#11375,#11376)
    ,(#11377,#11378)
    ,(#11379,#11380
)),.UNSPECIFIED.,.F.,.F.,.F.) B_SPLINE_SURFACE_WITH_KNOTS((3,3),(2,2),(
    0.,1.570796326795),(0.,3.8),.PIECEWISE_BEZIER_KNOTS.) 
GEOMETRIC_REPRESENTATION_ITEM() RATIONAL_B_SPLINE_SURFACE((
    (1.,1.)
    ,(0.707106781187,0.707106781187)
,(1.,1.))) REPRESENTATION_ITEM('') SURFACE() );
#11375 = CARTESIAN_POINT('',(-1.35,-1.14,0.18));
#11376 = CARTESIAN_POINT('',(-1.35,1.14,0.18));
#11377 = CARTESIAN_POINT('',(-1.35,-1.14,0.24));
#11378 = CARTESIAN_POINT('',(-1.35,1.14,0.24));
#11379 = CARTESIAN_POINT('',(-1.29,-1.14,0.24));
#11380 = CARTESIAN_POINT('',(-1.29,1.14,0.24));
#11381 = ADVANCED_FACE('',(#11382),#11400,.T.);
#11382 = FACE_BOUND('',#11383,.T.);
#11383 = EDGE_LOOP('',(#11384,#11392,#11398,#11399));
#11384 = ORIENTED_EDGE('',*,*,#11385,.T.);
#11385 = EDGE_CURVE('',#11362,#11386,#11388,.T.);
#11386 = VERTEX_POINT('',#11387);
#11387 = CARTESIAN_POINT('',(-1.29,1.2,0.3));
#11388 = ( BOUNDED_CURVE() B_SPLINE_CURVE(2,(#11389,#11390,#11391),
.UNSPECIFIED.,.F.,.F.) B_SPLINE_CURVE_WITH_KNOTS((3,3),(0.,
1.570796326795),.PIECEWISE_BEZIER_KNOTS.) CURVE() 
GEOMETRIC_REPRESENTATION_ITEM() RATIONAL_B_SPLINE_CURVE((1.,
0.707106781187,1.)) REPRESENTATION_ITEM('') );
#11389 = CARTESIAN_POINT('',(-1.29,1.14,0.24));
#11390 = CARTESIAN_POINT('',(-1.29,1.2,0.24));
#11391 = CARTESIAN_POINT('',(-1.29,1.2,0.3));
#11392 = ORIENTED_EDGE('',*,*,#11393,.F.);
#11393 = EDGE_CURVE('',#10575,#11386,#11394,.T.);
#11394 = ( BOUNDED_CURVE() B_SPLINE_CURVE(2,(#11395,#11396,#11397),
.UNSPECIFIED.,.F.,.F.) B_SPLINE_CURVE_WITH_KNOTS((3,3),(0.,
1.570796326795),.PIECEWISE_BEZIER_KNOTS.) CURVE() 
GEOMETRIC_REPRESENTATION_ITEM() RATIONAL_B_SPLINE_CURVE((1.,
0.707106781187,1.)) REPRESENTATION_ITEM('') );
#11395 = CARTESIAN_POINT('',(-1.35,1.26,0.3));
#11396 = CARTESIAN_POINT('',(-1.35,1.2,0.3));
#11397 = CARTESIAN_POINT('',(-1.29,1.2,0.3));
#11398 = ORIENTED_EDGE('',*,*,#10574,.F.);
#11399 = ORIENTED_EDGE('',*,*,#11368,.T.);
#11400 = ( BOUNDED_SURFACE() B_SPLINE_SURFACE(2,2,(
    (#11401,#11402,#11403)
    ,(#11404,#11405,#11406)
    ,(#11407,#11408,#11409
)),.UNSPECIFIED.,.F.,.F.,.F.) B_SPLINE_SURFACE_WITH_KNOTS((3,3),(3,3),(
    4.712388980385,6.28318530718),(1.570796326795,3.14159265359),
.PIECEWISE_BEZIER_KNOTS.) GEOMETRIC_REPRESENTATION_ITEM() 
RATIONAL_B_SPLINE_SURFACE((
    (1.,0.707106781187,1.)
    ,(0.707106781187,0.5,0.707106781187)
,(1.,0.707106781187,1.))) REPRESENTATION_ITEM('') SURFACE() );
#11401 = CARTESIAN_POINT('',(-1.35,1.26,0.3));
#11402 = CARTESIAN_POINT('',(-1.35,1.2,0.3));
#11403 = CARTESIAN_POINT('',(-1.29,1.2,0.3));
#11404 = CARTESIAN_POINT('',(-1.35,1.26,0.18));
#11405 = CARTESIAN_POINT('',(-1.35,1.2,0.24));
#11406 = CARTESIAN_POINT('',(-1.29,1.2,0.24));
#11407 = CARTESIAN_POINT('',(-1.35,1.14,0.18));
#11408 = CARTESIAN_POINT('',(-1.35,1.14,0.24));
#11409 = CARTESIAN_POINT('',(-1.29,1.14,0.24));
#11410 = ADVANCED_FACE('',(#11411),#11441,.T.);
#11411 = FACE_BOUND('',#11412,.T.);
#11412 = EDGE_LOOP('',(#11413,#11420,#11425,#11426,#11433,#11438,#11439,
    #11440));
#11413 = ORIENTED_EDGE('',*,*,#11414,.T.);
#11414 = EDGE_CURVE('',#10590,#11415,#11417,.T.);
#11415 = VERTEX_POINT('',#11416);
#11416 = CARTESIAN_POINT('',(-1.32,1.35,0.3));
#11417 = B_SPLINE_CURVE_WITH_KNOTS('',1,(#11418,#11419),.UNSPECIFIED.,
  .F.,.F.,(2,2),(0.,5.E-02),.PIECEWISE_BEZIER_KNOTS.);
#11418 = CARTESIAN_POINT('',(-1.35,1.35,0.3));
#11419 = CARTESIAN_POINT('',(-1.32,1.35,0.3));
#11420 = ORIENTED_EDGE('',*,*,#11421,.T.);
#11421 = EDGE_CURVE('',#11415,#10713,#11422,.T.);
#11422 = B_SPLINE_CURVE_WITH_KNOTS('',1,(#11423,#11424),.UNSPECIFIED.,
  .F.,.F.,(2,2),(5.E-02,0.1),.PIECEWISE_BEZIER_KNOTS.);
#11423 = CARTESIAN_POINT('',(-1.32,1.35,0.3));
#11424 = CARTESIAN_POINT('',(-1.29,1.35,0.3));
#11425 = ORIENTED_EDGE('',*,*,#10712,.T.);
#11426 = ORIENTED_EDGE('',*,*,#11427,.T.);
#11427 = EDGE_CURVE('',#10715,#11428,#11430,.T.);
#11428 = VERTEX_POINT('',#11429);
#11429 = CARTESIAN_POINT('',(1.32,1.35,0.3));
#11430 = B_SPLINE_CURVE_WITH_KNOTS('',1,(#11431,#11432),.UNSPECIFIED.,
  .F.,.F.,(2,2),(0.,5.E-02),.PIECEWISE_BEZIER_KNOTS.);
#11431 = CARTESIAN_POINT('',(1.29,1.35,0.3));
#11432 = CARTESIAN_POINT('',(1.32,1.35,0.3));
#11433 = ORIENTED_EDGE('',*,*,#11434,.T.);
#11434 = EDGE_CURVE('',#11428,#11136,#11435,.T.);
#11435 = B_SPLINE_CURVE_WITH_KNOTS('',1,(#11436,#11437),.UNSPECIFIED.,
  .F.,.F.,(2,2),(5.E-02,0.1),.PIECEWISE_BEZIER_KNOTS.);
#11436 = CARTESIAN_POINT('',(1.32,1.35,0.3));
#11437 = CARTESIAN_POINT('',(1.35,1.35,0.3));
#11438 = ORIENTED_EDGE('',*,*,#11135,.T.);
#11439 = ORIENTED_EDGE('',*,*,#11205,.F.);
#11440 = ORIENTED_EDGE('',*,*,#10596,.F.);
#11441 = ( BOUNDED_SURFACE() B_SPLINE_SURFACE(2,1,(
    (#11442,#11443)
    ,(#11444,#11445)
    ,(#11446,#11447
)),.UNSPECIFIED.,.F.,.F.,.F.) B_SPLINE_SURFACE_WITH_KNOTS((3,3),(2,2),(
    4.712388980385,6.28318530718),(0.,4.5),.PIECEWISE_BEZIER_KNOTS.) 
GEOMETRIC_REPRESENTATION_ITEM() RATIONAL_B_SPLINE_SURFACE((
    (1.,1.)
    ,(0.707106781187,0.707106781187)
,(1.,1.))) REPRESENTATION_ITEM('') SURFACE() );
#11442 = CARTESIAN_POINT('',(-1.35,1.05,0.));
#11443 = CARTESIAN_POINT('',(1.35,1.05,0.));
#11444 = CARTESIAN_POINT('',(-1.35,1.35,-6.661338147751E-17));
#11445 = CARTESIAN_POINT('',(1.35,1.35,-6.661338147751E-17));
#11446 = CARTESIAN_POINT('',(-1.35,1.35,0.3));
#11447 = CARTESIAN_POINT('',(1.35,1.35,0.3));
#11448 = ADVANCED_FACE('',(#11449),#11459,.T.);
#11449 = FACE_BOUND('',#11450,.T.);
#11450 = EDGE_LOOP('',(#11451,#11452,#11453));
#11451 = ORIENTED_EDGE('',*,*,#11414,.F.);
#11452 = ORIENTED_EDGE('',*,*,#10589,.T.);
#11453 = ORIENTED_EDGE('',*,*,#11454,.T.);
#11454 = EDGE_CURVE('',#10583,#11415,#11455,.T.);
#11455 = ( BOUNDED_CURVE() B_SPLINE_CURVE(2,(#11456,#11457,#11458),
.UNSPECIFIED.,.F.,.F.) B_SPLINE_CURVE_WITH_KNOTS((3,3),(0.,
1.570796326795),.PIECEWISE_BEZIER_KNOTS.) CURVE() 
GEOMETRIC_REPRESENTATION_ITEM() RATIONAL_B_SPLINE_CURVE((1.,
0.707106781187,1.)) REPRESENTATION_ITEM('') );
#11456 = CARTESIAN_POINT('',(-1.35,1.32,0.3));
#11457 = CARTESIAN_POINT('',(-1.35,1.35,0.3));
#11458 = CARTESIAN_POINT('',(-1.32,1.35,0.3));
#11459 = B_SPLINE_SURFACE_WITH_KNOTS('',1,1,(
    (#11460,#11461)
    ,(#11462,#11463
    )),.UNSPECIFIED.,.F.,.F.,.F.,(2,2),(2,2),(-1.387778780781E-17,5.E-02
    ),(0.,5.E-02),.PIECEWISE_BEZIER_KNOTS.);
#11460 = CARTESIAN_POINT('',(-1.35,1.35,0.3));
#11461 = CARTESIAN_POINT('',(-1.32,1.35,0.3));
#11462 = CARTESIAN_POINT('',(-1.35,1.32,0.3));
#11463 = CARTESIAN_POINT('',(-1.32,1.32,0.3));
#11464 = ADVANCED_FACE('',(#11465),#11475,.F.);
#11465 = FACE_BOUND('',#11466,.F.);
#11466 = EDGE_LOOP('',(#11467,#11468,#11473,#11474));
#11467 = ORIENTED_EDGE('',*,*,#10654,.F.);
#11468 = ORIENTED_EDGE('',*,*,#11469,.F.);
#11469 = EDGE_CURVE('',#11415,#10648,#11470,.T.);
#11470 = B_SPLINE_CURVE_WITH_KNOTS('',1,(#11471,#11472),.UNSPECIFIED.,
  .F.,.F.,(2,2),(0.,1.9),.PIECEWISE_BEZIER_KNOTS.);
#11471 = CARTESIAN_POINT('',(-1.32,1.35,0.3));
#11472 = CARTESIAN_POINT('',(-1.32,1.35,1.44));
#11473 = ORIENTED_EDGE('',*,*,#11421,.T.);
#11474 = ORIENTED_EDGE('',*,*,#10721,.T.);
#11475 = B_SPLINE_SURFACE_WITH_KNOTS('',1,1,(
    (#11476,#11477)
    ,(#11478,#11479
    )),.UNSPECIFIED.,.F.,.F.,.F.,(2,2),(2,2),(0.,1.9),(-0.1,-5.E-02),
  .PIECEWISE_BEZIER_KNOTS.);
#11476 = CARTESIAN_POINT('',(-1.29,1.35,0.3));
#11477 = CARTESIAN_POINT('',(-1.32,1.35,0.3));
#11478 = CARTESIAN_POINT('',(-1.29,1.35,1.44));
#11479 = CARTESIAN_POINT('',(-1.32,1.35,1.44));
#11480 = ADVANCED_FACE('',(#11481),#11503,.T.);
#11481 = FACE_BOUND('',#11482,.T.);
#11482 = EDGE_LOOP('',(#11483,#11484,#11489,#11490,#11497,#11502));
#11483 = ORIENTED_EDGE('',*,*,#10676,.T.);
#11484 = ORIENTED_EDGE('',*,*,#11485,.T.);
#11485 = EDGE_CURVE('',#10670,#11116,#11486,.T.);
#11486 = B_SPLINE_CURVE_WITH_KNOTS('',1,(#11487,#11488),.UNSPECIFIED.,
  .F.,.F.,(2,2),(0.,1.9),.PIECEWISE_BEZIER_KNOTS.);
#11487 = CARTESIAN_POINT('',(1.35,-1.32,1.44));
#11488 = CARTESIAN_POINT('',(1.35,-1.32,0.3));
#11489 = ORIENTED_EDGE('',*,*,#11113,.F.);
#11490 = ORIENTED_EDGE('',*,*,#11491,.F.);
#11491 = EDGE_CURVE('',#11492,#11114,#11494,.T.);
#11492 = VERTEX_POINT('',#11493);
#11493 = CARTESIAN_POINT('',(1.35,-0.63,0.3));
#11494 = B_SPLINE_CURVE_WITH_KNOTS('',1,(#11495,#11496),.UNSPECIFIED.,
  .F.,.F.,(2,2),(0.,1.05),.PIECEWISE_BEZIER_KNOTS.);
#11495 = CARTESIAN_POINT('',(1.35,-0.63,0.3));
#11496 = CARTESIAN_POINT('',(1.35,-1.26,0.3));
#11497 = ORIENTED_EDGE('',*,*,#11498,.T.);
#11498 = EDGE_CURVE('',#11492,#10846,#11499,.T.);
#11499 = B_SPLINE_CURVE_WITH_KNOTS('',1,(#11500,#11501),.UNSPECIFIED.,
  .F.,.F.,(2,2),(0.,1.E-01),.PIECEWISE_BEZIER_KNOTS.);
#11500 = CARTESIAN_POINT('',(1.35,-0.63,0.3));
#11501 = CARTESIAN_POINT('',(1.35,-0.63,0.36));
#11502 = ORIENTED_EDGE('',*,*,#10858,.T.);
#11503 = B_SPLINE_SURFACE_WITH_KNOTS('',1,1,(
    (#11504,#11505)
    ,(#11506,#11507
    )),.UNSPECIFIED.,.F.,.F.,.F.,(2,2),(2,2),(0.,1.9),(0.,1.15),
  .PIECEWISE_BEZIER_KNOTS.);
#11504 = CARTESIAN_POINT('',(1.35,-0.63,0.3));
#11505 = CARTESIAN_POINT('',(1.35,-1.32,0.3));
#11506 = CARTESIAN_POINT('',(1.35,-0.63,1.44));
#11507 = CARTESIAN_POINT('',(1.35,-1.32,1.44));
#11508 = ADVANCED_FACE('',(#11509),#11520,.T.);
#11509 = FACE_BOUND('',#11510,.T.);
#11510 = EDGE_LOOP('',(#11511,#11512,#11513,#11514));
#11511 = ORIENTED_EDGE('',*,*,#10699,.T.);
#11512 = ORIENTED_EDGE('',*,*,#10800,.T.);
#11513 = ORIENTED_EDGE('',*,*,#10829,.F.);
#11514 = ORIENTED_EDGE('',*,*,#11515,.F.);
#11515 = EDGE_CURVE('',#10693,#10823,#11516,.T.);
#11516 = ( BOUNDED_CURVE() B_SPLINE_CURVE(2,(#11517,#11518,#11519),
.UNSPECIFIED.,.F.,.F.) B_SPLINE_CURVE_WITH_KNOTS((3,3),(0.,
1.570796326795),.PIECEWISE_BEZIER_KNOTS.) CURVE() 
GEOMETRIC_REPRESENTATION_ITEM() RATIONAL_B_SPLINE_CURVE((1.,
0.707106781187,1.)) REPRESENTATION_ITEM('') );
#11517 = CARTESIAN_POINT('',(1.32,1.35,1.44));
#11518 = CARTESIAN_POINT('',(1.35,1.35,1.44));
#11519 = CARTESIAN_POINT('',(1.35,1.32,1.44));
#11520 = ( BOUNDED_SURFACE() B_SPLINE_SURFACE(2,1,(
    (#11521,#11522)
    ,(#11523,#11524)
    ,(#11525,#11526
)),.UNSPECIFIED.,.F.,.F.,.F.) B_SPLINE_SURFACE_WITH_KNOTS((3,3),(2,2),(
    4.712388980385,6.28318530718),(0.,5.E-02),.PIECEWISE_BEZIER_KNOTS.) 
GEOMETRIC_REPRESENTATION_ITEM() RATIONAL_B_SPLINE_SURFACE((
    (1.,1.)
    ,(0.707106781187,0.707106781187)
,(1.,1.))) REPRESENTATION_ITEM('') SURFACE() );
#11521 = CARTESIAN_POINT('',(1.35,1.32,1.44));
#11522 = CARTESIAN_POINT('',(1.35,1.32,1.47));
#11523 = CARTESIAN_POINT('',(1.35,1.35,1.44));
#11524 = CARTESIAN_POINT('',(1.35,1.35,1.47));
#11525 = CARTESIAN_POINT('',(1.32,1.35,1.44));
#11526 = CARTESIAN_POINT('',(1.32,1.35,1.47));
#11527 = ADVANCED_FACE('',(#11528),#11538,.F.);
#11528 = FACE_BOUND('',#11529,.F.);
#11529 = EDGE_LOOP('',(#11530,#11531,#11532,#11533));
#11530 = ORIENTED_EDGE('',*,*,#10692,.F.);
#11531 = ORIENTED_EDGE('',*,*,#10727,.F.);
#11532 = ORIENTED_EDGE('',*,*,#11427,.T.);
#11533 = ORIENTED_EDGE('',*,*,#11534,.T.);
#11534 = EDGE_CURVE('',#11428,#10693,#11535,.T.);
#11535 = B_SPLINE_CURVE_WITH_KNOTS('',1,(#11536,#11537),.UNSPECIFIED.,
  .F.,.F.,(2,2),(0.,1.9),.PIECEWISE_BEZIER_KNOTS.);
#11536 = CARTESIAN_POINT('',(1.32,1.35,0.3));
#11537 = CARTESIAN_POINT('',(1.32,1.35,1.44));
#11538 = B_SPLINE_SURFACE_WITH_KNOTS('',1,1,(
    (#11539,#11540)
    ,(#11541,#11542
    )),.UNSPECIFIED.,.F.,.F.,.F.,(2,2),(2,2),(0.,1.9),(-5.E-02,0.),
  .PIECEWISE_BEZIER_KNOTS.);
#11539 = CARTESIAN_POINT('',(1.32,1.35,0.3));
#11540 = CARTESIAN_POINT('',(1.29,1.35,0.3));
#11541 = CARTESIAN_POINT('',(1.32,1.35,1.44));
#11542 = CARTESIAN_POINT('',(1.29,1.35,1.44));
#11543 = ADVANCED_FACE('',(#11544),#11612,.F.);
#11544 = FACE_BOUND('',#11545,.F.);
#11545 = EDGE_LOOP('',(#11546,#11555,#11563,#11570,#11578,#11583,#11584,
    #11592,#11599,#11607));
#11546 = ORIENTED_EDGE('',*,*,#11547,.F.);
#11547 = EDGE_CURVE('',#11548,#11550,#11552,.T.);
#11548 = VERTEX_POINT('',#11549);
#11549 = CARTESIAN_POINT('',(-0.87,1.65,0.12));
#11550 = VERTEX_POINT('',#11551);
#11551 = CARTESIAN_POINT('',(-0.87,1.5,0.12));
#11552 = B_SPLINE_CURVE_WITH_KNOTS('',1,(#11553,#11554),.UNSPECIFIED.,
  .F.,.F.,(2,2),(4.082269853E-02,0.29082269853),
  .PIECEWISE_BEZIER_KNOTS.);
#11553 = CARTESIAN_POINT('',(-0.87,1.65,0.12));
#11554 = CARTESIAN_POINT('',(-0.87,1.5,0.12));
#11555 = ORIENTED_EDGE('',*,*,#11556,.F.);
#11556 = EDGE_CURVE('',#11557,#11548,#11559,.T.);
#11557 = VERTEX_POINT('',#11558);
#11558 = CARTESIAN_POINT('',(-0.87,1.53,0.24));
#11559 = ( BOUNDED_CURVE() B_SPLINE_CURVE(2,(#11560,#11561,#11562),
.UNSPECIFIED.,.F.,.F.) B_SPLINE_CURVE_WITH_KNOTS((3,3),(3.14159265359,
4.712388980385),.PIECEWISE_BEZIER_KNOTS.) CURVE() 
GEOMETRIC_REPRESENTATION_ITEM() RATIONAL_B_SPLINE_CURVE((1.,
0.707106781187,1.)) REPRESENTATION_ITEM('') );
#11560 = CARTESIAN_POINT('',(-0.87,1.53,0.24));
#11561 = CARTESIAN_POINT('',(-0.87,1.53,0.12));
#11562 = CARTESIAN_POINT('',(-0.87,1.65,0.12));
#11563 = ORIENTED_EDGE('',*,*,#11564,.F.);
#11564 = EDGE_CURVE('',#11565,#11557,#11567,.T.);
#11565 = VERTEX_POINT('',#11566);
#11566 = CARTESIAN_POINT('',(-0.87,1.53,0.6));
#11567 = B_SPLINE_CURVE_WITH_KNOTS('',1,(#11568,#11569),.UNSPECIFIED.,
  .F.,.F.,(2,2),(0.,0.6),.PIECEWISE_BEZIER_KNOTS.);
#11568 = CARTESIAN_POINT('',(-0.87,1.53,0.6));
#11569 = CARTESIAN_POINT('',(-0.87,1.53,0.24));
#11570 = ORIENTED_EDGE('',*,*,#11571,.T.);
#11571 = EDGE_CURVE('',#11565,#11572,#11574,.T.);
#11572 = VERTEX_POINT('',#11573);
#11573 = CARTESIAN_POINT('',(-0.87,1.41,0.72));
#11574 = ( BOUNDED_CURVE() B_SPLINE_CURVE(2,(#11575,#11576,#11577),
.UNSPECIFIED.,.F.,.F.) B_SPLINE_CURVE_WITH_KNOTS((3,3),(0.,
1.570796326795),.PIECEWISE_BEZIER_KNOTS.) CURVE() 
GEOMETRIC_REPRESENTATION_ITEM() RATIONAL_B_SPLINE_CURVE((1.,
0.707106781187,1.)) REPRESENTATION_ITEM('') );
#11575 = CARTESIAN_POINT('',(-0.87,1.53,0.6));
#11576 = CARTESIAN_POINT('',(-0.87,1.53,0.72));
#11577 = CARTESIAN_POINT('',(-0.87,1.41,0.72));
#11578 = ORIENTED_EDGE('',*,*,#11579,.T.);
#11579 = EDGE_CURVE('',#11572,#10735,#11580,.T.);
#11580 = B_SPLINE_CURVE_WITH_KNOTS('',1,(#11581,#11582),.UNSPECIFIED.,
  .F.,.F.,(2,2),(0.,0.1),.PIECEWISE_BEZIER_KNOTS.);
#11581 = CARTESIAN_POINT('',(-0.87,1.41,0.72));
#11582 = CARTESIAN_POINT('',(-0.87,1.35,0.72));
#11583 = ORIENTED_EDGE('',*,*,#10734,.T.);
#11584 = ORIENTED_EDGE('',*,*,#11585,.F.);
#11585 = EDGE_CURVE('',#11586,#10737,#11588,.T.);
#11586 = VERTEX_POINT('',#11587);
#11587 = CARTESIAN_POINT('',(-0.87,1.41,0.54));
#11588 = ( BOUNDED_CURVE() B_SPLINE_CURVE(2,(#11589,#11590,#11591),
.UNSPECIFIED.,.F.,.F.) B_SPLINE_CURVE_WITH_KNOTS((3,3),(0.,
1.570796326795),.PIECEWISE_BEZIER_KNOTS.) CURVE() 
GEOMETRIC_REPRESENTATION_ITEM() RATIONAL_B_SPLINE_CURVE((1.,
0.707106781187,1.)) REPRESENTATION_ITEM('') );
#11589 = CARTESIAN_POINT('',(-0.87,1.41,0.54));
#11590 = CARTESIAN_POINT('',(-0.87,1.41,0.6));
#11591 = CARTESIAN_POINT('',(-0.87,1.35,0.6));
#11592 = ORIENTED_EDGE('',*,*,#11593,.F.);
#11593 = EDGE_CURVE('',#11594,#11586,#11596,.T.);
#11594 = VERTEX_POINT('',#11595);
#11595 = CARTESIAN_POINT('',(-0.87,1.41,0.24));
#11596 = B_SPLINE_CURVE_WITH_KNOTS('',1,(#11597,#11598),.UNSPECIFIED.,
  .F.,.F.,(2,2),(0.,0.5),.PIECEWISE_BEZIER_KNOTS.);
#11597 = CARTESIAN_POINT('',(-0.87,1.41,0.24));
#11598 = CARTESIAN_POINT('',(-0.87,1.41,0.54));
#11599 = ORIENTED_EDGE('',*,*,#11600,.T.);
#11600 = EDGE_CURVE('',#11594,#11601,#11603,.T.);
#11601 = VERTEX_POINT('',#11602);
#11602 = CARTESIAN_POINT('',(-0.87,1.5,5.265006004805E-02));
#11603 = ( BOUNDED_CURVE() B_SPLINE_CURVE(2,(#11604,#11605,#11606),
.UNSPECIFIED.,.F.,.F.) B_SPLINE_CURVE_WITH_KNOTS((3,3),(3.14159265359,
4.037257447448),.PIECEWISE_BEZIER_KNOTS.) CURVE() 
GEOMETRIC_REPRESENTATION_ITEM() RATIONAL_B_SPLINE_CURVE((1.,
0.901387818866,1.)) REPRESENTATION_ITEM('') );
#11604 = CARTESIAN_POINT('',(-0.87,1.41,0.24));
#11605 = CARTESIAN_POINT('',(-0.87,1.41,0.12470772926));
#11606 = CARTESIAN_POINT('',(-0.87,1.5,5.265006004805E-02));
#11607 = ORIENTED_EDGE('',*,*,#11608,.F.);
#11608 = EDGE_CURVE('',#11550,#11601,#11609,.T.);
#11609 = B_SPLINE_CURVE_WITH_KNOTS('',1,(#11610,#11611),.UNSPECIFIED.,
  .F.,.F.,(2,2),(9.7731058249E-02,0.209980958169),
  .PIECEWISE_BEZIER_KNOTS.);
#11610 = CARTESIAN_POINT('',(-0.87,1.5,0.12));
#11611 = CARTESIAN_POINT('',(-0.87,1.5,5.265006004805E-02));
#11612 = B_SPLINE_SURFACE_WITH_KNOTS('',1,1,(
    (#11613,#11614)
    ,(#11615,#11616
    )),.UNSPECIFIED.,.F.,.F.,.F.,(2,2),(2,2),(-0.604537883503,
    0.507712016417),(-0.23164539706,0.26835460294),
  .PIECEWISE_BEZIER_KNOTS.);
#11613 = CARTESIAN_POINT('',(-0.87,1.35,0.72));
#11614 = CARTESIAN_POINT('',(-0.87,1.65,0.72));
#11615 = CARTESIAN_POINT('',(-0.87,1.35,5.265006004805E-02));
#11616 = CARTESIAN_POINT('',(-0.87,1.65,5.265006004805E-02));
#11617 = ADVANCED_FACE('',(#11618),#11634,.F.);
#11618 = FACE_BOUND('',#11619,.F.);
#11619 = EDGE_LOOP('',(#11620,#11621,#11628,#11633));
#11620 = ORIENTED_EDGE('',*,*,#11579,.F.);
#11621 = ORIENTED_EDGE('',*,*,#11622,.T.);
#11622 = EDGE_CURVE('',#11572,#11623,#11625,.T.);
#11623 = VERTEX_POINT('',#11624);
#11624 = CARTESIAN_POINT('',(-0.51,1.41,0.72));
#11625 = B_SPLINE_CURVE_WITH_KNOTS('',1,(#11626,#11627),.UNSPECIFIED.,
  .F.,.F.,(2,2),(0.,0.6),.PIECEWISE_BEZIER_KNOTS.);
#11626 = CARTESIAN_POINT('',(-0.87,1.41,0.72));
#11627 = CARTESIAN_POINT('',(-0.51,1.41,0.72));
#11628 = ORIENTED_EDGE('',*,*,#11629,.T.);
#11629 = EDGE_CURVE('',#11623,#10751,#11630,.T.);
#11630 = B_SPLINE_CURVE_WITH_KNOTS('',1,(#11631,#11632),.UNSPECIFIED.,
  .F.,.F.,(2,2),(0.,0.1),.PIECEWISE_BEZIER_KNOTS.);
#11631 = CARTESIAN_POINT('',(-0.51,1.41,0.72));
#11632 = CARTESIAN_POINT('',(-0.51,1.35,0.72));
#11633 = ORIENTED_EDGE('',*,*,#10757,.T.);
#11634 = B_SPLINE_SURFACE_WITH_KNOTS('',1,1,(
    (#11635,#11636)
    ,(#11637,#11638
    )),.UNSPECIFIED.,.F.,.F.,.F.,(2,2),(2,2),(-1.33226762955E-16,0.1),(
    -0.6,0.),.PIECEWISE_BEZIER_KNOTS.);
#11635 = CARTESIAN_POINT('',(-0.51,1.41,0.72));
#11636 = CARTESIAN_POINT('',(-0.87,1.41,0.72));
#11637 = CARTESIAN_POINT('',(-0.51,1.35,0.72));
#11638 = CARTESIAN_POINT('',(-0.87,1.35,0.72));
#11639 = ADVANCED_FACE('',(#11640),#11657,.F.);
#11640 = FACE_BOUND('',#11641,.F.);
#11641 = EDGE_LOOP('',(#11642,#11643,#11644,#11652));
#11642 = ORIENTED_EDGE('',*,*,#11585,.T.);
#11643 = ORIENTED_EDGE('',*,*,#10743,.T.);
#11644 = ORIENTED_EDGE('',*,*,#11645,.F.);
#11645 = EDGE_CURVE('',#11646,#10744,#11648,.T.);
#11646 = VERTEX_POINT('',#11647);
#11647 = CARTESIAN_POINT('',(-0.51,1.41,0.54));
#11648 = ( BOUNDED_CURVE() B_SPLINE_CURVE(2,(#11649,#11650,#11651),
.UNSPECIFIED.,.F.,.F.) B_SPLINE_CURVE_WITH_KNOTS((3,3),(0.,
1.570796326795),.PIECEWISE_BEZIER_KNOTS.) CURVE() 
GEOMETRIC_REPRESENTATION_ITEM() RATIONAL_B_SPLINE_CURVE((1.,
0.707106781187,1.)) REPRESENTATION_ITEM('') );
#11649 = CARTESIAN_POINT('',(-0.51,1.41,0.54));
#11650 = CARTESIAN_POINT('',(-0.51,1.41,0.6));
#11651 = CARTESIAN_POINT('',(-0.51,1.35,0.6));
#11652 = ORIENTED_EDGE('',*,*,#11653,.F.);
#11653 = EDGE_CURVE('',#11586,#11646,#11654,.T.);
#11654 = B_SPLINE_CURVE_WITH_KNOTS('',1,(#11655,#11656),.UNSPECIFIED.,
  .F.,.F.,(2,2),(0.,0.6),.PIECEWISE_BEZIER_KNOTS.);
#11655 = CARTESIAN_POINT('',(-0.87,1.41,0.54));
#11656 = CARTESIAN_POINT('',(-0.51,1.41,0.54));
#11657 = ( BOUNDED_SURFACE() B_SPLINE_SURFACE(2,1,(
    (#11658,#11659)
    ,(#11660,#11661)
    ,(#11662,#11663
)),.UNSPECIFIED.,.F.,.F.,.F.) B_SPLINE_SURFACE_WITH_KNOTS((3,3),(2,2),(
    4.712388980385,6.28318530718),(-0.6,0.),.PIECEWISE_BEZIER_KNOTS.) 
GEOMETRIC_REPRESENTATION_ITEM() RATIONAL_B_SPLINE_SURFACE((
    (1.,1.)
    ,(0.707106781187,0.707106781187)
,(1.,1.))) REPRESENTATION_ITEM('') SURFACE() );
#11658 = CARTESIAN_POINT('',(-0.51,1.35,0.6));
#11659 = CARTESIAN_POINT('',(-0.87,1.35,0.6));
#11660 = CARTESIAN_POINT('',(-0.51,1.41,0.6));
#11661 = CARTESIAN_POINT('',(-0.87,1.41,0.6));
#11662 = CARTESIAN_POINT('',(-0.51,1.41,0.54));
#11663 = CARTESIAN_POINT('',(-0.87,1.41,0.54));
#11664 = ADVANCED_FACE('',(#11665),#11720,.T.);
#11665 = FACE_BOUND('',#11666,.T.);
#11666 = EDGE_LOOP('',(#11667,#11676,#11684,#11691,#11697,#11698,#11699,
    #11700,#11707,#11715));
#11667 = ORIENTED_EDGE('',*,*,#11668,.F.);
#11668 = EDGE_CURVE('',#11669,#11671,#11673,.T.);
#11669 = VERTEX_POINT('',#11670);
#11670 = CARTESIAN_POINT('',(-0.51,1.65,0.12));
#11671 = VERTEX_POINT('',#11672);
#11672 = CARTESIAN_POINT('',(-0.51,1.5,0.12));
#11673 = B_SPLINE_CURVE_WITH_KNOTS('',1,(#11674,#11675),.UNSPECIFIED.,
  .F.,.F.,(2,2),(4.082269853E-02,0.29082269853),
  .PIECEWISE_BEZIER_KNOTS.);
#11674 = CARTESIAN_POINT('',(-0.51,1.65,0.12));
#11675 = CARTESIAN_POINT('',(-0.51,1.5,0.12));
#11676 = ORIENTED_EDGE('',*,*,#11677,.F.);
#11677 = EDGE_CURVE('',#11678,#11669,#11680,.T.);
#11678 = VERTEX_POINT('',#11679);
#11679 = CARTESIAN_POINT('',(-0.51,1.53,0.24));
#11680 = ( BOUNDED_CURVE() B_SPLINE_CURVE(2,(#11681,#11682,#11683),
.UNSPECIFIED.,.F.,.F.) B_SPLINE_CURVE_WITH_KNOTS((3,3),(3.14159265359,
4.712388980385),.PIECEWISE_BEZIER_KNOTS.) CURVE() 
GEOMETRIC_REPRESENTATION_ITEM() RATIONAL_B_SPLINE_CURVE((1.,
0.707106781187,1.)) REPRESENTATION_ITEM('') );
#11681 = CARTESIAN_POINT('',(-0.51,1.53,0.24));
#11682 = CARTESIAN_POINT('',(-0.51,1.53,0.12));
#11683 = CARTESIAN_POINT('',(-0.51,1.65,0.12));
#11684 = ORIENTED_EDGE('',*,*,#11685,.F.);
#11685 = EDGE_CURVE('',#11686,#11678,#11688,.T.);
#11686 = VERTEX_POINT('',#11687);
#11687 = CARTESIAN_POINT('',(-0.51,1.53,0.6));
#11688 = B_SPLINE_CURVE_WITH_KNOTS('',1,(#11689,#11690),.UNSPECIFIED.,
  .F.,.F.,(2,2),(0.,0.6),.PIECEWISE_BEZIER_KNOTS.);
#11689 = CARTESIAN_POINT('',(-0.51,1.53,0.6));
#11690 = CARTESIAN_POINT('',(-0.51,1.53,0.24));
#11691 = ORIENTED_EDGE('',*,*,#11692,.T.);
#11692 = EDGE_CURVE('',#11686,#11623,#11693,.T.);
#11693 = ( BOUNDED_CURVE() B_SPLINE_CURVE(2,(#11694,#11695,#11696),
.UNSPECIFIED.,.F.,.F.) B_SPLINE_CURVE_WITH_KNOTS((3,3),(0.,
1.570796326795),.PIECEWISE_BEZIER_KNOTS.) CURVE() 
GEOMETRIC_REPRESENTATION_ITEM() RATIONAL_B_SPLINE_CURVE((1.,
0.707106781187,1.)) REPRESENTATION_ITEM('') );
#11694 = CARTESIAN_POINT('',(-0.51,1.53,0.6));
#11695 = CARTESIAN_POINT('',(-0.51,1.53,0.72));
#11696 = CARTESIAN_POINT('',(-0.51,1.41,0.72));
#11697 = ORIENTED_EDGE('',*,*,#11629,.T.);
#11698 = ORIENTED_EDGE('',*,*,#10750,.T.);
#11699 = ORIENTED_EDGE('',*,*,#11645,.F.);
#11700 = ORIENTED_EDGE('',*,*,#11701,.F.);
#11701 = EDGE_CURVE('',#11702,#11646,#11704,.T.);
#11702 = VERTEX_POINT('',#11703);
#11703 = CARTESIAN_POINT('',(-0.51,1.41,0.24));
#11704 = B_SPLINE_CURVE_WITH_KNOTS('',1,(#11705,#11706),.UNSPECIFIED.,
  .F.,.F.,(2,2),(0.,0.5),.PIECEWISE_BEZIER_KNOTS.);
#11705 = CARTESIAN_POINT('',(-0.51,1.41,0.24));
#11706 = CARTESIAN_POINT('',(-0.51,1.41,0.54));
#11707 = ORIENTED_EDGE('',*,*,#11708,.T.);
#11708 = EDGE_CURVE('',#11702,#11709,#11711,.T.);
#11709 = VERTEX_POINT('',#11710);
#11710 = CARTESIAN_POINT('',(-0.51,1.5,5.265006004805E-02));
#11711 = ( BOUNDED_CURVE() B_SPLINE_CURVE(2,(#11712,#11713,#11714),
.UNSPECIFIED.,.F.,.F.) B_SPLINE_CURVE_WITH_KNOTS((3,3),(3.14159265359,
4.037257447448),.PIECEWISE_BEZIER_KNOTS.) CURVE() 
GEOMETRIC_REPRESENTATION_ITEM() RATIONAL_B_SPLINE_CURVE((1.,
0.901387818866,1.)) REPRESENTATION_ITEM('') );
#11712 = CARTESIAN_POINT('',(-0.51,1.41,0.24));
#11713 = CARTESIAN_POINT('',(-0.51,1.41,0.12470772926));
#11714 = CARTESIAN_POINT('',(-0.51,1.5,5.265006004805E-02));
#11715 = ORIENTED_EDGE('',*,*,#11716,.F.);
#11716 = EDGE_CURVE('',#11671,#11709,#11717,.T.);
#11717 = B_SPLINE_CURVE_WITH_KNOTS('',1,(#11718,#11719),.UNSPECIFIED.,
  .F.,.F.,(2,2),(9.7731058249E-02,0.209980958169),
  .PIECEWISE_BEZIER_KNOTS.);
#11718 = CARTESIAN_POINT('',(-0.51,1.5,0.12));
#11719 = CARTESIAN_POINT('',(-0.51,1.5,5.265006004805E-02));
#11720 = B_SPLINE_SURFACE_WITH_KNOTS('',1,1,(
    (#11721,#11722)
    ,(#11723,#11724
    )),.UNSPECIFIED.,.F.,.F.,.F.,(2,2),(2,2),(-0.604537883503,
    0.507712016417),(-0.23164539706,0.26835460294),
  .PIECEWISE_BEZIER_KNOTS.);
#11721 = CARTESIAN_POINT('',(-0.51,1.35,0.72));
#11722 = CARTESIAN_POINT('',(-0.51,1.65,0.72));
#11723 = CARTESIAN_POINT('',(-0.51,1.35,5.265006004805E-02));
#11724 = CARTESIAN_POINT('',(-0.51,1.65,5.265006004805E-02));
#11725 = ADVANCED_FACE('',(#11726),#11794,.F.);
#11726 = FACE_BOUND('',#11727,.F.);
#11727 = EDGE_LOOP('',(#11728,#11737,#11745,#11752,#11760,#11765,#11766,
    #11774,#11781,#11789));
#11728 = ORIENTED_EDGE('',*,*,#11729,.F.);
#11729 = EDGE_CURVE('',#11730,#11732,#11734,.T.);
#11730 = VERTEX_POINT('',#11731);
#11731 = CARTESIAN_POINT('',(0.522,1.65,0.12));
#11732 = VERTEX_POINT('',#11733);
#11733 = CARTESIAN_POINT('',(0.522,1.5,0.12));
#11734 = B_SPLINE_CURVE_WITH_KNOTS('',1,(#11735,#11736),.UNSPECIFIED.,
  .F.,.F.,(2,2),(4.082269853E-02,0.29082269853),
  .PIECEWISE_BEZIER_KNOTS.);
#11735 = CARTESIAN_POINT('',(0.522,1.65,0.12));
#11736 = CARTESIAN_POINT('',(0.522,1.5,0.12));
#11737 = ORIENTED_EDGE('',*,*,#11738,.F.);
#11738 = EDGE_CURVE('',#11739,#11730,#11741,.T.);
#11739 = VERTEX_POINT('',#11740);
#11740 = CARTESIAN_POINT('',(0.522,1.53,0.24));
#11741 = ( BOUNDED_CURVE() B_SPLINE_CURVE(2,(#11742,#11743,#11744),
.UNSPECIFIED.,.F.,.F.) B_SPLINE_CURVE_WITH_KNOTS((3,3),(3.14159265359,
4.712388980385),.PIECEWISE_BEZIER_KNOTS.) CURVE() 
GEOMETRIC_REPRESENTATION_ITEM() RATIONAL_B_SPLINE_CURVE((1.,
0.707106781187,1.)) REPRESENTATION_ITEM('') );
#11742 = CARTESIAN_POINT('',(0.522,1.53,0.24));
#11743 = CARTESIAN_POINT('',(0.522,1.53,0.12));
#11744 = CARTESIAN_POINT('',(0.522,1.65,0.12));
#11745 = ORIENTED_EDGE('',*,*,#11746,.F.);
#11746 = EDGE_CURVE('',#11747,#11739,#11749,.T.);
#11747 = VERTEX_POINT('',#11748);
#11748 = CARTESIAN_POINT('',(0.522,1.53,0.6));
#11749 = B_SPLINE_CURVE_WITH_KNOTS('',1,(#11750,#11751),.UNSPECIFIED.,
  .F.,.F.,(2,2),(0.,0.6),.PIECEWISE_BEZIER_KNOTS.);
#11750 = CARTESIAN_POINT('',(0.522,1.53,0.6));
#11751 = CARTESIAN_POINT('',(0.522,1.53,0.24));
#11752 = ORIENTED_EDGE('',*,*,#11753,.T.);
#11753 = EDGE_CURVE('',#11747,#11754,#11756,.T.);
#11754 = VERTEX_POINT('',#11755);
#11755 = CARTESIAN_POINT('',(0.522,1.41,0.72));
#11756 = ( BOUNDED_CURVE() B_SPLINE_CURVE(2,(#11757,#11758,#11759),
.UNSPECIFIED.,.F.,.F.) B_SPLINE_CURVE_WITH_KNOTS((3,3),(0.,
1.570796326795),.PIECEWISE_BEZIER_KNOTS.) CURVE() 
GEOMETRIC_REPRESENTATION_ITEM() RATIONAL_B_SPLINE_CURVE((1.,
0.707106781187,1.)) REPRESENTATION_ITEM('') );
#11757 = CARTESIAN_POINT('',(0.522,1.53,0.6));
#11758 = CARTESIAN_POINT('',(0.522,1.53,0.72));
#11759 = CARTESIAN_POINT('',(0.522,1.41,0.72));
#11760 = ORIENTED_EDGE('',*,*,#11761,.T.);
#11761 = EDGE_CURVE('',#11754,#10765,#11762,.T.);
#11762 = B_SPLINE_CURVE_WITH_KNOTS('',1,(#11763,#11764),.UNSPECIFIED.,
  .F.,.F.,(2,2),(0.,0.1),.PIECEWISE_BEZIER_KNOTS.);
#11763 = CARTESIAN_POINT('',(0.522,1.41,0.72));
#11764 = CARTESIAN_POINT('',(0.522,1.35,0.72));
#11765 = ORIENTED_EDGE('',*,*,#10764,.T.);
#11766 = ORIENTED_EDGE('',*,*,#11767,.F.);
#11767 = EDGE_CURVE('',#11768,#10767,#11770,.T.);
#11768 = VERTEX_POINT('',#11769);
#11769 = CARTESIAN_POINT('',(0.522,1.41,0.54));
#11770 = ( BOUNDED_CURVE() B_SPLINE_CURVE(2,(#11771,#11772,#11773),
.UNSPECIFIED.,.F.,.F.) B_SPLINE_CURVE_WITH_KNOTS((3,3),(0.,
1.570796326795),.PIECEWISE_BEZIER_KNOTS.) CURVE() 
GEOMETRIC_REPRESENTATION_ITEM() RATIONAL_B_SPLINE_CURVE((1.,
0.707106781187,1.)) REPRESENTATION_ITEM('') );
#11771 = CARTESIAN_POINT('',(0.522,1.41,0.54));
#11772 = CARTESIAN_POINT('',(0.522,1.41,0.6));
#11773 = CARTESIAN_POINT('',(0.522,1.35,0.6));
#11774 = ORIENTED_EDGE('',*,*,#11775,.F.);
#11775 = EDGE_CURVE('',#11776,#11768,#11778,.T.);
#11776 = VERTEX_POINT('',#11777);
#11777 = CARTESIAN_POINT('',(0.522,1.41,0.24));
#11778 = B_SPLINE_CURVE_WITH_KNOTS('',1,(#11779,#11780),.UNSPECIFIED.,
  .F.,.F.,(2,2),(0.,0.5),.PIECEWISE_BEZIER_KNOTS.);
#11779 = CARTESIAN_POINT('',(0.522,1.41,0.24));
#11780 = CARTESIAN_POINT('',(0.522,1.41,0.54));
#11781 = ORIENTED_EDGE('',*,*,#11782,.T.);
#11782 = EDGE_CURVE('',#11776,#11783,#11785,.T.);
#11783 = VERTEX_POINT('',#11784);
#11784 = CARTESIAN_POINT('',(0.522,1.5,5.265006004805E-02));
#11785 = ( BOUNDED_CURVE() B_SPLINE_CURVE(2,(#11786,#11787,#11788),
.UNSPECIFIED.,.F.,.F.) B_SPLINE_CURVE_WITH_KNOTS((3,3),(3.14159265359,
4.037257447448),.PIECEWISE_BEZIER_KNOTS.) CURVE() 
GEOMETRIC_REPRESENTATION_ITEM() RATIONAL_B_SPLINE_CURVE((1.,
0.901387818866,1.)) REPRESENTATION_ITEM('') );
#11786 = CARTESIAN_POINT('',(0.522,1.41,0.24));
#11787 = CARTESIAN_POINT('',(0.522,1.41,0.12470772926));
#11788 = CARTESIAN_POINT('',(0.522,1.5,5.265006004805E-02));
#11789 = ORIENTED_EDGE('',*,*,#11790,.F.);
#11790 = EDGE_CURVE('',#11732,#11783,#11791,.T.);
#11791 = B_SPLINE_CURVE_WITH_KNOTS('',1,(#11792,#11793),.UNSPECIFIED.,
  .F.,.F.,(2,2),(9.7731058249E-02,0.209980958169),
  .PIECEWISE_BEZIER_KNOTS.);
#11792 = CARTESIAN_POINT('',(0.522,1.5,0.12));
#11793 = CARTESIAN_POINT('',(0.522,1.5,5.265006004805E-02));
#11794 = B_SPLINE_SURFACE_WITH_KNOTS('',1,1,(
    (#11795,#11796)
    ,(#11797,#11798
    )),.UNSPECIFIED.,.F.,.F.,.F.,(2,2),(2,2),(-0.604537883503,
    0.507712016417),(-0.23164539706,0.26835460294),
  .PIECEWISE_BEZIER_KNOTS.);
#11795 = CARTESIAN_POINT('',(0.522,1.35,0.72));
#11796 = CARTESIAN_POINT('',(0.522,1.65,0.72));
#11797 = CARTESIAN_POINT('',(0.522,1.35,5.265006004805E-02));
#11798 = CARTESIAN_POINT('',(0.522,1.65,5.265006004805E-02));
#11799 = ADVANCED_FACE('',(#11800),#11816,.F.);
#11800 = FACE_BOUND('',#11801,.F.);
#11801 = EDGE_LOOP('',(#11802,#11803,#11810,#11815));
#11802 = ORIENTED_EDGE('',*,*,#11761,.F.);
#11803 = ORIENTED_EDGE('',*,*,#11804,.T.);
#11804 = EDGE_CURVE('',#11754,#11805,#11807,.T.);
#11805 = VERTEX_POINT('',#11806);
#11806 = CARTESIAN_POINT('',(0.882,1.41,0.72));
#11807 = B_SPLINE_CURVE_WITH_KNOTS('',1,(#11808,#11809),.UNSPECIFIED.,
  .F.,.F.,(2,2),(0.,0.6),.PIECEWISE_BEZIER_KNOTS.);
#11808 = CARTESIAN_POINT('',(0.522,1.41,0.72));
#11809 = CARTESIAN_POINT('',(0.882,1.41,0.72));
#11810 = ORIENTED_EDGE('',*,*,#11811,.T.);
#11811 = EDGE_CURVE('',#11805,#10781,#11812,.T.);
#11812 = B_SPLINE_CURVE_WITH_KNOTS('',1,(#11813,#11814),.UNSPECIFIED.,
  .F.,.F.,(2,2),(0.,0.1),.PIECEWISE_BEZIER_KNOTS.);
#11813 = CARTESIAN_POINT('',(0.882,1.41,0.72));
#11814 = CARTESIAN_POINT('',(0.882,1.35,0.72));
#11815 = ORIENTED_EDGE('',*,*,#10787,.T.);
#11816 = B_SPLINE_SURFACE_WITH_KNOTS('',1,1,(
    (#11817,#11818)
    ,(#11819,#11820
    )),.UNSPECIFIED.,.F.,.F.,.F.,(2,2),(2,2),(-1.33226762955E-16,0.1),(
    -0.6,0.),.PIECEWISE_BEZIER_KNOTS.);
#11817 = CARTESIAN_POINT('',(0.882,1.41,0.72));
#11818 = CARTESIAN_POINT('',(0.522,1.41,0.72));
#11819 = CARTESIAN_POINT('',(0.882,1.35,0.72));
#11820 = CARTESIAN_POINT('',(0.522,1.35,0.72));
#11821 = ADVANCED_FACE('',(#11822),#11839,.F.);
#11822 = FACE_BOUND('',#11823,.F.);
#11823 = EDGE_LOOP('',(#11824,#11825,#11826,#11834));
#11824 = ORIENTED_EDGE('',*,*,#11767,.T.);
#11825 = ORIENTED_EDGE('',*,*,#10773,.T.);
#11826 = ORIENTED_EDGE('',*,*,#11827,.F.);
#11827 = EDGE_CURVE('',#11828,#10774,#11830,.T.);
#11828 = VERTEX_POINT('',#11829);
#11829 = CARTESIAN_POINT('',(0.882,1.41,0.54));
#11830 = ( BOUNDED_CURVE() B_SPLINE_CURVE(2,(#11831,#11832,#11833),
.UNSPECIFIED.,.F.,.F.) B_SPLINE_CURVE_WITH_KNOTS((3,3),(0.,
1.570796326795),.PIECEWISE_BEZIER_KNOTS.) CURVE() 
GEOMETRIC_REPRESENTATION_ITEM() RATIONAL_B_SPLINE_CURVE((1.,
0.707106781187,1.)) REPRESENTATION_ITEM('') );
#11831 = CARTESIAN_POINT('',(0.882,1.41,0.54));
#11832 = CARTESIAN_POINT('',(0.882,1.41,0.6));
#11833 = CARTESIAN_POINT('',(0.882,1.35,0.6));
#11834 = ORIENTED_EDGE('',*,*,#11835,.F.);
#11835 = EDGE_CURVE('',#11768,#11828,#11836,.T.);
#11836 = B_SPLINE_CURVE_WITH_KNOTS('',1,(#11837,#11838),.UNSPECIFIED.,
  .F.,.F.,(2,2),(0.,0.6),.PIECEWISE_BEZIER_KNOTS.);
#11837 = CARTESIAN_POINT('',(0.522,1.41,0.54));
#11838 = CARTESIAN_POINT('',(0.882,1.41,0.54));
#11839 = ( BOUNDED_SURFACE() B_SPLINE_SURFACE(2,1,(
    (#11840,#11841)
    ,(#11842,#11843)
    ,(#11844,#11845
)),.UNSPECIFIED.,.F.,.F.,.F.) B_SPLINE_SURFACE_WITH_KNOTS((3,3),(2,2),(
    4.712388980385,6.28318530718),(-0.6,1.110223024625E-16),
.PIECEWISE_BEZIER_KNOTS.) GEOMETRIC_REPRESENTATION_ITEM() 
RATIONAL_B_SPLINE_SURFACE((
    (1.,1.)
    ,(0.707106781187,0.707106781187)
,(1.,1.))) REPRESENTATION_ITEM('') SURFACE() );
#11840 = CARTESIAN_POINT('',(0.882,1.35,0.6));
#11841 = CARTESIAN_POINT('',(0.522,1.35,0.6));
#11842 = CARTESIAN_POINT('',(0.882,1.41,0.6));
#11843 = CARTESIAN_POINT('',(0.522,1.41,0.6));
#11844 = CARTESIAN_POINT('',(0.882,1.41,0.54));
#11845 = CARTESIAN_POINT('',(0.522,1.41,0.54));
#11846 = ADVANCED_FACE('',(#11847),#11902,.T.);
#11847 = FACE_BOUND('',#11848,.T.);
#11848 = EDGE_LOOP('',(#11849,#11858,#11866,#11873,#11879,#11880,#11881,
    #11882,#11889,#11897));
#11849 = ORIENTED_EDGE('',*,*,#11850,.F.);
#11850 = EDGE_CURVE('',#11851,#11853,#11855,.T.);
#11851 = VERTEX_POINT('',#11852);
#11852 = CARTESIAN_POINT('',(0.882,1.65,0.12));
#11853 = VERTEX_POINT('',#11854);
#11854 = CARTESIAN_POINT('',(0.882,1.5,0.12));
#11855 = B_SPLINE_CURVE_WITH_KNOTS('',1,(#11856,#11857),.UNSPECIFIED.,
  .F.,.F.,(2,2),(4.082269853E-02,0.29082269853),
  .PIECEWISE_BEZIER_KNOTS.);
#11856 = CARTESIAN_POINT('',(0.882,1.65,0.12));
#11857 = CARTESIAN_POINT('',(0.882,1.5,0.12));
#11858 = ORIENTED_EDGE('',*,*,#11859,.F.);
#11859 = EDGE_CURVE('',#11860,#11851,#11862,.T.);
#11860 = VERTEX_POINT('',#11861);
#11861 = CARTESIAN_POINT('',(0.882,1.53,0.24));
#11862 = ( BOUNDED_CURVE() B_SPLINE_CURVE(2,(#11863,#11864,#11865),
.UNSPECIFIED.,.F.,.F.) B_SPLINE_CURVE_WITH_KNOTS((3,3),(3.14159265359,
4.712388980385),.PIECEWISE_BEZIER_KNOTS.) CURVE() 
GEOMETRIC_REPRESENTATION_ITEM() RATIONAL_B_SPLINE_CURVE((1.,
0.707106781187,1.)) REPRESENTATION_ITEM('') );
#11863 = CARTESIAN_POINT('',(0.882,1.53,0.24));
#11864 = CARTESIAN_POINT('',(0.882,1.53,0.12));
#11865 = CARTESIAN_POINT('',(0.882,1.65,0.12));
#11866 = ORIENTED_EDGE('',*,*,#11867,.F.);
#11867 = EDGE_CURVE('',#11868,#11860,#11870,.T.);
#11868 = VERTEX_POINT('',#11869);
#11869 = CARTESIAN_POINT('',(0.882,1.53,0.6));
#11870 = B_SPLINE_CURVE_WITH_KNOTS('',1,(#11871,#11872),.UNSPECIFIED.,
  .F.,.F.,(2,2),(0.,0.6),.PIECEWISE_BEZIER_KNOTS.);
#11871 = CARTESIAN_POINT('',(0.882,1.53,0.6));
#11872 = CARTESIAN_POINT('',(0.882,1.53,0.24));
#11873 = ORIENTED_EDGE('',*,*,#11874,.T.);
#11874 = EDGE_CURVE('',#11868,#11805,#11875,.T.);
#11875 = ( BOUNDED_CURVE() B_SPLINE_CURVE(2,(#11876,#11877,#11878),
.UNSPECIFIED.,.F.,.F.) B_SPLINE_CURVE_WITH_KNOTS((3,3),(0.,
1.570796326795),.PIECEWISE_BEZIER_KNOTS.) CURVE() 
GEOMETRIC_REPRESENTATION_ITEM() RATIONAL_B_SPLINE_CURVE((1.,
0.707106781187,1.)) REPRESENTATION_ITEM('') );
#11876 = CARTESIAN_POINT('',(0.882,1.53,0.6));
#11877 = CARTESIAN_POINT('',(0.882,1.53,0.72));
#11878 = CARTESIAN_POINT('',(0.882,1.41,0.72));
#11879 = ORIENTED_EDGE('',*,*,#11811,.T.);
#11880 = ORIENTED_EDGE('',*,*,#10780,.T.);
#11881 = ORIENTED_EDGE('',*,*,#11827,.F.);
#11882 = ORIENTED_EDGE('',*,*,#11883,.F.);
#11883 = EDGE_CURVE('',#11884,#11828,#11886,.T.);
#11884 = VERTEX_POINT('',#11885);
#11885 = CARTESIAN_POINT('',(0.882,1.41,0.24));
#11886 = B_SPLINE_CURVE_WITH_KNOTS('',1,(#11887,#11888),.UNSPECIFIED.,
  .F.,.F.,(2,2),(0.,0.5),.PIECEWISE_BEZIER_KNOTS.);
#11887 = CARTESIAN_POINT('',(0.882,1.41,0.24));
#11888 = CARTESIAN_POINT('',(0.882,1.41,0.54));
#11889 = ORIENTED_EDGE('',*,*,#11890,.T.);
#11890 = EDGE_CURVE('',#11884,#11891,#11893,.T.);
#11891 = VERTEX_POINT('',#11892);
#11892 = CARTESIAN_POINT('',(0.882,1.5,5.265006004805E-02));
#11893 = ( BOUNDED_CURVE() B_SPLINE_CURVE(2,(#11894,#11895,#11896),
.UNSPECIFIED.,.F.,.F.) B_SPLINE_CURVE_WITH_KNOTS((3,3),(3.14159265359,
4.037257447448),.PIECEWISE_BEZIER_KNOTS.) CURVE() 
GEOMETRIC_REPRESENTATION_ITEM() RATIONAL_B_SPLINE_CURVE((1.,
0.901387818866,1.)) REPRESENTATION_ITEM('') );
#11894 = CARTESIAN_POINT('',(0.882,1.41,0.24));
#11895 = CARTESIAN_POINT('',(0.882,1.41,0.12470772926));
#11896 = CARTESIAN_POINT('',(0.882,1.5,5.265006004805E-02));
#11897 = ORIENTED_EDGE('',*,*,#11898,.F.);
#11898 = EDGE_CURVE('',#11853,#11891,#11899,.T.);
#11899 = B_SPLINE_CURVE_WITH_KNOTS('',1,(#11900,#11901),.UNSPECIFIED.,
  .F.,.F.,(2,2),(9.7731058249E-02,0.209980958169),
  .PIECEWISE_BEZIER_KNOTS.);
#11900 = CARTESIAN_POINT('',(0.882,1.5,0.12));
#11901 = CARTESIAN_POINT('',(0.882,1.5,5.265006004805E-02));
#11902 = B_SPLINE_SURFACE_WITH_KNOTS('',1,1,(
    (#11903,#11904)
    ,(#11905,#11906
    )),.UNSPECIFIED.,.F.,.F.,.F.,(2,2),(2,2),(-0.604537883503,
    0.507712016417),(-0.23164539706,0.26835460294),
  .PIECEWISE_BEZIER_KNOTS.);
#11903 = CARTESIAN_POINT('',(0.882,1.35,0.72));
#11904 = CARTESIAN_POINT('',(0.882,1.65,0.72));
#11905 = CARTESIAN_POINT('',(0.882,1.35,5.265006004805E-02));
#11906 = CARTESIAN_POINT('',(0.882,1.65,5.265006004805E-02));
#11907 = ADVANCED_FACE('',(#11908),#11930,.T.);
#11908 = FACE_BOUND('',#11909,.T.);
#11909 = EDGE_LOOP('',(#11910,#11911,#11912,#11919,#11924,#11925));
#11910 = ORIENTED_EDGE('',*,*,#10822,.T.);
#11911 = ORIENTED_EDGE('',*,*,#10852,.F.);
#11912 = ORIENTED_EDGE('',*,*,#11913,.F.);
#11913 = EDGE_CURVE('',#11914,#10844,#11916,.T.);
#11914 = VERTEX_POINT('',#11915);
#11915 = CARTESIAN_POINT('',(1.35,0.63,0.3));
#11916 = B_SPLINE_CURVE_WITH_KNOTS('',1,(#11917,#11918),.UNSPECIFIED.,
  .F.,.F.,(2,2),(0.,1.E-01),.PIECEWISE_BEZIER_KNOTS.);
#11917 = CARTESIAN_POINT('',(1.35,0.63,0.3));
#11918 = CARTESIAN_POINT('',(1.35,0.63,0.36));
#11919 = ORIENTED_EDGE('',*,*,#11920,.F.);
#11920 = EDGE_CURVE('',#11151,#11914,#11921,.T.);
#11921 = B_SPLINE_CURVE_WITH_KNOTS('',1,(#11922,#11923),.UNSPECIFIED.,
  .F.,.F.,(2,2),(0.15,1.2),.PIECEWISE_BEZIER_KNOTS.);
#11922 = CARTESIAN_POINT('',(1.35,1.26,0.3));
#11923 = CARTESIAN_POINT('',(1.35,0.63,0.3));
#11924 = ORIENTED_EDGE('',*,*,#11150,.F.);
#11925 = ORIENTED_EDGE('',*,*,#11926,.T.);
#11926 = EDGE_CURVE('',#11144,#10823,#11927,.T.);
#11927 = B_SPLINE_CURVE_WITH_KNOTS('',1,(#11928,#11929),.UNSPECIFIED.,
  .F.,.F.,(2,2),(0.,1.9),.PIECEWISE_BEZIER_KNOTS.);
#11928 = CARTESIAN_POINT('',(1.35,1.32,0.3));
#11929 = CARTESIAN_POINT('',(1.35,1.32,1.44));
#11930 = B_SPLINE_SURFACE_WITH_KNOTS('',1,1,(
    (#11931,#11932)
    ,(#11933,#11934
    )),.UNSPECIFIED.,.F.,.F.,.F.,(2,2),(2,2),(0.,1.9),(5.E-02,1.2),
  .PIECEWISE_BEZIER_KNOTS.);
#11931 = CARTESIAN_POINT('',(1.35,1.32,0.3));
#11932 = CARTESIAN_POINT('',(1.35,0.63,0.3));
#11933 = CARTESIAN_POINT('',(1.35,1.32,1.44));
#11934 = CARTESIAN_POINT('',(1.35,0.63,1.44));
#11935 = ADVANCED_FACE('',(#11936),#11986,.F.);
#11936 = FACE_BOUND('',#11937,.F.);
#11937 = EDGE_LOOP('',(#11938,#11947,#11954,#11961,#11968,#11973,#11974,
    #11981));
#11938 = ORIENTED_EDGE('',*,*,#11939,.F.);
#11939 = EDGE_CURVE('',#11940,#11942,#11944,.T.);
#11940 = VERTEX_POINT('',#11941);
#11941 = CARTESIAN_POINT('',(1.2,1.2,0.36));
#11942 = VERTEX_POINT('',#11943);
#11943 = CARTESIAN_POINT('',(1.29,1.2,0.36));
#11944 = B_SPLINE_CURVE_WITH_KNOTS('',1,(#11945,#11946),.UNSPECIFIED.,
  .F.,.F.,(2,2),(0.,0.15),.PIECEWISE_BEZIER_KNOTS.);
#11945 = CARTESIAN_POINT('',(1.2,1.2,0.36));
#11946 = CARTESIAN_POINT('',(1.29,1.2,0.36));
#11947 = ORIENTED_EDGE('',*,*,#11948,.T.);
#11948 = EDGE_CURVE('',#11940,#11949,#11951,.T.);
#11949 = VERTEX_POINT('',#11950);
#11950 = CARTESIAN_POINT('',(1.2,-1.2,0.36));
#11951 = B_SPLINE_CURVE_WITH_KNOTS('',1,(#11952,#11953),.UNSPECIFIED.,
  .F.,.F.,(2,2),(0.,4.),.PIECEWISE_BEZIER_KNOTS.);
#11952 = CARTESIAN_POINT('',(1.2,1.2,0.36));
#11953 = CARTESIAN_POINT('',(1.2,-1.2,0.36));
#11954 = ORIENTED_EDGE('',*,*,#11955,.T.);
#11955 = EDGE_CURVE('',#11949,#11956,#11958,.T.);
#11956 = VERTEX_POINT('',#11957);
#11957 = CARTESIAN_POINT('',(1.29,-1.2,0.36));
#11958 = B_SPLINE_CURVE_WITH_KNOTS('',1,(#11959,#11960),.UNSPECIFIED.,
  .F.,.F.,(2,2),(0.,0.15),.PIECEWISE_BEZIER_KNOTS.);
#11959 = CARTESIAN_POINT('',(1.2,-1.2,0.36));
#11960 = CARTESIAN_POINT('',(1.29,-1.2,0.36));
#11961 = ORIENTED_EDGE('',*,*,#11962,.F.);
#11962 = EDGE_CURVE('',#11963,#11956,#11965,.T.);
#11963 = VERTEX_POINT('',#11964);
#11964 = CARTESIAN_POINT('',(1.29,-0.63,0.36));
#11965 = B_SPLINE_CURVE_WITH_KNOTS('',1,(#11966,#11967),.UNSPECIFIED.,
  .F.,.F.,(2,2),(1.525,2.475),.PIECEWISE_BEZIER_KNOTS.);
#11966 = CARTESIAN_POINT('',(1.29,-0.63,0.36));
#11967 = CARTESIAN_POINT('',(1.29,-1.2,0.36));
#11968 = ORIENTED_EDGE('',*,*,#11969,.F.);
#11969 = EDGE_CURVE('',#10846,#11963,#11970,.T.);
#11970 = B_SPLINE_CURVE_WITH_KNOTS('',1,(#11971,#11972),.UNSPECIFIED.,
  .F.,.F.,(2,2),(-0.175,-7.5E-02),.PIECEWISE_BEZIER_KNOTS.);
#11971 = CARTESIAN_POINT('',(1.35,-0.63,0.36));
#11972 = CARTESIAN_POINT('',(1.29,-0.63,0.36));
#11973 = ORIENTED_EDGE('',*,*,#10843,.F.);
#11974 = ORIENTED_EDGE('',*,*,#11975,.T.);
#11975 = EDGE_CURVE('',#10844,#11976,#11978,.T.);
#11976 = VERTEX_POINT('',#11977);
#11977 = CARTESIAN_POINT('',(1.29,0.63,0.36));
#11978 = B_SPLINE_CURVE_WITH_KNOTS('',1,(#11979,#11980),.UNSPECIFIED.,
  .F.,.F.,(2,2),(-0.175,-7.5E-02),.PIECEWISE_BEZIER_KNOTS.);
#11979 = CARTESIAN_POINT('',(1.35,0.63,0.36));
#11980 = CARTESIAN_POINT('',(1.29,0.63,0.36));
#11981 = ORIENTED_EDGE('',*,*,#11982,.F.);
#11982 = EDGE_CURVE('',#11942,#11976,#11983,.T.);
#11983 = B_SPLINE_CURVE_WITH_KNOTS('',1,(#11984,#11985),.UNSPECIFIED.,
  .F.,.F.,(2,2),(0.125,1.075),.PIECEWISE_BEZIER_KNOTS.);
#11984 = CARTESIAN_POINT('',(1.29,1.2,0.36));
#11985 = CARTESIAN_POINT('',(1.29,0.63,0.36));
#11986 = B_SPLINE_SURFACE_WITH_KNOTS('',1,1,(
    (#11987,#11988)
    ,(#11989,#11990
    )),.UNSPECIFIED.,.F.,.F.,.F.,(2,2),(2,2),(-2.775557561563E-17,4.),(
    0.,0.25),.PIECEWISE_BEZIER_KNOTS.);
#11987 = CARTESIAN_POINT('',(1.2,1.2,0.36));
#11988 = CARTESIAN_POINT('',(1.35,1.2,0.36));
#11989 = CARTESIAN_POINT('',(1.2,-1.2,0.36));
#11990 = CARTESIAN_POINT('',(1.35,-1.2,0.36));
#11991 = ADVANCED_FACE('',(#11992),#11998,.T.);
#11992 = FACE_BOUND('',#11993,.T.);
#11993 = EDGE_LOOP('',(#11994,#11995,#11996,#11997));
#11994 = ORIENTED_EDGE('',*,*,#11096,.T.);
#11995 = ORIENTED_EDGE('',*,*,#10899,.T.);
#11996 = ORIENTED_EDGE('',*,*,#11187,.F.);
#11997 = ORIENTED_EDGE('',*,*,#11485,.F.);
#11998 = ( BOUNDED_SURFACE() B_SPLINE_SURFACE(2,1,(
    (#11999,#12000)
    ,(#12001,#12002)
    ,(#12003,#12004
)),.UNSPECIFIED.,.F.,.F.,.F.) B_SPLINE_SURFACE_WITH_KNOTS((3,3),(2,2),(
    0.,1.570796326795),(0.,1.9),.PIECEWISE_BEZIER_KNOTS.) 
GEOMETRIC_REPRESENTATION_ITEM() RATIONAL_B_SPLINE_SURFACE((
    (1.,1.)
    ,(0.707106781187,0.707106781187)
,(1.,1.))) REPRESENTATION_ITEM('') SURFACE() );
#11999 = CARTESIAN_POINT('',(1.35,-1.32,1.44));
#12000 = CARTESIAN_POINT('',(1.35,-1.32,0.3));
#12001 = CARTESIAN_POINT('',(1.35,-1.35,1.44));
#12002 = CARTESIAN_POINT('',(1.35,-1.35,0.3));
#12003 = CARTESIAN_POINT('',(1.32,-1.35,1.44));
#12004 = CARTESIAN_POINT('',(1.32,-1.35,0.3));
#12005 = ADVANCED_FACE('',(#12006),#12016,.T.);
#12006 = FACE_BOUND('',#12007,.T.);
#12007 = EDGE_LOOP('',(#12008,#12013,#12014,#12015));
#12008 = ORIENTED_EDGE('',*,*,#12009,.T.);
#12009 = EDGE_CURVE('',#11051,#10984,#12010,.T.);
#12010 = B_SPLINE_CURVE_WITH_KNOTS('',1,(#12011,#12012),.UNSPECIFIED.,
  .F.,.F.,(2,2),(0.,0.6),.PIECEWISE_BEZIER_KNOTS.);
#12011 = CARTESIAN_POINT('',(0.18,-1.38,0.24));
#12012 = CARTESIAN_POINT('',(-0.18,-1.38,0.24));
#12013 = ORIENTED_EDGE('',*,*,#10983,.T.);
#12014 = ORIENTED_EDGE('',*,*,#10921,.F.);
#12015 = ORIENTED_EDGE('',*,*,#11050,.F.);
#12016 = B_SPLINE_SURFACE_WITH_KNOTS('',1,1,(
    (#12017,#12018)
    ,(#12019,#12020
    )),.UNSPECIFIED.,.F.,.F.,.F.,(2,2),(2,2),(-4.02E-16,0.5),(-0.6,0.),
  .PIECEWISE_BEZIER_KNOTS.);
#12017 = CARTESIAN_POINT('',(-0.18,-1.38,0.24));
#12018 = CARTESIAN_POINT('',(0.18,-1.38,0.24));
#12019 = CARTESIAN_POINT('',(-0.18,-1.38,0.54));
#12020 = CARTESIAN_POINT('',(0.18,-1.38,0.54));
#12021 = ADVANCED_FACE('',(#12022),#12078,.T.);
#12022 = FACE_BOUND('',#12023,.T.);
#12023 = EDGE_LOOP('',(#12024,#12031,#12038,#12045,#12052,#12057,#12058,
    #12065,#12072,#12077));
#12024 = ORIENTED_EDGE('',*,*,#12025,.F.);
#12025 = EDGE_CURVE('',#12026,#10947,#12028,.T.);
#12026 = VERTEX_POINT('',#12027);
#12027 = CARTESIAN_POINT('',(-0.39,-1.5,0.12));
#12028 = B_SPLINE_CURVE_WITH_KNOTS('',1,(#12029,#12030),.UNSPECIFIED.,
  .F.,.F.,(2,2),(0.,0.35),.PIECEWISE_BEZIER_KNOTS.);
#12029 = CARTESIAN_POINT('',(-0.39,-1.5,0.12));
#12030 = CARTESIAN_POINT('',(-0.18,-1.5,0.12));
#12031 = ORIENTED_EDGE('',*,*,#12032,.T.);
#12032 = EDGE_CURVE('',#12026,#12033,#12035,.T.);
#12033 = VERTEX_POINT('',#12034);
#12034 = CARTESIAN_POINT('',(-0.39,-1.86,0.12));
#12035 = B_SPLINE_CURVE_WITH_KNOTS('',1,(#12036,#12037),.UNSPECIFIED.,
  .F.,.F.,(2,2),(0.,0.6),.PIECEWISE_BEZIER_KNOTS.);
#12036 = CARTESIAN_POINT('',(-0.39,-1.5,0.12));
#12037 = CARTESIAN_POINT('',(-0.39,-1.86,0.12));
#12038 = ORIENTED_EDGE('',*,*,#12039,.T.);
#12039 = EDGE_CURVE('',#12033,#12040,#12042,.T.);
#12040 = VERTEX_POINT('',#12041);
#12041 = CARTESIAN_POINT('',(0.39,-1.86,0.12));
#12042 = B_SPLINE_CURVE_WITH_KNOTS('',1,(#12043,#12044),.UNSPECIFIED.,
  .F.,.F.,(2,2),(0.,1.3),.PIECEWISE_BEZIER_KNOTS.);
#12043 = CARTESIAN_POINT('',(-0.39,-1.86,0.12));
#12044 = CARTESIAN_POINT('',(0.39,-1.86,0.12));
#12045 = ORIENTED_EDGE('',*,*,#12046,.F.);
#12046 = EDGE_CURVE('',#12047,#12040,#12049,.T.);
#12047 = VERTEX_POINT('',#12048);
#12048 = CARTESIAN_POINT('',(0.39,-1.5,0.12));
#12049 = B_SPLINE_CURVE_WITH_KNOTS('',1,(#12050,#12051),.UNSPECIFIED.,
  .F.,.F.,(2,2),(0.,0.6),.PIECEWISE_BEZIER_KNOTS.);
#12050 = CARTESIAN_POINT('',(0.39,-1.5,0.12));
#12051 = CARTESIAN_POINT('',(0.39,-1.86,0.12));
#12052 = ORIENTED_EDGE('',*,*,#12053,.F.);
#12053 = EDGE_CURVE('',#11014,#12047,#12054,.T.);
#12054 = B_SPLINE_CURVE_WITH_KNOTS('',1,(#12055,#12056),.UNSPECIFIED.,
  .F.,.F.,(2,2),(0.95,1.3),.PIECEWISE_BEZIER_KNOTS.);
#12055 = CARTESIAN_POINT('',(0.18,-1.5,0.12));
#12056 = CARTESIAN_POINT('',(0.39,-1.5,0.12));
#12057 = ORIENTED_EDGE('',*,*,#11011,.F.);
#12058 = ORIENTED_EDGE('',*,*,#12059,.T.);
#12059 = EDGE_CURVE('',#11012,#12060,#12062,.T.);
#12060 = VERTEX_POINT('',#12061);
#12061 = CARTESIAN_POINT('',(0.18,-1.68,0.12));
#12062 = B_SPLINE_CURVE_WITH_KNOTS('',1,(#12063,#12064),.UNSPECIFIED.,
  .F.,.F.,(2,2),(0.,1.E-01),.PIECEWISE_BEZIER_KNOTS.);
#12063 = CARTESIAN_POINT('',(0.18,-1.62,0.12));
#12064 = CARTESIAN_POINT('',(0.18,-1.68,0.12));
#12065 = ORIENTED_EDGE('',*,*,#12066,.T.);
#12066 = EDGE_CURVE('',#12060,#12067,#12069,.T.);
#12067 = VERTEX_POINT('',#12068);
#12068 = CARTESIAN_POINT('',(-0.18,-1.68,0.12));
#12069 = B_SPLINE_CURVE_WITH_KNOTS('',1,(#12070,#12071),.UNSPECIFIED.,
  .F.,.F.,(2,2),(0.,0.6),.PIECEWISE_BEZIER_KNOTS.);
#12070 = CARTESIAN_POINT('',(0.18,-1.68,0.12));
#12071 = CARTESIAN_POINT('',(-0.18,-1.68,0.12));
#12072 = ORIENTED_EDGE('',*,*,#12073,.F.);
#12073 = EDGE_CURVE('',#10945,#12067,#12074,.T.);
#12074 = B_SPLINE_CURVE_WITH_KNOTS('',1,(#12075,#12076),.UNSPECIFIED.,
  .F.,.F.,(2,2),(0.,1.E-01),.PIECEWISE_BEZIER_KNOTS.);
#12075 = CARTESIAN_POINT('',(-0.18,-1.62,0.12));
#12076 = CARTESIAN_POINT('',(-0.18,-1.68,0.12));
#12077 = ORIENTED_EDGE('',*,*,#10944,.T.);
#12078 = B_SPLINE_SURFACE_WITH_KNOTS('',1,1,(
    (#12079,#12080)
    ,(#12081,#12082
    )),.UNSPECIFIED.,.F.,.F.,.F.,(2,2),(2,2),(-2.886579864025E-16,0.6),(
    0.,1.3),.PIECEWISE_BEZIER_KNOTS.);
#12079 = CARTESIAN_POINT('',(-0.39,-1.5,0.12));
#12080 = CARTESIAN_POINT('',(0.39,-1.5,0.12));
#12081 = CARTESIAN_POINT('',(-0.39,-1.86,0.12));
#12082 = CARTESIAN_POINT('',(0.39,-1.86,0.12));
#12083 = ADVANCED_FACE('',(#12084),#12098,.F.);
#12084 = FACE_BOUND('',#12085,.F.);
#12085 = EDGE_LOOP('',(#12086,#12087,#12092,#12093));
#12086 = ORIENTED_EDGE('',*,*,#11020,.T.);
#12087 = ORIENTED_EDGE('',*,*,#12088,.T.);
#12088 = EDGE_CURVE('',#11012,#10945,#12089,.T.);
#12089 = B_SPLINE_CURVE_WITH_KNOTS('',1,(#12090,#12091),.UNSPECIFIED.,
  .F.,.F.,(2,2),(0.,0.6),.PIECEWISE_BEZIER_KNOTS.);
#12090 = CARTESIAN_POINT('',(0.18,-1.62,0.12));
#12091 = CARTESIAN_POINT('',(-0.18,-1.62,0.12));
#12092 = ORIENTED_EDGE('',*,*,#10953,.F.);
#12093 = ORIENTED_EDGE('',*,*,#12094,.F.);
#12094 = EDGE_CURVE('',#11021,#10954,#12095,.T.);
#12095 = B_SPLINE_CURVE_WITH_KNOTS('',1,(#12096,#12097),.UNSPECIFIED.,
  .F.,.F.,(2,2),(0.,0.6),.PIECEWISE_BEZIER_KNOTS.);
#12096 = CARTESIAN_POINT('',(0.18,-1.5,0.24));
#12097 = CARTESIAN_POINT('',(-0.18,-1.5,0.24));
#12098 = ( BOUNDED_SURFACE() B_SPLINE_SURFACE(2,1,(
    (#12099,#12100)
    ,(#12101,#12102)
    ,(#12103,#12104
)),.UNSPECIFIED.,.F.,.F.,.F.) B_SPLINE_SURFACE_WITH_KNOTS((3,3),(2,2),(
    1.570796326795,3.14159265359),(-0.6,1.665334536938E-16),
.PIECEWISE_BEZIER_KNOTS.) GEOMETRIC_REPRESENTATION_ITEM() 
RATIONAL_B_SPLINE_SURFACE((
    (1.,1.)
    ,(0.707106781187,0.707106781187)
,(1.,1.))) REPRESENTATION_ITEM('') SURFACE() );
#12099 = CARTESIAN_POINT('',(-0.18,-1.62,0.12));
#12100 = CARTESIAN_POINT('',(0.18,-1.62,0.12));
#12101 = CARTESIAN_POINT('',(-0.18,-1.5,0.12));
#12102 = CARTESIAN_POINT('',(0.18,-1.5,0.12));
#12103 = CARTESIAN_POINT('',(-0.18,-1.5,0.24));
#12104 = CARTESIAN_POINT('',(0.18,-1.5,0.24));
#12105 = ADVANCED_FACE('',(#12106),#12136,.F.);
#12106 = FACE_BOUND('',#12107,.F.);
#12107 = EDGE_LOOP('',(#12108,#12109,#12116,#12123,#12128,#12129,#12130,
    #12135));
#12108 = ORIENTED_EDGE('',*,*,#12025,.F.);
#12109 = ORIENTED_EDGE('',*,*,#12110,.F.);
#12110 = EDGE_CURVE('',#12111,#12026,#12113,.T.);
#12111 = VERTEX_POINT('',#12112);
#12112 = CARTESIAN_POINT('',(-0.39,-1.5,0.));
#12113 = B_SPLINE_CURVE_WITH_KNOTS('',1,(#12114,#12115),.UNSPECIFIED.,
  .F.,.F.,(2,2),(0.,0.2),.PIECEWISE_BEZIER_KNOTS.);
#12114 = CARTESIAN_POINT('',(-0.39,-1.5,0.));
#12115 = CARTESIAN_POINT('',(-0.39,-1.5,0.12));
#12116 = ORIENTED_EDGE('',*,*,#12117,.T.);
#12117 = EDGE_CURVE('',#12111,#12118,#12120,.T.);
#12118 = VERTEX_POINT('',#12119);
#12119 = CARTESIAN_POINT('',(0.39,-1.5,0.));
#12120 = B_SPLINE_CURVE_WITH_KNOTS('',1,(#12121,#12122),.UNSPECIFIED.,
  .F.,.F.,(2,2),(0.,1.3),.PIECEWISE_BEZIER_KNOTS.);
#12121 = CARTESIAN_POINT('',(-0.39,-1.5,0.));
#12122 = CARTESIAN_POINT('',(0.39,-1.5,0.));
#12123 = ORIENTED_EDGE('',*,*,#12124,.T.);
#12124 = EDGE_CURVE('',#12118,#12047,#12125,.T.);
#12125 = B_SPLINE_CURVE_WITH_KNOTS('',1,(#12126,#12127),.UNSPECIFIED.,
  .F.,.F.,(2,2),(0.,0.2),.PIECEWISE_BEZIER_KNOTS.);
#12126 = CARTESIAN_POINT('',(0.39,-1.5,0.));
#12127 = CARTESIAN_POINT('',(0.39,-1.5,0.12));
#12128 = ORIENTED_EDGE('',*,*,#12053,.F.);
#12129 = ORIENTED_EDGE('',*,*,#11065,.F.);
#12130 = ORIENTED_EDGE('',*,*,#12131,.F.);
#12131 = EDGE_CURVE('',#10991,#11058,#12132,.T.);
#12132 = B_SPLINE_CURVE_WITH_KNOTS('',1,(#12133,#12134),.UNSPECIFIED.,
  .F.,.F.,(2,2),(-0.6,0.),.PIECEWISE_BEZIER_KNOTS.);
#12133 = CARTESIAN_POINT('',(-0.18,-1.5,3.215390309173E-02));
#12134 = CARTESIAN_POINT('',(0.18,-1.5,3.215390309173E-02));
#12135 = ORIENTED_EDGE('',*,*,#10998,.T.);
#12136 = B_SPLINE_SURFACE_WITH_KNOTS('',1,1,(
    (#12137,#12138)
    ,(#12139,#12140
    )),.UNSPECIFIED.,.F.,.F.,.F.,(2,2),(2,2),(0.,0.2),(-1.3,0.),
  .PIECEWISE_BEZIER_KNOTS.);
#12137 = CARTESIAN_POINT('',(0.39,-1.5,0.));
#12138 = CARTESIAN_POINT('',(-0.39,-1.5,0.));
#12139 = CARTESIAN_POINT('',(0.39,-1.5,0.12));
#12140 = CARTESIAN_POINT('',(-0.39,-1.5,0.12));
#12141 = ADVANCED_FACE('',(#12142),#12152,.T.);
#12142 = FACE_BOUND('',#12143,.T.);
#12143 = EDGE_LOOP('',(#12144,#12149,#12150,#12151));
#12144 = ORIENTED_EDGE('',*,*,#12145,.T.);
#12145 = EDGE_CURVE('',#11029,#10962,#12146,.T.);
#12146 = B_SPLINE_CURVE_WITH_KNOTS('',1,(#12147,#12148),.UNSPECIFIED.,
  .F.,.F.,(2,2),(0.,0.6),.PIECEWISE_BEZIER_KNOTS.);
#12147 = CARTESIAN_POINT('',(0.18,-1.5,0.6));
#12148 = CARTESIAN_POINT('',(-0.18,-1.5,0.6));
#12149 = ORIENTED_EDGE('',*,*,#10961,.T.);
#12150 = ORIENTED_EDGE('',*,*,#12094,.F.);
#12151 = ORIENTED_EDGE('',*,*,#11028,.F.);
#12152 = B_SPLINE_SURFACE_WITH_KNOTS('',1,1,(
    (#12153,#12154)
    ,(#12155,#12156
    )),.UNSPECIFIED.,.F.,.F.,.F.,(2,2),(2,2),(0.,0.6),(-0.6,4.02E-16),
  .PIECEWISE_BEZIER_KNOTS.);
#12153 = CARTESIAN_POINT('',(-0.18,-1.5,0.6));
#12154 = CARTESIAN_POINT('',(0.18,-1.5,0.6));
#12155 = CARTESIAN_POINT('',(-0.18,-1.5,0.24));
#12156 = CARTESIAN_POINT('',(0.18,-1.5,0.24));
#12157 = ADVANCED_FACE('',(#12158),#12164,.T.);
#12158 = FACE_BOUND('',#12159,.T.);
#12159 = EDGE_LOOP('',(#12160,#12161,#12162,#12163));
#12160 = ORIENTED_EDGE('',*,*,#12131,.F.);
#12161 = ORIENTED_EDGE('',*,*,#10990,.F.);
#12162 = ORIENTED_EDGE('',*,*,#12009,.F.);
#12163 = ORIENTED_EDGE('',*,*,#11057,.T.);
#12164 = ( BOUNDED_SURFACE() B_SPLINE_SURFACE(2,1,(
    (#12165,#12166)
    ,(#12167,#12168)
    ,(#12169,#12170
)),.UNSPECIFIED.,.F.,.F.,.F.) B_SPLINE_SURFACE_WITH_KNOTS((3,3),(2,2),(
    2.094395102393,3.14159265359),(-0.6,1.110223024625E-16),
.PIECEWISE_BEZIER_KNOTS.) GEOMETRIC_REPRESENTATION_ITEM() 
RATIONAL_B_SPLINE_SURFACE((
    (1.,1.)
    ,(0.866025403784,0.866025403784)
,(1.,1.))) REPRESENTATION_ITEM('') SURFACE() );
#12165 = CARTESIAN_POINT('',(-0.18,-1.5,3.215390309173E-02));
#12166 = CARTESIAN_POINT('',(0.18,-1.5,3.215390309173E-02));
#12167 = CARTESIAN_POINT('',(-0.18,-1.38,0.101435935394));
#12168 = CARTESIAN_POINT('',(0.18,-1.38,0.101435935394));
#12169 = CARTESIAN_POINT('',(-0.18,-1.38,0.24));
#12170 = CARTESIAN_POINT('',(0.18,-1.38,0.24));
#12171 = ADVANCED_FACE('',(#12172),#12178,.T.);
#12172 = FACE_BOUND('',#12173,.T.);
#12173 = EDGE_LOOP('',(#12174,#12175,#12176,#12177));
#12174 = ORIENTED_EDGE('',*,*,#11035,.T.);
#12175 = ORIENTED_EDGE('',*,*,#11079,.T.);
#12176 = ORIENTED_EDGE('',*,*,#10968,.F.);
#12177 = ORIENTED_EDGE('',*,*,#12145,.F.);
#12178 = ( BOUNDED_SURFACE() B_SPLINE_SURFACE(2,1,(
    (#12179,#12180)
    ,(#12181,#12182)
    ,(#12183,#12184
)),.UNSPECIFIED.,.F.,.F.,.F.) B_SPLINE_SURFACE_WITH_KNOTS((3,3),(2,2),(
    4.712388980385,6.28318530718),(-0.6,5.551115123126E-17),
.PIECEWISE_BEZIER_KNOTS.) GEOMETRIC_REPRESENTATION_ITEM() 
RATIONAL_B_SPLINE_SURFACE((
    (1.,1.)
    ,(0.707106781187,0.707106781187)
,(1.,1.))) REPRESENTATION_ITEM('') SURFACE() );
#12179 = CARTESIAN_POINT('',(-0.18,-1.38,0.72));
#12180 = CARTESIAN_POINT('',(0.18,-1.38,0.72));
#12181 = CARTESIAN_POINT('',(-0.18,-1.5,0.72));
#12182 = CARTESIAN_POINT('',(0.18,-1.5,0.72));
#12183 = CARTESIAN_POINT('',(-0.18,-1.5,0.6));
#12184 = CARTESIAN_POINT('',(0.18,-1.5,0.6));
#12185 = ADVANCED_FACE('',(#12186),#12211,.T.);
#12186 = FACE_BOUND('',#12187,.T.);
#12187 = EDGE_LOOP('',(#12188,#12198,#12204,#12205));
#12188 = ORIENTED_EDGE('',*,*,#12189,.T.);
#12189 = EDGE_CURVE('',#12190,#12192,#12194,.T.);
#12190 = VERTEX_POINT('',#12191);
#12191 = CARTESIAN_POINT('',(1.29,-1.14,0.24));
#12192 = VERTEX_POINT('',#12193);
#12193 = CARTESIAN_POINT('',(1.29,-1.2,0.3));
#12194 = ( BOUNDED_CURVE() B_SPLINE_CURVE(2,(#12195,#12196,#12197),
.UNSPECIFIED.,.F.,.F.) B_SPLINE_CURVE_WITH_KNOTS((3,3),(0.,
1.570796326795),.PIECEWISE_BEZIER_KNOTS.) CURVE() 
GEOMETRIC_REPRESENTATION_ITEM() RATIONAL_B_SPLINE_CURVE((1.,
0.707106781187,1.)) REPRESENTATION_ITEM('') );
#12195 = CARTESIAN_POINT('',(1.29,-1.14,0.24));
#12196 = CARTESIAN_POINT('',(1.29,-1.2,0.24));
#12197 = CARTESIAN_POINT('',(1.29,-1.2,0.3));
#12198 = ORIENTED_EDGE('',*,*,#12199,.F.);
#12199 = EDGE_CURVE('',#11114,#12192,#12200,.T.);
#12200 = ( BOUNDED_CURVE() B_SPLINE_CURVE(2,(#12201,#12202,#12203),
.UNSPECIFIED.,.F.,.F.) B_SPLINE_CURVE_WITH_KNOTS((3,3),(3.14159265359,
4.712388980385),.PIECEWISE_BEZIER_KNOTS.) CURVE() 
GEOMETRIC_REPRESENTATION_ITEM() RATIONAL_B_SPLINE_CURVE((1.,
0.707106781187,1.)) REPRESENTATION_ITEM('') );
#12201 = CARTESIAN_POINT('',(1.35,-1.26,0.3));
#12202 = CARTESIAN_POINT('',(1.35,-1.2,0.3));
#12203 = CARTESIAN_POINT('',(1.29,-1.2,0.3));
#12204 = ORIENTED_EDGE('',*,*,#11172,.F.);
#12205 = ORIENTED_EDGE('',*,*,#12206,.T.);
#12206 = EDGE_CURVE('',#11166,#12190,#12207,.T.);
#12207 = ( BOUNDED_CURVE() B_SPLINE_CURVE(2,(#12208,#12209,#12210),
.UNSPECIFIED.,.F.,.F.) B_SPLINE_CURVE_WITH_KNOTS((3,3),(0.,
1.570796326795),.PIECEWISE_BEZIER_KNOTS.) CURVE() 
GEOMETRIC_REPRESENTATION_ITEM() RATIONAL_B_SPLINE_CURVE((1.,
0.707106781187,1.)) REPRESENTATION_ITEM('') );
#12208 = CARTESIAN_POINT('',(1.35,-1.14,0.18));
#12209 = CARTESIAN_POINT('',(1.35,-1.14,0.24));
#12210 = CARTESIAN_POINT('',(1.29,-1.14,0.24));
#12211 = ( BOUNDED_SURFACE() B_SPLINE_SURFACE(2,2,(
    (#12212,#12213,#12214)
    ,(#12215,#12216,#12217)
    ,(#12218,#12219,#12220
)),.UNSPECIFIED.,.F.,.F.,.F.) B_SPLINE_SURFACE_WITH_KNOTS((3,3),(3,3),(
    4.712388980385,6.28318530718),(1.570796326795,3.14159265359),
.PIECEWISE_BEZIER_KNOTS.) GEOMETRIC_REPRESENTATION_ITEM() 
RATIONAL_B_SPLINE_SURFACE((
    (1.,0.707106781187,1.)
    ,(0.707106781187,0.5,0.707106781187)
,(1.,0.707106781187,1.))) REPRESENTATION_ITEM('') SURFACE() );
#12212 = CARTESIAN_POINT('',(1.35,-1.26,0.3));
#12213 = CARTESIAN_POINT('',(1.35,-1.2,0.3));
#12214 = CARTESIAN_POINT('',(1.29,-1.2,0.3));
#12215 = CARTESIAN_POINT('',(1.35,-1.26,0.18));
#12216 = CARTESIAN_POINT('',(1.35,-1.2,0.24));
#12217 = CARTESIAN_POINT('',(1.29,-1.2,0.24));
#12218 = CARTESIAN_POINT('',(1.35,-1.14,0.18));
#12219 = CARTESIAN_POINT('',(1.35,-1.14,0.24));
#12220 = CARTESIAN_POINT('',(1.29,-1.14,0.24));
#12221 = ADVANCED_FACE('',(#12222),#12239,.T.);
#12222 = FACE_BOUND('',#12223,.T.);
#12223 = EDGE_LOOP('',(#12224,#12232,#12237,#12238));
#12224 = ORIENTED_EDGE('',*,*,#12225,.T.);
#12225 = EDGE_CURVE('',#11158,#12226,#12228,.T.);
#12226 = VERTEX_POINT('',#12227);
#12227 = CARTESIAN_POINT('',(1.29,1.14,0.24));
#12228 = ( BOUNDED_CURVE() B_SPLINE_CURVE(2,(#12229,#12230,#12231),
.UNSPECIFIED.,.F.,.F.) B_SPLINE_CURVE_WITH_KNOTS((3,3),(1.570796326795,
3.14159265359),.PIECEWISE_BEZIER_KNOTS.) CURVE() 
GEOMETRIC_REPRESENTATION_ITEM() RATIONAL_B_SPLINE_CURVE((1.,
0.707106781187,1.)) REPRESENTATION_ITEM('') );
#12229 = CARTESIAN_POINT('',(1.35,1.14,0.18));
#12230 = CARTESIAN_POINT('',(1.35,1.14,0.24));
#12231 = CARTESIAN_POINT('',(1.29,1.14,0.24));
#12232 = ORIENTED_EDGE('',*,*,#12233,.T.);
#12233 = EDGE_CURVE('',#12226,#12190,#12234,.T.);
#12234 = B_SPLINE_CURVE_WITH_KNOTS('',1,(#12235,#12236),.UNSPECIFIED.,
  .F.,.F.,(2,2),(0.,3.8),.PIECEWISE_BEZIER_KNOTS.);
#12235 = CARTESIAN_POINT('',(1.29,1.14,0.24));
#12236 = CARTESIAN_POINT('',(1.29,-1.14,0.24));
#12237 = ORIENTED_EDGE('',*,*,#12206,.F.);
#12238 = ORIENTED_EDGE('',*,*,#11165,.F.);
#12239 = ( BOUNDED_SURFACE() B_SPLINE_SURFACE(2,1,(
    (#12240,#12241)
    ,(#12242,#12243)
    ,(#12244,#12245
)),.UNSPECIFIED.,.F.,.F.,.F.) B_SPLINE_SURFACE_WITH_KNOTS((3,3),(2,2),(
    0.,1.570796326795),(0.,3.8),.PIECEWISE_BEZIER_KNOTS.) 
GEOMETRIC_REPRESENTATION_ITEM() RATIONAL_B_SPLINE_SURFACE((
    (1.,1.)
    ,(0.707106781187,0.707106781187)
,(1.,1.))) REPRESENTATION_ITEM('') SURFACE() );
#12240 = CARTESIAN_POINT('',(1.35,1.14,0.18));
#12241 = CARTESIAN_POINT('',(1.35,-1.14,0.18));
#12242 = CARTESIAN_POINT('',(1.35,1.14,0.24));
#12243 = CARTESIAN_POINT('',(1.35,-1.14,0.24));
#12244 = CARTESIAN_POINT('',(1.29,1.14,0.24));
#12245 = CARTESIAN_POINT('',(1.29,-1.14,0.24));
#12246 = ADVANCED_FACE('',(#12247),#12265,.T.);
#12247 = FACE_BOUND('',#12248,.T.);
#12248 = EDGE_LOOP('',(#12249,#12257,#12258,#12259));
#12249 = ORIENTED_EDGE('',*,*,#12250,.T.);
#12250 = EDGE_CURVE('',#12251,#12226,#12253,.T.);
#12251 = VERTEX_POINT('',#12252);
#12252 = CARTESIAN_POINT('',(1.29,1.2,0.3));
#12253 = ( BOUNDED_CURVE() B_SPLINE_CURVE(2,(#12254,#12255,#12256),
.UNSPECIFIED.,.F.,.F.) B_SPLINE_CURVE_WITH_KNOTS((3,3),(0.,
1.570796326795),.PIECEWISE_BEZIER_KNOTS.) CURVE() 
GEOMETRIC_REPRESENTATION_ITEM() RATIONAL_B_SPLINE_CURVE((1.,
0.707106781187,1.)) REPRESENTATION_ITEM('') );
#12254 = CARTESIAN_POINT('',(1.29,1.2,0.3));
#12255 = CARTESIAN_POINT('',(1.29,1.2,0.24));
#12256 = CARTESIAN_POINT('',(1.29,1.14,0.24));
#12257 = ORIENTED_EDGE('',*,*,#12225,.F.);
#12258 = ORIENTED_EDGE('',*,*,#11157,.F.);
#12259 = ORIENTED_EDGE('',*,*,#12260,.T.);
#12260 = EDGE_CURVE('',#11151,#12251,#12261,.T.);
#12261 = ( BOUNDED_CURVE() B_SPLINE_CURVE(2,(#12262,#12263,#12264),
.UNSPECIFIED.,.F.,.F.) B_SPLINE_CURVE_WITH_KNOTS((3,3),(3.14159265359,
4.712388980385),.PIECEWISE_BEZIER_KNOTS.) CURVE() 
GEOMETRIC_REPRESENTATION_ITEM() RATIONAL_B_SPLINE_CURVE((1.,
0.707106781187,1.)) REPRESENTATION_ITEM('') );
#12262 = CARTESIAN_POINT('',(1.35,1.26,0.3));
#12263 = CARTESIAN_POINT('',(1.35,1.2,0.3));
#12264 = CARTESIAN_POINT('',(1.29,1.2,0.3));
#12265 = ( BOUNDED_SURFACE() B_SPLINE_SURFACE(2,2,(
    (#12266,#12267,#12268)
    ,(#12269,#12270,#12271)
    ,(#12272,#12273,#12274
)),.UNSPECIFIED.,.F.,.F.,.F.) B_SPLINE_SURFACE_WITH_KNOTS((3,3),(3,3),(
    4.712388980385,6.28318530718),(1.570796326795,3.14159265359),
.PIECEWISE_BEZIER_KNOTS.) GEOMETRIC_REPRESENTATION_ITEM() 
RATIONAL_B_SPLINE_SURFACE((
    (1.,0.707106781187,1.)
    ,(0.707106781187,0.5,0.707106781187)
,(1.,0.707106781187,1.))) REPRESENTATION_ITEM('') SURFACE() );
#12266 = CARTESIAN_POINT('',(1.35,1.14,0.18));
#12267 = CARTESIAN_POINT('',(1.35,1.14,0.24));
#12268 = CARTESIAN_POINT('',(1.29,1.14,0.24));
#12269 = CARTESIAN_POINT('',(1.35,1.26,0.18));
#12270 = CARTESIAN_POINT('',(1.35,1.2,0.24));
#12271 = CARTESIAN_POINT('',(1.29,1.2,0.24));
#12272 = CARTESIAN_POINT('',(1.35,1.26,0.3));
#12273 = CARTESIAN_POINT('',(1.35,1.2,0.3));
#12274 = CARTESIAN_POINT('',(1.29,1.2,0.3));
#12275 = ADVANCED_FACE('',(#12276),#12286,.T.);
#12276 = FACE_BOUND('',#12277,.T.);
#12277 = EDGE_LOOP('',(#12278,#12279,#12280));
#12278 = ORIENTED_EDGE('',*,*,#11143,.F.);
#12279 = ORIENTED_EDGE('',*,*,#11434,.F.);
#12280 = ORIENTED_EDGE('',*,*,#12281,.T.);
#12281 = EDGE_CURVE('',#11428,#11144,#12282,.T.);
#12282 = ( BOUNDED_CURVE() B_SPLINE_CURVE(2,(#12283,#12284,#12285),
.UNSPECIFIED.,.F.,.F.) B_SPLINE_CURVE_WITH_KNOTS((3,3),(1.570796326795,
3.14159265359),.PIECEWISE_BEZIER_KNOTS.) CURVE() 
GEOMETRIC_REPRESENTATION_ITEM() RATIONAL_B_SPLINE_CURVE((1.,
0.707106781187,1.)) REPRESENTATION_ITEM('') );
#12283 = CARTESIAN_POINT('',(1.32,1.35,0.3));
#12284 = CARTESIAN_POINT('',(1.35,1.35,0.3));
#12285 = CARTESIAN_POINT('',(1.35,1.32,0.3));
#12286 = B_SPLINE_SURFACE_WITH_KNOTS('',1,1,(
    (#12287,#12288)
    ,(#12289,#12290
    )),.UNSPECIFIED.,.F.,.F.,.F.,(2,2),(2,2),(-2.22044604925E-17,5.E-02)
  ,(5.E-02,0.1),.PIECEWISE_BEZIER_KNOTS.);
#12287 = CARTESIAN_POINT('',(1.32,1.35,0.3));
#12288 = CARTESIAN_POINT('',(1.35,1.35,0.3));
#12289 = CARTESIAN_POINT('',(1.32,1.32,0.3));
#12290 = CARTESIAN_POINT('',(1.35,1.32,0.3));
#12291 = ADVANCED_FACE('',(#12292),#12298,.T.);
#12292 = FACE_BOUND('',#12293,.T.);
#12293 = EDGE_LOOP('',(#12294,#12295,#12296,#12297));
#12294 = ORIENTED_EDGE('',*,*,#11252,.T.);
#12295 = ORIENTED_EDGE('',*,*,#11221,.T.);
#12296 = ORIENTED_EDGE('',*,*,#11469,.F.);
#12297 = ORIENTED_EDGE('',*,*,#11454,.F.);
#12298 = ( BOUNDED_SURFACE() B_SPLINE_SURFACE(2,1,(
    (#12299,#12300)
    ,(#12301,#12302)
    ,(#12303,#12304
)),.UNSPECIFIED.,.F.,.F.,.F.) B_SPLINE_SURFACE_WITH_KNOTS((3,3),(2,2),(
    4.712388980385,6.28318530718),(0.,1.9),.PIECEWISE_BEZIER_KNOTS.) 
GEOMETRIC_REPRESENTATION_ITEM() RATIONAL_B_SPLINE_SURFACE((
    (1.,1.)
    ,(0.707106781187,0.707106781187)
,(1.,1.))) REPRESENTATION_ITEM('') SURFACE() );
#12299 = CARTESIAN_POINT('',(-1.32,1.35,0.3));
#12300 = CARTESIAN_POINT('',(-1.32,1.35,1.44));
#12301 = CARTESIAN_POINT('',(-1.35,1.35,0.3));
#12302 = CARTESIAN_POINT('',(-1.35,1.35,1.44));
#12303 = CARTESIAN_POINT('',(-1.35,1.32,0.3));
#12304 = CARTESIAN_POINT('',(-1.35,1.32,1.44));
#12305 = ADVANCED_FACE('',(#12306),#12322,.T.);
#12306 = FACE_BOUND('',#12307,.T.);
#12307 = EDGE_LOOP('',(#12308,#12309,#12316,#12321));
#12308 = ORIENTED_EDGE('',*,*,#11239,.F.);
#12309 = ORIENTED_EDGE('',*,*,#12310,.T.);
#12310 = EDGE_CURVE('',#11240,#12311,#12313,.T.);
#12311 = VERTEX_POINT('',#12312);
#12312 = CARTESIAN_POINT('',(-1.29,0.63,0.3));
#12313 = B_SPLINE_CURVE_WITH_KNOTS('',1,(#12314,#12315),.UNSPECIFIED.,
  .F.,.F.,(2,2),(0.,0.1),.PIECEWISE_BEZIER_KNOTS.);
#12314 = CARTESIAN_POINT('',(-1.35,0.63,0.3));
#12315 = CARTESIAN_POINT('',(-1.29,0.63,0.3));
#12316 = ORIENTED_EDGE('',*,*,#12317,.T.);
#12317 = EDGE_CURVE('',#12311,#11275,#12318,.T.);
#12318 = B_SPLINE_CURVE_WITH_KNOTS('',1,(#12319,#12320),.UNSPECIFIED.,
  .F.,.F.,(2,2),(0.,1.E-01),.PIECEWISE_BEZIER_KNOTS.);
#12319 = CARTESIAN_POINT('',(-1.29,0.63,0.3));
#12320 = CARTESIAN_POINT('',(-1.29,0.63,0.36));
#12321 = ORIENTED_EDGE('',*,*,#11281,.T.);
#12322 = B_SPLINE_SURFACE_WITH_KNOTS('',1,1,(
    (#12323,#12324)
    ,(#12325,#12326
  )),.UNSPECIFIED.,.F.,.F.,.F.,(2,2),(2,2),(0.,1.E-01),(-0.1,0.),
  .PIECEWISE_BEZIER_KNOTS.);
#12323 = CARTESIAN_POINT('',(-1.29,0.63,0.3));
#12324 = CARTESIAN_POINT('',(-1.35,0.63,0.3));
#12325 = CARTESIAN_POINT('',(-1.29,0.63,0.36));
#12326 = CARTESIAN_POINT('',(-1.35,0.63,0.36));
#12327 = ADVANCED_FACE('',(#12328),#12338,.F.);
#12328 = FACE_BOUND('',#12329,.F.);
#12329 = EDGE_LOOP('',(#12330,#12335,#12336,#12337));
#12330 = ORIENTED_EDGE('',*,*,#12331,.F.);
#12331 = EDGE_CURVE('',#11386,#12311,#12332,.T.);
#12332 = B_SPLINE_CURVE_WITH_KNOTS('',1,(#12333,#12334),.UNSPECIFIED.,
  .F.,.F.,(2,2),(0.25,1.2),.PIECEWISE_BEZIER_KNOTS.);
#12333 = CARTESIAN_POINT('',(-1.29,1.2,0.3));
#12334 = CARTESIAN_POINT('',(-1.29,0.63,0.3));
#12335 = ORIENTED_EDGE('',*,*,#11393,.F.);
#12336 = ORIENTED_EDGE('',*,*,#11246,.T.);
#12337 = ORIENTED_EDGE('',*,*,#12310,.T.);
#12338 = B_SPLINE_SURFACE_WITH_KNOTS('',1,1,(
    (#12339,#12340)
    ,(#12341,#12342
    )),.UNSPECIFIED.,.F.,.F.,.F.,(2,2),(2,2),(0.15,1.2),(0.,0.1),
  .PIECEWISE_BEZIER_KNOTS.);
#12339 = CARTESIAN_POINT('',(-1.35,1.26,0.3));
#12340 = CARTESIAN_POINT('',(-1.29,1.26,0.3));
#12341 = CARTESIAN_POINT('',(-1.35,0.63,0.3));
#12342 = CARTESIAN_POINT('',(-1.29,0.63,0.3));
#12343 = ADVANCED_FACE('',(#12344),#12364,.T.);
#12344 = FACE_BOUND('',#12345,.T.);
#12345 = EDGE_LOOP('',(#12346,#12353,#12354,#12359));
#12346 = ORIENTED_EDGE('',*,*,#12347,.T.);
#12347 = EDGE_CURVE('',#12348,#11268,#12350,.T.);
#12348 = VERTEX_POINT('',#12349);
#12349 = CARTESIAN_POINT('',(-1.2,1.2,0.3));
#12350 = B_SPLINE_CURVE_WITH_KNOTS('',1,(#12351,#12352),.UNSPECIFIED.,
  .F.,.F.,(2,2),(1.E-01,0.2),.PIECEWISE_BEZIER_KNOTS.);
#12351 = CARTESIAN_POINT('',(-1.2,1.2,0.3));
#12352 = CARTESIAN_POINT('',(-1.2,1.2,0.36));
#12353 = ORIENTED_EDGE('',*,*,#11265,.F.);
#12354 = ORIENTED_EDGE('',*,*,#12355,.T.);
#12355 = EDGE_CURVE('',#11266,#11386,#12356,.T.);
#12356 = B_SPLINE_CURVE_WITH_KNOTS('',1,(#12357,#12358),.UNSPECIFIED.,
  .F.,.F.,(2,2),(-0.15,-5.E-02),.PIECEWISE_BEZIER_KNOTS.);
#12357 = CARTESIAN_POINT('',(-1.29,1.2,0.36));
#12358 = CARTESIAN_POINT('',(-1.29,1.2,0.3));
#12359 = ORIENTED_EDGE('',*,*,#12360,.T.);
#12360 = EDGE_CURVE('',#11386,#12348,#12361,.T.);
#12361 = B_SPLINE_CURVE_WITH_KNOTS('',1,(#12362,#12363),.UNSPECIFIED.,
  .F.,.F.,(2,2),(0.1,0.25),.PIECEWISE_BEZIER_KNOTS.);
#12362 = CARTESIAN_POINT('',(-1.29,1.2,0.3));
#12363 = CARTESIAN_POINT('',(-1.2,1.2,0.3));
#12364 = B_SPLINE_SURFACE_WITH_KNOTS('',1,1,(
    (#12365,#12366)
    ,(#12367,#12368
  )),.UNSPECIFIED.,.F.,.F.,.F.,(2,2),(2,2),(1.E-01,0.2),(-0.5,-0.35),
  .PIECEWISE_BEZIER_KNOTS.);
#12365 = CARTESIAN_POINT('',(-1.2,1.2,0.3));
#12366 = CARTESIAN_POINT('',(-1.29,1.2,0.3));
#12367 = CARTESIAN_POINT('',(-1.2,1.2,0.36));
#12368 = CARTESIAN_POINT('',(-1.29,1.2,0.36));
#12369 = ADVANCED_FACE('',(#12370),#12376,.T.);
#12370 = FACE_BOUND('',#12371,.T.);
#12371 = EDGE_LOOP('',(#12372,#12373,#12374,#12375));
#12372 = ORIENTED_EDGE('',*,*,#12317,.F.);
#12373 = ORIENTED_EDGE('',*,*,#12331,.F.);
#12374 = ORIENTED_EDGE('',*,*,#12355,.F.);
#12375 = ORIENTED_EDGE('',*,*,#11274,.T.);
#12376 = B_SPLINE_SURFACE_WITH_KNOTS('',1,1,(
    (#12377,#12378)
    ,(#12379,#12380
  )),.UNSPECIFIED.,.F.,.F.,.F.,(2,2),(2,2),(0.,1.E-01),(0.25,1.2),
  .PIECEWISE_BEZIER_KNOTS.);
#12377 = CARTESIAN_POINT('',(-1.29,1.2,0.3));
#12378 = CARTESIAN_POINT('',(-1.29,0.63,0.3));
#12379 = CARTESIAN_POINT('',(-1.29,1.2,0.36));
#12380 = CARTESIAN_POINT('',(-1.29,0.63,0.36));
#12381 = ADVANCED_FACE('',(#12382),#12414,.F.);
#12382 = FACE_BOUND('',#12383,.F.);
#12383 = EDGE_LOOP('',(#12384,#12393,#12399,#12400,#12401,#12408));
#12384 = ORIENTED_EDGE('',*,*,#12385,.F.);
#12385 = EDGE_CURVE('',#12386,#12388,#12390,.T.);
#12386 = VERTEX_POINT('',#12387);
#12387 = CARTESIAN_POINT('',(-1.2,1.14,0.24));
#12388 = VERTEX_POINT('',#12389);
#12389 = CARTESIAN_POINT('',(-1.2,-1.14,0.24));
#12390 = B_SPLINE_CURVE_WITH_KNOTS('',1,(#12391,#12392),.UNSPECIFIED.,
  .F.,.F.,(2,2),(0.1,3.9),.PIECEWISE_BEZIER_KNOTS.);
#12391 = CARTESIAN_POINT('',(-1.2,1.14,0.24));
#12392 = CARTESIAN_POINT('',(-1.2,-1.14,0.24));
#12393 = ORIENTED_EDGE('',*,*,#12394,.F.);
#12394 = EDGE_CURVE('',#12348,#12386,#12395,.T.);
#12395 = ( BOUNDED_CURVE() B_SPLINE_CURVE(2,(#12396,#12397,#12398),
.UNSPECIFIED.,.F.,.F.) B_SPLINE_CURVE_WITH_KNOTS((3,3),(1.570796326795,
3.14159265359),.PIECEWISE_BEZIER_KNOTS.) CURVE() 
GEOMETRIC_REPRESENTATION_ITEM() RATIONAL_B_SPLINE_CURVE((1.,
0.707106781187,1.)) REPRESENTATION_ITEM('') );
#12396 = CARTESIAN_POINT('',(-1.2,1.2,0.3));
#12397 = CARTESIAN_POINT('',(-1.2,1.2,0.24));
#12398 = CARTESIAN_POINT('',(-1.2,1.14,0.24));
#12399 = ORIENTED_EDGE('',*,*,#12347,.T.);
#12400 = ORIENTED_EDGE('',*,*,#11302,.T.);
#12401 = ORIENTED_EDGE('',*,*,#12402,.F.);
#12402 = EDGE_CURVE('',#12403,#11296,#12405,.T.);
#12403 = VERTEX_POINT('',#12404);
#12404 = CARTESIAN_POINT('',(-1.2,-1.2,0.3));
#12405 = B_SPLINE_CURVE_WITH_KNOTS('',1,(#12406,#12407),.UNSPECIFIED.,
  .F.,.F.,(2,2),(1.E-01,0.2),.PIECEWISE_BEZIER_KNOTS.);
#12406 = CARTESIAN_POINT('',(-1.2,-1.2,0.3));
#12407 = CARTESIAN_POINT('',(-1.2,-1.2,0.36));
#12408 = ORIENTED_EDGE('',*,*,#12409,.F.);
#12409 = EDGE_CURVE('',#12388,#12403,#12410,.T.);
#12410 = ( BOUNDED_CURVE() B_SPLINE_CURVE(2,(#12411,#12412,#12413),
.UNSPECIFIED.,.F.,.F.) B_SPLINE_CURVE_WITH_KNOTS((3,3),(3.14159265359,
4.712388980385),.PIECEWISE_BEZIER_KNOTS.) CURVE() 
GEOMETRIC_REPRESENTATION_ITEM() RATIONAL_B_SPLINE_CURVE((1.,
0.707106781187,1.)) REPRESENTATION_ITEM('') );
#12411 = CARTESIAN_POINT('',(-1.2,-1.14,0.24));
#12412 = CARTESIAN_POINT('',(-1.2,-1.2,0.24));
#12413 = CARTESIAN_POINT('',(-1.2,-1.2,0.3));
#12414 = B_SPLINE_SURFACE_WITH_KNOTS('',1,1,(
    (#12415,#12416)
    ,(#12417,#12418
    )),.UNSPECIFIED.,.F.,.F.,.F.,(2,2),(2,2),(0.,0.2),(0.,4.),
  .PIECEWISE_BEZIER_KNOTS.);
#12415 = CARTESIAN_POINT('',(-1.2,1.2,0.24));
#12416 = CARTESIAN_POINT('',(-1.2,-1.2,0.24));
#12417 = CARTESIAN_POINT('',(-1.2,1.2,0.36));
#12418 = CARTESIAN_POINT('',(-1.2,-1.2,0.36));
#12419 = ADVANCED_FACE('',(#12420),#12430,.F.);
#12420 = FACE_BOUND('',#12421,.F.);
#12421 = EDGE_LOOP('',(#12422,#12423,#12424,#12425));
#12422 = ORIENTED_EDGE('',*,*,#12402,.T.);
#12423 = ORIENTED_EDGE('',*,*,#11295,.F.);
#12424 = ORIENTED_EDGE('',*,*,#11315,.T.);
#12425 = ORIENTED_EDGE('',*,*,#12426,.T.);
#12426 = EDGE_CURVE('',#10624,#12403,#12427,.T.);
#12427 = B_SPLINE_CURVE_WITH_KNOTS('',1,(#12428,#12429),.UNSPECIFIED.,
  .F.,.F.,(2,2),(0.1,0.25),.PIECEWISE_BEZIER_KNOTS.);
#12428 = CARTESIAN_POINT('',(-1.29,-1.2,0.3));
#12429 = CARTESIAN_POINT('',(-1.2,-1.2,0.3));
#12430 = B_SPLINE_SURFACE_WITH_KNOTS('',1,1,(
    (#12431,#12432)
    ,(#12433,#12434
  )),.UNSPECIFIED.,.F.,.F.,.F.,(2,2),(2,2),(1.E-01,0.2),(-0.5,-0.35),
  .PIECEWISE_BEZIER_KNOTS.);
#12431 = CARTESIAN_POINT('',(-1.2,-1.2,0.3));
#12432 = CARTESIAN_POINT('',(-1.29,-1.2,0.3));
#12433 = CARTESIAN_POINT('',(-1.2,-1.2,0.36));
#12434 = CARTESIAN_POINT('',(-1.29,-1.2,0.36));
#12435 = ADVANCED_FACE('',(#12436),#12446,.F.);
#12436 = FACE_BOUND('',#12437,.F.);
#12437 = EDGE_LOOP('',(#12438,#12439,#12440,#12441));
#12438 = ORIENTED_EDGE('',*,*,#12409,.T.);
#12439 = ORIENTED_EDGE('',*,*,#12426,.F.);
#12440 = ORIENTED_EDGE('',*,*,#11331,.T.);
#12441 = ORIENTED_EDGE('',*,*,#12442,.T.);
#12442 = EDGE_CURVE('',#11332,#12388,#12443,.T.);
#12443 = B_SPLINE_CURVE_WITH_KNOTS('',1,(#12444,#12445),.UNSPECIFIED.,
  .F.,.F.,(2,2),(0.1,0.25),.PIECEWISE_BEZIER_KNOTS.);
#12444 = CARTESIAN_POINT('',(-1.29,-1.14,0.24));
#12445 = CARTESIAN_POINT('',(-1.2,-1.14,0.24));
#12446 = ( BOUNDED_SURFACE() B_SPLINE_SURFACE(2,1,(
    (#12447,#12448)
    ,(#12449,#12450)
    ,(#12451,#12452
)),.UNSPECIFIED.,.F.,.F.,.F.) B_SPLINE_SURFACE_WITH_KNOTS((3,3),(2,2),(
    4.712388980385,6.28318530718),(0.1,0.25),.PIECEWISE_BEZIER_KNOTS.) 
GEOMETRIC_REPRESENTATION_ITEM() RATIONAL_B_SPLINE_SURFACE((
    (1.,1.)
    ,(0.707106781187,0.707106781187)
,(1.,1.))) REPRESENTATION_ITEM('') SURFACE() );
#12447 = CARTESIAN_POINT('',(-1.29,-1.2,0.3));
#12448 = CARTESIAN_POINT('',(-1.2,-1.2,0.3));
#12449 = CARTESIAN_POINT('',(-1.29,-1.2,0.24));
#12450 = CARTESIAN_POINT('',(-1.2,-1.2,0.24));
#12451 = CARTESIAN_POINT('',(-1.29,-1.14,0.24));
#12452 = CARTESIAN_POINT('',(-1.2,-1.14,0.24));
#12453 = ADVANCED_FACE('',(#12454),#12464,.T.);
#12454 = FACE_BOUND('',#12455,.T.);
#12455 = EDGE_LOOP('',(#12456,#12457,#12458,#12463));
#12456 = ORIENTED_EDGE('',*,*,#12442,.T.);
#12457 = ORIENTED_EDGE('',*,*,#12385,.F.);
#12458 = ORIENTED_EDGE('',*,*,#12459,.F.);
#12459 = EDGE_CURVE('',#11362,#12386,#12460,.T.);
#12460 = B_SPLINE_CURVE_WITH_KNOTS('',1,(#12461,#12462),.UNSPECIFIED.,
  .F.,.F.,(2,2),(0.1,0.25),.PIECEWISE_BEZIER_KNOTS.);
#12461 = CARTESIAN_POINT('',(-1.29,1.14,0.24));
#12462 = CARTESIAN_POINT('',(-1.2,1.14,0.24));
#12463 = ORIENTED_EDGE('',*,*,#11361,.F.);
#12464 = B_SPLINE_SURFACE_WITH_KNOTS('',1,1,(
    (#12465,#12466)
    ,(#12467,#12468
  )),.UNSPECIFIED.,.F.,.F.,.F.,(2,2),(2,2),(1.E-01,3.9),(0.35,0.5),
  .PIECEWISE_BEZIER_KNOTS.);
#12465 = CARTESIAN_POINT('',(-1.29,1.14,0.24));
#12466 = CARTESIAN_POINT('',(-1.2,1.14,0.24));
#12467 = CARTESIAN_POINT('',(-1.29,-1.14,0.24));
#12468 = CARTESIAN_POINT('',(-1.2,-1.14,0.24));
#12469 = ADVANCED_FACE('',(#12470),#12476,.F.);
#12470 = FACE_BOUND('',#12471,.F.);
#12471 = EDGE_LOOP('',(#12472,#12473,#12474,#12475));
#12472 = ORIENTED_EDGE('',*,*,#11385,.T.);
#12473 = ORIENTED_EDGE('',*,*,#12360,.T.);
#12474 = ORIENTED_EDGE('',*,*,#12394,.T.);
#12475 = ORIENTED_EDGE('',*,*,#12459,.F.);
#12476 = ( BOUNDED_SURFACE() B_SPLINE_SURFACE(2,1,(
    (#12477,#12478)
    ,(#12479,#12480)
    ,(#12481,#12482
)),.UNSPECIFIED.,.F.,.F.,.F.) B_SPLINE_SURFACE_WITH_KNOTS((3,3),(2,2),(
    4.712388980385,6.28318530718),(0.1,0.25),.PIECEWISE_BEZIER_KNOTS.) 
GEOMETRIC_REPRESENTATION_ITEM() RATIONAL_B_SPLINE_SURFACE((
    (1.,1.)
    ,(0.707106781187,0.707106781187)
,(1.,1.))) REPRESENTATION_ITEM('') SURFACE() );
#12477 = CARTESIAN_POINT('',(-1.29,1.14,0.24));
#12478 = CARTESIAN_POINT('',(-1.2,1.14,0.24));
#12479 = CARTESIAN_POINT('',(-1.29,1.2,0.24));
#12480 = CARTESIAN_POINT('',(-1.2,1.2,0.24));
#12481 = CARTESIAN_POINT('',(-1.29,1.2,0.3));
#12482 = CARTESIAN_POINT('',(-1.2,1.2,0.3));
#12483 = ADVANCED_FACE('',(#12484),#12500,.F.);
#12484 = FACE_BOUND('',#12485,.F.);
#12485 = EDGE_LOOP('',(#12486,#12493,#12498,#12499));
#12486 = ORIENTED_EDGE('',*,*,#12487,.F.);
#12487 = EDGE_CURVE('',#12488,#11963,#12490,.T.);
#12488 = VERTEX_POINT('',#12489);
#12489 = CARTESIAN_POINT('',(1.29,-0.63,0.3));
#12490 = B_SPLINE_CURVE_WITH_KNOTS('',1,(#12491,#12492),.UNSPECIFIED.,
  .F.,.F.,(2,2),(0.,1.E-01),.PIECEWISE_BEZIER_KNOTS.);
#12491 = CARTESIAN_POINT('',(1.29,-0.63,0.3));
#12492 = CARTESIAN_POINT('',(1.29,-0.63,0.36));
#12493 = ORIENTED_EDGE('',*,*,#12494,.T.);
#12494 = EDGE_CURVE('',#12488,#11492,#12495,.T.);
#12495 = B_SPLINE_CURVE_WITH_KNOTS('',1,(#12496,#12497),.UNSPECIFIED.,
  .F.,.F.,(2,2),(0.,0.1),.PIECEWISE_BEZIER_KNOTS.);
#12496 = CARTESIAN_POINT('',(1.29,-0.63,0.3));
#12497 = CARTESIAN_POINT('',(1.35,-0.63,0.3));
#12498 = ORIENTED_EDGE('',*,*,#11498,.T.);
#12499 = ORIENTED_EDGE('',*,*,#11969,.T.);
#12500 = B_SPLINE_SURFACE_WITH_KNOTS('',1,1,(
    (#12501,#12502)
    ,(#12503,#12504
  )),.UNSPECIFIED.,.F.,.F.,.F.,(2,2),(2,2),(0.,1.E-01),(-0.1,0.),
  .PIECEWISE_BEZIER_KNOTS.);
#12501 = CARTESIAN_POINT('',(1.35,-0.63,0.3));
#12502 = CARTESIAN_POINT('',(1.29,-0.63,0.3));
#12503 = CARTESIAN_POINT('',(1.35,-0.63,0.36));
#12504 = CARTESIAN_POINT('',(1.29,-0.63,0.36));
#12505 = ADVANCED_FACE('',(#12506),#12516,.F.);
#12506 = FACE_BOUND('',#12507,.F.);
#12507 = EDGE_LOOP('',(#12508,#12509,#12510,#12515));
#12508 = ORIENTED_EDGE('',*,*,#11491,.F.);
#12509 = ORIENTED_EDGE('',*,*,#12494,.F.);
#12510 = ORIENTED_EDGE('',*,*,#12511,.T.);
#12511 = EDGE_CURVE('',#12488,#12192,#12512,.T.);
#12512 = B_SPLINE_CURVE_WITH_KNOTS('',1,(#12513,#12514),.UNSPECIFIED.,
  .F.,.F.,(2,2),(0.,0.95),.PIECEWISE_BEZIER_KNOTS.);
#12513 = CARTESIAN_POINT('',(1.29,-0.63,0.3));
#12514 = CARTESIAN_POINT('',(1.29,-1.2,0.3));
#12515 = ORIENTED_EDGE('',*,*,#12199,.F.);
#12516 = B_SPLINE_SURFACE_WITH_KNOTS('',1,1,(
    (#12517,#12518)
    ,(#12519,#12520
    )),.UNSPECIFIED.,.F.,.F.,.F.,(2,2),(2,2),(-2.22044604925E-17,1.05),(
    0.,0.1),.PIECEWISE_BEZIER_KNOTS.);
#12517 = CARTESIAN_POINT('',(1.29,-0.63,0.3));
#12518 = CARTESIAN_POINT('',(1.35,-0.63,0.3));
#12519 = CARTESIAN_POINT('',(1.29,-1.26,0.3));
#12520 = CARTESIAN_POINT('',(1.35,-1.26,0.3));
#12521 = ADVANCED_FACE('',(#12522),#12528,.T.);
#12522 = FACE_BOUND('',#12523,.T.);
#12523 = EDGE_LOOP('',(#12524,#12525,#12526,#12527));
#12524 = ORIENTED_EDGE('',*,*,#11534,.T.);
#12525 = ORIENTED_EDGE('',*,*,#11515,.T.);
#12526 = ORIENTED_EDGE('',*,*,#11926,.F.);
#12527 = ORIENTED_EDGE('',*,*,#12281,.F.);
#12528 = ( BOUNDED_SURFACE() B_SPLINE_SURFACE(2,1,(
    (#12529,#12530)
    ,(#12531,#12532)
    ,(#12533,#12534
)),.UNSPECIFIED.,.F.,.F.,.F.) B_SPLINE_SURFACE_WITH_KNOTS((3,3),(2,2),(
    4.712388980385,6.28318530718),(0.,1.9),.PIECEWISE_BEZIER_KNOTS.) 
GEOMETRIC_REPRESENTATION_ITEM() RATIONAL_B_SPLINE_SURFACE((
    (1.,1.)
    ,(0.707106781187,0.707106781187)
,(1.,1.))) REPRESENTATION_ITEM('') SURFACE() );
#12529 = CARTESIAN_POINT('',(1.35,1.32,0.3));
#12530 = CARTESIAN_POINT('',(1.35,1.32,1.44));
#12531 = CARTESIAN_POINT('',(1.35,1.35,0.3));
#12532 = CARTESIAN_POINT('',(1.35,1.35,1.44));
#12533 = CARTESIAN_POINT('',(1.32,1.35,0.3));
#12534 = CARTESIAN_POINT('',(1.32,1.35,1.44));
#12535 = ADVANCED_FACE('',(#12536),#12592,.T.);
#12536 = FACE_BOUND('',#12537,.T.);
#12537 = EDGE_LOOP('',(#12538,#12547,#12554,#12561,#12566,#12567,#12574,
    #12581,#12586,#12587));
#12538 = ORIENTED_EDGE('',*,*,#12539,.F.);
#12539 = EDGE_CURVE('',#12540,#12542,#12544,.T.);
#12540 = VERTEX_POINT('',#12541);
#12541 = CARTESIAN_POINT('',(-0.456,1.86,0.12));
#12542 = VERTEX_POINT('',#12543);
#12543 = CARTESIAN_POINT('',(-0.456,1.5,0.12));
#12544 = B_SPLINE_CURVE_WITH_KNOTS('',1,(#12545,#12546),.UNSPECIFIED.,
  .F.,.F.,(2,2),(0.,0.6),.PIECEWISE_BEZIER_KNOTS.);
#12545 = CARTESIAN_POINT('',(-0.456,1.86,0.12));
#12546 = CARTESIAN_POINT('',(-0.456,1.5,0.12));
#12547 = ORIENTED_EDGE('',*,*,#12548,.F.);
#12548 = EDGE_CURVE('',#12549,#12540,#12551,.T.);
#12549 = VERTEX_POINT('',#12550);
#12550 = CARTESIAN_POINT('',(-0.936,1.86,0.12));
#12551 = B_SPLINE_CURVE_WITH_KNOTS('',1,(#12552,#12553),.UNSPECIFIED.,
  .F.,.F.,(2,2),(0.,0.8),.PIECEWISE_BEZIER_KNOTS.);
#12552 = CARTESIAN_POINT('',(-0.936,1.86,0.12));
#12553 = CARTESIAN_POINT('',(-0.456,1.86,0.12));
#12554 = ORIENTED_EDGE('',*,*,#12555,.T.);
#12555 = EDGE_CURVE('',#12549,#12556,#12558,.T.);
#12556 = VERTEX_POINT('',#12557);
#12557 = CARTESIAN_POINT('',(-0.936,1.5,0.12));
#12558 = B_SPLINE_CURVE_WITH_KNOTS('',1,(#12559,#12560),.UNSPECIFIED.,
  .F.,.F.,(2,2),(0.,0.6),.PIECEWISE_BEZIER_KNOTS.);
#12559 = CARTESIAN_POINT('',(-0.936,1.86,0.12));
#12560 = CARTESIAN_POINT('',(-0.936,1.5,0.12));
#12561 = ORIENTED_EDGE('',*,*,#12562,.T.);
#12562 = EDGE_CURVE('',#12556,#11550,#12563,.T.);
#12563 = B_SPLINE_CURVE_WITH_KNOTS('',1,(#12564,#12565),.UNSPECIFIED.,
  .F.,.F.,(2,2),(0.,0.11),.PIECEWISE_BEZIER_KNOTS.);
#12564 = CARTESIAN_POINT('',(-0.936,1.5,0.12));
#12565 = CARTESIAN_POINT('',(-0.87,1.5,0.12));
#12566 = ORIENTED_EDGE('',*,*,#11547,.F.);
#12567 = ORIENTED_EDGE('',*,*,#12568,.T.);
#12568 = EDGE_CURVE('',#11548,#12569,#12571,.T.);
#12569 = VERTEX_POINT('',#12570);
#12570 = CARTESIAN_POINT('',(-0.87,1.71,0.12));
#12571 = B_SPLINE_CURVE_WITH_KNOTS('',1,(#12572,#12573),.UNSPECIFIED.,
  .F.,.F.,(2,2),(0.,0.1),.PIECEWISE_BEZIER_KNOTS.);
#12572 = CARTESIAN_POINT('',(-0.87,1.65,0.12));
#12573 = CARTESIAN_POINT('',(-0.87,1.71,0.12));
#12574 = ORIENTED_EDGE('',*,*,#12575,.T.);
#12575 = EDGE_CURVE('',#12569,#12576,#12578,.T.);
#12576 = VERTEX_POINT('',#12577);
#12577 = CARTESIAN_POINT('',(-0.51,1.71,0.12));
#12578 = B_SPLINE_CURVE_WITH_KNOTS('',1,(#12579,#12580),.UNSPECIFIED.,
  .F.,.F.,(2,2),(0.,0.6),.PIECEWISE_BEZIER_KNOTS.);
#12579 = CARTESIAN_POINT('',(-0.87,1.71,0.12));
#12580 = CARTESIAN_POINT('',(-0.51,1.71,0.12));
#12581 = ORIENTED_EDGE('',*,*,#12582,.F.);
#12582 = EDGE_CURVE('',#11669,#12576,#12583,.T.);
#12583 = B_SPLINE_CURVE_WITH_KNOTS('',1,(#12584,#12585),.UNSPECIFIED.,
  .F.,.F.,(2,2),(0.,0.1),.PIECEWISE_BEZIER_KNOTS.);
#12584 = CARTESIAN_POINT('',(-0.51,1.65,0.12));
#12585 = CARTESIAN_POINT('',(-0.51,1.71,0.12));
#12586 = ORIENTED_EDGE('',*,*,#11668,.T.);
#12587 = ORIENTED_EDGE('',*,*,#12588,.T.);
#12588 = EDGE_CURVE('',#11671,#12542,#12589,.T.);
#12589 = B_SPLINE_CURVE_WITH_KNOTS('',1,(#12590,#12591),.UNSPECIFIED.,
  .F.,.F.,(2,2),(0.71,0.8),.PIECEWISE_BEZIER_KNOTS.);
#12590 = CARTESIAN_POINT('',(-0.51,1.5,0.12));
#12591 = CARTESIAN_POINT('',(-0.456,1.5,0.12));
#12592 = B_SPLINE_SURFACE_WITH_KNOTS('',1,1,(
    (#12593,#12594)
    ,(#12595,#12596
    )),.UNSPECIFIED.,.F.,.F.,.F.,(2,2),(2,2),(-1.7763568394E-16,0.6),(0.
    ,0.8),.PIECEWISE_BEZIER_KNOTS.);
#12593 = CARTESIAN_POINT('',(-0.936,1.86,0.12));
#12594 = CARTESIAN_POINT('',(-0.456,1.86,0.12));
#12595 = CARTESIAN_POINT('',(-0.936,1.5,0.12));
#12596 = CARTESIAN_POINT('',(-0.456,1.5,0.12));
#12597 = ADVANCED_FACE('',(#12598),#12612,.F.);
#12598 = FACE_BOUND('',#12599,.F.);
#12599 = EDGE_LOOP('',(#12600,#12601,#12606,#12607));
#12600 = ORIENTED_EDGE('',*,*,#11556,.T.);
#12601 = ORIENTED_EDGE('',*,*,#12602,.T.);
#12602 = EDGE_CURVE('',#11548,#11669,#12603,.T.);
#12603 = B_SPLINE_CURVE_WITH_KNOTS('',1,(#12604,#12605),.UNSPECIFIED.,
  .F.,.F.,(2,2),(0.,0.6),.PIECEWISE_BEZIER_KNOTS.);
#12604 = CARTESIAN_POINT('',(-0.87,1.65,0.12));
#12605 = CARTESIAN_POINT('',(-0.51,1.65,0.12));
#12606 = ORIENTED_EDGE('',*,*,#11677,.F.);
#12607 = ORIENTED_EDGE('',*,*,#12608,.F.);
#12608 = EDGE_CURVE('',#11557,#11678,#12609,.T.);
#12609 = B_SPLINE_CURVE_WITH_KNOTS('',1,(#12610,#12611),.UNSPECIFIED.,
  .F.,.F.,(2,2),(0.,0.6),.PIECEWISE_BEZIER_KNOTS.);
#12610 = CARTESIAN_POINT('',(-0.87,1.53,0.24));
#12611 = CARTESIAN_POINT('',(-0.51,1.53,0.24));
#12612 = ( BOUNDED_SURFACE() B_SPLINE_SURFACE(2,1,(
    (#12613,#12614)
    ,(#12615,#12616)
    ,(#12617,#12618
)),.UNSPECIFIED.,.F.,.F.,.F.) B_SPLINE_SURFACE_WITH_KNOTS((3,3),(2,2),(
    1.570796326795,3.14159265359),(-0.6,0.),.PIECEWISE_BEZIER_KNOTS.) 
GEOMETRIC_REPRESENTATION_ITEM() RATIONAL_B_SPLINE_SURFACE((
    (1.,1.)
    ,(0.707106781187,0.707106781187)
,(1.,1.))) REPRESENTATION_ITEM('') SURFACE() );
#12613 = CARTESIAN_POINT('',(-0.51,1.65,0.12));
#12614 = CARTESIAN_POINT('',(-0.87,1.65,0.12));
#12615 = CARTESIAN_POINT('',(-0.51,1.53,0.12));
#12616 = CARTESIAN_POINT('',(-0.87,1.53,0.12));
#12617 = CARTESIAN_POINT('',(-0.51,1.53,0.24));
#12618 = CARTESIAN_POINT('',(-0.87,1.53,0.24));
#12619 = ADVANCED_FACE('',(#12620),#12650,.T.);
#12620 = FACE_BOUND('',#12621,.T.);
#12621 = EDGE_LOOP('',(#12622,#12623,#12630,#12637,#12642,#12643,#12644,
    #12649));
#12622 = ORIENTED_EDGE('',*,*,#12562,.F.);
#12623 = ORIENTED_EDGE('',*,*,#12624,.F.);
#12624 = EDGE_CURVE('',#12625,#12556,#12627,.T.);
#12625 = VERTEX_POINT('',#12626);
#12626 = CARTESIAN_POINT('',(-0.936,1.5,0.));
#12627 = B_SPLINE_CURVE_WITH_KNOTS('',1,(#12628,#12629),.UNSPECIFIED.,
  .F.,.F.,(2,2),(0.,0.2),.PIECEWISE_BEZIER_KNOTS.);
#12628 = CARTESIAN_POINT('',(-0.936,1.5,0.));
#12629 = CARTESIAN_POINT('',(-0.936,1.5,0.12));
#12630 = ORIENTED_EDGE('',*,*,#12631,.T.);
#12631 = EDGE_CURVE('',#12625,#12632,#12634,.T.);
#12632 = VERTEX_POINT('',#12633);
#12633 = CARTESIAN_POINT('',(-0.456,1.5,0.));
#12634 = B_SPLINE_CURVE_WITH_KNOTS('',1,(#12635,#12636),.UNSPECIFIED.,
  .F.,.F.,(2,2),(0.,0.8),.PIECEWISE_BEZIER_KNOTS.);
#12635 = CARTESIAN_POINT('',(-0.936,1.5,0.));
#12636 = CARTESIAN_POINT('',(-0.456,1.5,0.));
#12637 = ORIENTED_EDGE('',*,*,#12638,.T.);
#12638 = EDGE_CURVE('',#12632,#12542,#12639,.T.);
#12639 = B_SPLINE_CURVE_WITH_KNOTS('',1,(#12640,#12641),.UNSPECIFIED.,
  .F.,.F.,(2,2),(0.,0.2),.PIECEWISE_BEZIER_KNOTS.);
#12640 = CARTESIAN_POINT('',(-0.456,1.5,0.));
#12641 = CARTESIAN_POINT('',(-0.456,1.5,0.12));
#12642 = ORIENTED_EDGE('',*,*,#12588,.F.);
#12643 = ORIENTED_EDGE('',*,*,#11716,.T.);
#12644 = ORIENTED_EDGE('',*,*,#12645,.T.);
#12645 = EDGE_CURVE('',#11709,#11601,#12646,.T.);
#12646 = B_SPLINE_CURVE_WITH_KNOTS('',1,(#12647,#12648),.UNSPECIFIED.,
  .F.,.F.,(2,2),(-0.6,0.),.PIECEWISE_BEZIER_KNOTS.);
#12647 = CARTESIAN_POINT('',(-0.51,1.5,5.265006004805E-02));
#12648 = CARTESIAN_POINT('',(-0.87,1.5,5.265006004805E-02));
#12649 = ORIENTED_EDGE('',*,*,#11608,.F.);
#12650 = B_SPLINE_SURFACE_WITH_KNOTS('',1,1,(
    (#12651,#12652)
    ,(#12653,#12654
    )),.UNSPECIFIED.,.F.,.F.,.F.,(2,2),(2,2),(0.,0.2),(-0.8,0.),
  .PIECEWISE_BEZIER_KNOTS.);
#12651 = CARTESIAN_POINT('',(-0.456,1.5,0.));
#12652 = CARTESIAN_POINT('',(-0.936,1.5,0.));
#12653 = CARTESIAN_POINT('',(-0.456,1.5,0.12));
#12654 = CARTESIAN_POINT('',(-0.936,1.5,0.12));
#12655 = ADVANCED_FACE('',(#12656),#12666,.T.);
#12656 = FACE_BOUND('',#12657,.T.);
#12657 = EDGE_LOOP('',(#12658,#12663,#12664,#12665));
#12658 = ORIENTED_EDGE('',*,*,#12659,.T.);
#12659 = EDGE_CURVE('',#11565,#11686,#12660,.T.);
#12660 = B_SPLINE_CURVE_WITH_KNOTS('',1,(#12661,#12662),.UNSPECIFIED.,
  .F.,.F.,(2,2),(0.,0.6),.PIECEWISE_BEZIER_KNOTS.);
#12661 = CARTESIAN_POINT('',(-0.87,1.53,0.6));
#12662 = CARTESIAN_POINT('',(-0.51,1.53,0.6));
#12663 = ORIENTED_EDGE('',*,*,#11685,.T.);
#12664 = ORIENTED_EDGE('',*,*,#12608,.F.);
#12665 = ORIENTED_EDGE('',*,*,#11564,.F.);
#12666 = B_SPLINE_SURFACE_WITH_KNOTS('',1,1,(
    (#12667,#12668)
    ,(#12669,#12670
    )),.UNSPECIFIED.,.F.,.F.,.F.,(2,2),(2,2),(0.,0.6),(-0.6,3.96E-16),
  .PIECEWISE_BEZIER_KNOTS.);
#12667 = CARTESIAN_POINT('',(-0.51,1.53,0.6));
#12668 = CARTESIAN_POINT('',(-0.87,1.53,0.6));
#12669 = CARTESIAN_POINT('',(-0.51,1.53,0.24));
#12670 = CARTESIAN_POINT('',(-0.87,1.53,0.24));
#12671 = ADVANCED_FACE('',(#12672),#12682,.T.);
#12672 = FACE_BOUND('',#12673,.T.);
#12673 = EDGE_LOOP('',(#12674,#12675,#12676,#12681));
#12674 = ORIENTED_EDGE('',*,*,#12645,.F.);
#12675 = ORIENTED_EDGE('',*,*,#11708,.F.);
#12676 = ORIENTED_EDGE('',*,*,#12677,.F.);
#12677 = EDGE_CURVE('',#11594,#11702,#12678,.T.);
#12678 = B_SPLINE_CURVE_WITH_KNOTS('',1,(#12679,#12680),.UNSPECIFIED.,
  .F.,.F.,(2,2),(0.,0.6),.PIECEWISE_BEZIER_KNOTS.);
#12679 = CARTESIAN_POINT('',(-0.87,1.41,0.24));
#12680 = CARTESIAN_POINT('',(-0.51,1.41,0.24));
#12681 = ORIENTED_EDGE('',*,*,#11600,.T.);
#12682 = ( BOUNDED_SURFACE() B_SPLINE_SURFACE(2,1,(
    (#12683,#12684)
    ,(#12685,#12686)
    ,(#12687,#12688
)),.UNSPECIFIED.,.F.,.F.,.F.) B_SPLINE_SURFACE_WITH_KNOTS((3,3),(2,2),(
    2.245927859732,3.14159265359),(-0.6,1.972152263053E-31),
.PIECEWISE_BEZIER_KNOTS.) GEOMETRIC_REPRESENTATION_ITEM() 
RATIONAL_B_SPLINE_SURFACE((
    (1.,1.)
    ,(0.901387818866,0.901387818866)
,(1.,1.))) REPRESENTATION_ITEM('') SURFACE() );
#12683 = CARTESIAN_POINT('',(-0.51,1.5,5.265006004805E-02));
#12684 = CARTESIAN_POINT('',(-0.87,1.5,5.265006004805E-02));
#12685 = CARTESIAN_POINT('',(-0.51,1.41,0.12470772926));
#12686 = CARTESIAN_POINT('',(-0.87,1.41,0.12470772926));
#12687 = CARTESIAN_POINT('',(-0.51,1.41,0.24));
#12688 = CARTESIAN_POINT('',(-0.87,1.41,0.24));
#12689 = ADVANCED_FACE('',(#12690),#12696,.T.);
#12690 = FACE_BOUND('',#12691,.T.);
#12691 = EDGE_LOOP('',(#12692,#12693,#12694,#12695));
#12692 = ORIENTED_EDGE('',*,*,#11571,.T.);
#12693 = ORIENTED_EDGE('',*,*,#11622,.T.);
#12694 = ORIENTED_EDGE('',*,*,#11692,.F.);
#12695 = ORIENTED_EDGE('',*,*,#12659,.F.);
#12696 = ( BOUNDED_SURFACE() B_SPLINE_SURFACE(2,1,(
    (#12697,#12698)
    ,(#12699,#12700)
    ,(#12701,#12702
)),.UNSPECIFIED.,.F.,.F.,.F.) B_SPLINE_SURFACE_WITH_KNOTS((3,3),(2,2),(
    4.712388980385,6.28318530718),(-0.6,2.22044604925E-16),
.PIECEWISE_BEZIER_KNOTS.) GEOMETRIC_REPRESENTATION_ITEM() 
RATIONAL_B_SPLINE_SURFACE((
    (1.,1.)
    ,(0.707106781187,0.707106781187)
,(1.,1.))) REPRESENTATION_ITEM('') SURFACE() );
#12697 = CARTESIAN_POINT('',(-0.51,1.41,0.72));
#12698 = CARTESIAN_POINT('',(-0.87,1.41,0.72));
#12699 = CARTESIAN_POINT('',(-0.51,1.53,0.72));
#12700 = CARTESIAN_POINT('',(-0.87,1.53,0.72));
#12701 = CARTESIAN_POINT('',(-0.51,1.53,0.6));
#12702 = CARTESIAN_POINT('',(-0.87,1.53,0.6));
#12703 = ADVANCED_FACE('',(#12704),#12710,.T.);
#12704 = FACE_BOUND('',#12705,.T.);
#12705 = EDGE_LOOP('',(#12706,#12707,#12708,#12709));
#12706 = ORIENTED_EDGE('',*,*,#12677,.T.);
#12707 = ORIENTED_EDGE('',*,*,#11701,.T.);
#12708 = ORIENTED_EDGE('',*,*,#11653,.F.);
#12709 = ORIENTED_EDGE('',*,*,#11593,.F.);
#12710 = B_SPLINE_SURFACE_WITH_KNOTS('',1,1,(
    (#12711,#12712)
    ,(#12713,#12714
    )),.UNSPECIFIED.,.F.,.F.,.F.,(2,2),(2,2),(-3.96E-16,0.5),(-0.6,0.),
  .PIECEWISE_BEZIER_KNOTS.);
#12711 = CARTESIAN_POINT('',(-0.51,1.41,0.24));
#12712 = CARTESIAN_POINT('',(-0.87,1.41,0.24));
#12713 = CARTESIAN_POINT('',(-0.51,1.41,0.54));
#12714 = CARTESIAN_POINT('',(-0.87,1.41,0.54));
#12715 = ADVANCED_FACE('',(#12716),#12772,.T.);
#12716 = FACE_BOUND('',#12717,.T.);
#12717 = EDGE_LOOP('',(#12718,#12727,#12734,#12741,#12746,#12747,#12754,
    #12761,#12766,#12767));
#12718 = ORIENTED_EDGE('',*,*,#12719,.F.);
#12719 = EDGE_CURVE('',#12720,#12722,#12724,.T.);
#12720 = VERTEX_POINT('',#12721);
#12721 = CARTESIAN_POINT('',(0.93,1.86,0.12));
#12722 = VERTEX_POINT('',#12723);
#12723 = CARTESIAN_POINT('',(0.93,1.5,0.12));
#12724 = B_SPLINE_CURVE_WITH_KNOTS('',1,(#12725,#12726),.UNSPECIFIED.,
  .F.,.F.,(2,2),(0.,0.6),.PIECEWISE_BEZIER_KNOTS.);
#12725 = CARTESIAN_POINT('',(0.93,1.86,0.12));
#12726 = CARTESIAN_POINT('',(0.93,1.5,0.12));
#12727 = ORIENTED_EDGE('',*,*,#12728,.F.);
#12728 = EDGE_CURVE('',#12729,#12720,#12731,.T.);
#12729 = VERTEX_POINT('',#12730);
#12730 = CARTESIAN_POINT('',(0.45,1.86,0.12));
#12731 = B_SPLINE_CURVE_WITH_KNOTS('',1,(#12732,#12733),.UNSPECIFIED.,
  .F.,.F.,(2,2),(0.,0.8),.PIECEWISE_BEZIER_KNOTS.);
#12732 = CARTESIAN_POINT('',(0.45,1.86,0.12));
#12733 = CARTESIAN_POINT('',(0.93,1.86,0.12));
#12734 = ORIENTED_EDGE('',*,*,#12735,.T.);
#12735 = EDGE_CURVE('',#12729,#12736,#12738,.T.);
#12736 = VERTEX_POINT('',#12737);
#12737 = CARTESIAN_POINT('',(0.45,1.5,0.12));
#12738 = B_SPLINE_CURVE_WITH_KNOTS('',1,(#12739,#12740),.UNSPECIFIED.,
  .F.,.F.,(2,2),(0.,0.6),.PIECEWISE_BEZIER_KNOTS.);
#12739 = CARTESIAN_POINT('',(0.45,1.86,0.12));
#12740 = CARTESIAN_POINT('',(0.45,1.5,0.12));
#12741 = ORIENTED_EDGE('',*,*,#12742,.T.);
#12742 = EDGE_CURVE('',#12736,#11732,#12743,.T.);
#12743 = B_SPLINE_CURVE_WITH_KNOTS('',1,(#12744,#12745),.UNSPECIFIED.,
  .F.,.F.,(2,2),(0.,0.12),.PIECEWISE_BEZIER_KNOTS.);
#12744 = CARTESIAN_POINT('',(0.45,1.5,0.12));
#12745 = CARTESIAN_POINT('',(0.522,1.5,0.12));
#12746 = ORIENTED_EDGE('',*,*,#11729,.F.);
#12747 = ORIENTED_EDGE('',*,*,#12748,.T.);
#12748 = EDGE_CURVE('',#11730,#12749,#12751,.T.);
#12749 = VERTEX_POINT('',#12750);
#12750 = CARTESIAN_POINT('',(0.522,1.71,0.12));
#12751 = B_SPLINE_CURVE_WITH_KNOTS('',1,(#12752,#12753),.UNSPECIFIED.,
  .F.,.F.,(2,2),(0.,0.1),.PIECEWISE_BEZIER_KNOTS.);
#12752 = CARTESIAN_POINT('',(0.522,1.65,0.12));
#12753 = CARTESIAN_POINT('',(0.522,1.71,0.12));
#12754 = ORIENTED_EDGE('',*,*,#12755,.T.);
#12755 = EDGE_CURVE('',#12749,#12756,#12758,.T.);
#12756 = VERTEX_POINT('',#12757);
#12757 = CARTESIAN_POINT('',(0.882,1.71,0.12));
#12758 = B_SPLINE_CURVE_WITH_KNOTS('',1,(#12759,#12760),.UNSPECIFIED.,
  .F.,.F.,(2,2),(0.,0.6),.PIECEWISE_BEZIER_KNOTS.);
#12759 = CARTESIAN_POINT('',(0.522,1.71,0.12));
#12760 = CARTESIAN_POINT('',(0.882,1.71,0.12));
#12761 = ORIENTED_EDGE('',*,*,#12762,.F.);
#12762 = EDGE_CURVE('',#11851,#12756,#12763,.T.);
#12763 = B_SPLINE_CURVE_WITH_KNOTS('',1,(#12764,#12765),.UNSPECIFIED.,
  .F.,.F.,(2,2),(0.,0.1),.PIECEWISE_BEZIER_KNOTS.);
#12764 = CARTESIAN_POINT('',(0.882,1.65,0.12));
#12765 = CARTESIAN_POINT('',(0.882,1.71,0.12));
#12766 = ORIENTED_EDGE('',*,*,#11850,.T.);
#12767 = ORIENTED_EDGE('',*,*,#12768,.T.);
#12768 = EDGE_CURVE('',#11853,#12722,#12769,.T.);
#12769 = B_SPLINE_CURVE_WITH_KNOTS('',1,(#12770,#12771),.UNSPECIFIED.,
  .F.,.F.,(2,2),(0.72,0.8),.PIECEWISE_BEZIER_KNOTS.);
#12770 = CARTESIAN_POINT('',(0.882,1.5,0.12));
#12771 = CARTESIAN_POINT('',(0.93,1.5,0.12));
#12772 = B_SPLINE_SURFACE_WITH_KNOTS('',1,1,(
    (#12773,#12774)
    ,(#12775,#12776
    )),.UNSPECIFIED.,.F.,.F.,.F.,(2,2),(2,2),(-1.7763568394E-16,0.6),(0.
    ,0.8),.PIECEWISE_BEZIER_KNOTS.);
#12773 = CARTESIAN_POINT('',(0.45,1.86,0.12));
#12774 = CARTESIAN_POINT('',(0.93,1.86,0.12));
#12775 = CARTESIAN_POINT('',(0.45,1.5,0.12));
#12776 = CARTESIAN_POINT('',(0.93,1.5,0.12));
#12777 = ADVANCED_FACE('',(#12778),#12792,.F.);
#12778 = FACE_BOUND('',#12779,.F.);
#12779 = EDGE_LOOP('',(#12780,#12781,#12786,#12787));
#12780 = ORIENTED_EDGE('',*,*,#11738,.T.);
#12781 = ORIENTED_EDGE('',*,*,#12782,.T.);
#12782 = EDGE_CURVE('',#11730,#11851,#12783,.T.);
#12783 = B_SPLINE_CURVE_WITH_KNOTS('',1,(#12784,#12785),.UNSPECIFIED.,
  .F.,.F.,(2,2),(0.,0.6),.PIECEWISE_BEZIER_KNOTS.);
#12784 = CARTESIAN_POINT('',(0.522,1.65,0.12));
#12785 = CARTESIAN_POINT('',(0.882,1.65,0.12));
#12786 = ORIENTED_EDGE('',*,*,#11859,.F.);
#12787 = ORIENTED_EDGE('',*,*,#12788,.F.);
#12788 = EDGE_CURVE('',#11739,#11860,#12789,.T.);
#12789 = B_SPLINE_CURVE_WITH_KNOTS('',1,(#12790,#12791),.UNSPECIFIED.,
  .F.,.F.,(2,2),(0.,0.6),.PIECEWISE_BEZIER_KNOTS.);
#12790 = CARTESIAN_POINT('',(0.522,1.53,0.24));
#12791 = CARTESIAN_POINT('',(0.882,1.53,0.24));
#12792 = ( BOUNDED_SURFACE() B_SPLINE_SURFACE(2,1,(
    (#12793,#12794)
    ,(#12795,#12796)
    ,(#12797,#12798
)),.UNSPECIFIED.,.F.,.F.,.F.) B_SPLINE_SURFACE_WITH_KNOTS((3,3),(2,2),(
    1.570796326795,3.14159265359),(-0.6,1.110223024625E-16),
.PIECEWISE_BEZIER_KNOTS.) GEOMETRIC_REPRESENTATION_ITEM() 
RATIONAL_B_SPLINE_SURFACE((
    (1.,1.)
    ,(0.707106781187,0.707106781187)
,(1.,1.))) REPRESENTATION_ITEM('') SURFACE() );
#12793 = CARTESIAN_POINT('',(0.882,1.65,0.12));
#12794 = CARTESIAN_POINT('',(0.522,1.65,0.12));
#12795 = CARTESIAN_POINT('',(0.882,1.53,0.12));
#12796 = CARTESIAN_POINT('',(0.522,1.53,0.12));
#12797 = CARTESIAN_POINT('',(0.882,1.53,0.24));
#12798 = CARTESIAN_POINT('',(0.522,1.53,0.24));
#12799 = ADVANCED_FACE('',(#12800),#12830,.T.);
#12800 = FACE_BOUND('',#12801,.T.);
#12801 = EDGE_LOOP('',(#12802,#12803,#12810,#12817,#12822,#12823,#12824,
    #12829));
#12802 = ORIENTED_EDGE('',*,*,#12742,.F.);
#12803 = ORIENTED_EDGE('',*,*,#12804,.F.);
#12804 = EDGE_CURVE('',#12805,#12736,#12807,.T.);
#12805 = VERTEX_POINT('',#12806);
#12806 = CARTESIAN_POINT('',(0.45,1.5,0.));
#12807 = B_SPLINE_CURVE_WITH_KNOTS('',1,(#12808,#12809),.UNSPECIFIED.,
  .F.,.F.,(2,2),(0.,0.2),.PIECEWISE_BEZIER_KNOTS.);
#12808 = CARTESIAN_POINT('',(0.45,1.5,0.));
#12809 = CARTESIAN_POINT('',(0.45,1.5,0.12));
#12810 = ORIENTED_EDGE('',*,*,#12811,.T.);
#12811 = EDGE_CURVE('',#12805,#12812,#12814,.T.);
#12812 = VERTEX_POINT('',#12813);
#12813 = CARTESIAN_POINT('',(0.93,1.5,0.));
#12814 = B_SPLINE_CURVE_WITH_KNOTS('',1,(#12815,#12816),.UNSPECIFIED.,
  .F.,.F.,(2,2),(0.,0.8),.PIECEWISE_BEZIER_KNOTS.);
#12815 = CARTESIAN_POINT('',(0.45,1.5,0.));
#12816 = CARTESIAN_POINT('',(0.93,1.5,0.));
#12817 = ORIENTED_EDGE('',*,*,#12818,.T.);
#12818 = EDGE_CURVE('',#12812,#12722,#12819,.T.);
#12819 = B_SPLINE_CURVE_WITH_KNOTS('',1,(#12820,#12821),.UNSPECIFIED.,
  .F.,.F.,(2,2),(0.,0.2),.PIECEWISE_BEZIER_KNOTS.);
#12820 = CARTESIAN_POINT('',(0.93,1.5,0.));
#12821 = CARTESIAN_POINT('',(0.93,1.5,0.12));
#12822 = ORIENTED_EDGE('',*,*,#12768,.F.);
#12823 = ORIENTED_EDGE('',*,*,#11898,.T.);
#12824 = ORIENTED_EDGE('',*,*,#12825,.T.);
#12825 = EDGE_CURVE('',#11891,#11783,#12826,.T.);
#12826 = B_SPLINE_CURVE_WITH_KNOTS('',1,(#12827,#12828),.UNSPECIFIED.,
  .F.,.F.,(2,2),(-0.6,0.),.PIECEWISE_BEZIER_KNOTS.);
#12827 = CARTESIAN_POINT('',(0.882,1.5,5.265006004805E-02));
#12828 = CARTESIAN_POINT('',(0.522,1.5,5.265006004805E-02));
#12829 = ORIENTED_EDGE('',*,*,#11790,.F.);
#12830 = B_SPLINE_SURFACE_WITH_KNOTS('',1,1,(
    (#12831,#12832)
    ,(#12833,#12834
    )),.UNSPECIFIED.,.F.,.F.,.F.,(2,2),(2,2),(0.,0.2),(-0.8,0.),
  .PIECEWISE_BEZIER_KNOTS.);
#12831 = CARTESIAN_POINT('',(0.93,1.5,0.));
#12832 = CARTESIAN_POINT('',(0.45,1.5,0.));
#12833 = CARTESIAN_POINT('',(0.93,1.5,0.12));
#12834 = CARTESIAN_POINT('',(0.45,1.5,0.12));
#12835 = ADVANCED_FACE('',(#12836),#12846,.T.);
#12836 = FACE_BOUND('',#12837,.T.);
#12837 = EDGE_LOOP('',(#12838,#12843,#12844,#12845));
#12838 = ORIENTED_EDGE('',*,*,#12839,.T.);
#12839 = EDGE_CURVE('',#11747,#11868,#12840,.T.);
#12840 = B_SPLINE_CURVE_WITH_KNOTS('',1,(#12841,#12842),.UNSPECIFIED.,
  .F.,.F.,(2,2),(0.,0.6),.PIECEWISE_BEZIER_KNOTS.);
#12841 = CARTESIAN_POINT('',(0.522,1.53,0.6));
#12842 = CARTESIAN_POINT('',(0.882,1.53,0.6));
#12843 = ORIENTED_EDGE('',*,*,#11867,.T.);
#12844 = ORIENTED_EDGE('',*,*,#12788,.F.);
#12845 = ORIENTED_EDGE('',*,*,#11746,.F.);
#12846 = B_SPLINE_SURFACE_WITH_KNOTS('',1,1,(
    (#12847,#12848)
    ,(#12849,#12850
    )),.UNSPECIFIED.,.F.,.F.,.F.,(2,2),(2,2),(0.,0.6),(-0.6,3.96E-16),
  .PIECEWISE_BEZIER_KNOTS.);
#12847 = CARTESIAN_POINT('',(0.882,1.53,0.6));
#12848 = CARTESIAN_POINT('',(0.522,1.53,0.6));
#12849 = CARTESIAN_POINT('',(0.882,1.53,0.24));
#12850 = CARTESIAN_POINT('',(0.522,1.53,0.24));
#12851 = ADVANCED_FACE('',(#12852),#12862,.T.);
#12852 = FACE_BOUND('',#12853,.T.);
#12853 = EDGE_LOOP('',(#12854,#12855,#12856,#12861));
#12854 = ORIENTED_EDGE('',*,*,#12825,.F.);
#12855 = ORIENTED_EDGE('',*,*,#11890,.F.);
#12856 = ORIENTED_EDGE('',*,*,#12857,.F.);
#12857 = EDGE_CURVE('',#11776,#11884,#12858,.T.);
#12858 = B_SPLINE_CURVE_WITH_KNOTS('',1,(#12859,#12860),.UNSPECIFIED.,
  .F.,.F.,(2,2),(0.,0.6),.PIECEWISE_BEZIER_KNOTS.);
#12859 = CARTESIAN_POINT('',(0.522,1.41,0.24));
#12860 = CARTESIAN_POINT('',(0.882,1.41,0.24));
#12861 = ORIENTED_EDGE('',*,*,#11782,.T.);
#12862 = ( BOUNDED_SURFACE() B_SPLINE_SURFACE(2,1,(
    (#12863,#12864)
    ,(#12865,#12866)
    ,(#12867,#12868
)),.UNSPECIFIED.,.F.,.F.,.F.) B_SPLINE_SURFACE_WITH_KNOTS((3,3),(2,2),(
    2.245927859732,3.14159265359),(-0.6,1.110223024625E-16),
.PIECEWISE_BEZIER_KNOTS.) GEOMETRIC_REPRESENTATION_ITEM() 
RATIONAL_B_SPLINE_SURFACE((
    (1.,1.)
    ,(0.901387818866,0.901387818866)
,(1.,1.))) REPRESENTATION_ITEM('') SURFACE() );
#12863 = CARTESIAN_POINT('',(0.882,1.5,5.265006004805E-02));
#12864 = CARTESIAN_POINT('',(0.522,1.5,5.265006004805E-02));
#12865 = CARTESIAN_POINT('',(0.882,1.41,0.12470772926));
#12866 = CARTESIAN_POINT('',(0.522,1.41,0.12470772926));
#12867 = CARTESIAN_POINT('',(0.882,1.41,0.24));
#12868 = CARTESIAN_POINT('',(0.522,1.41,0.24));
#12869 = ADVANCED_FACE('',(#12870),#12876,.T.);
#12870 = FACE_BOUND('',#12871,.T.);
#12871 = EDGE_LOOP('',(#12872,#12873,#12874,#12875));
#12872 = ORIENTED_EDGE('',*,*,#11753,.T.);
#12873 = ORIENTED_EDGE('',*,*,#11804,.T.);
#12874 = ORIENTED_EDGE('',*,*,#11874,.F.);
#12875 = ORIENTED_EDGE('',*,*,#12839,.F.);
#12876 = ( BOUNDED_SURFACE() B_SPLINE_SURFACE(2,1,(
    (#12877,#12878)
    ,(#12879,#12880)
    ,(#12881,#12882
)),.UNSPECIFIED.,.F.,.F.,.F.) B_SPLINE_SURFACE_WITH_KNOTS((3,3),(2,2),(
    4.712388980385,6.28318530718),(-0.6,0.),.PIECEWISE_BEZIER_KNOTS.) 
GEOMETRIC_REPRESENTATION_ITEM() RATIONAL_B_SPLINE_SURFACE((
    (1.,1.)
    ,(0.707106781187,0.707106781187)
,(1.,1.))) REPRESENTATION_ITEM('') SURFACE() );
#12877 = CARTESIAN_POINT('',(0.882,1.41,0.72));
#12878 = CARTESIAN_POINT('',(0.522,1.41,0.72));
#12879 = CARTESIAN_POINT('',(0.882,1.53,0.72));
#12880 = CARTESIAN_POINT('',(0.522,1.53,0.72));
#12881 = CARTESIAN_POINT('',(0.882,1.53,0.6));
#12882 = CARTESIAN_POINT('',(0.522,1.53,0.6));
#12883 = ADVANCED_FACE('',(#12884),#12890,.T.);
#12884 = FACE_BOUND('',#12885,.T.);
#12885 = EDGE_LOOP('',(#12886,#12887,#12888,#12889));
#12886 = ORIENTED_EDGE('',*,*,#12857,.T.);
#12887 = ORIENTED_EDGE('',*,*,#11883,.T.);
#12888 = ORIENTED_EDGE('',*,*,#11835,.F.);
#12889 = ORIENTED_EDGE('',*,*,#11775,.F.);
#12890 = B_SPLINE_SURFACE_WITH_KNOTS('',1,1,(
    (#12891,#12892)
    ,(#12893,#12894
    )),.UNSPECIFIED.,.F.,.F.,.F.,(2,2),(2,2),(-3.96E-16,0.5),(-0.6,0.),
  .PIECEWISE_BEZIER_KNOTS.);
#12891 = CARTESIAN_POINT('',(0.882,1.41,0.24));
#12892 = CARTESIAN_POINT('',(0.522,1.41,0.24));
#12893 = CARTESIAN_POINT('',(0.882,1.41,0.54));
#12894 = CARTESIAN_POINT('',(0.522,1.41,0.54));
#12895 = ADVANCED_FACE('',(#12896),#12912,.T.);
#12896 = FACE_BOUND('',#12897,.T.);
#12897 = EDGE_LOOP('',(#12898,#12905,#12910,#12911));
#12898 = ORIENTED_EDGE('',*,*,#12899,.F.);
#12899 = EDGE_CURVE('',#12900,#11976,#12902,.T.);
#12900 = VERTEX_POINT('',#12901);
#12901 = CARTESIAN_POINT('',(1.29,0.63,0.3));
#12902 = B_SPLINE_CURVE_WITH_KNOTS('',1,(#12903,#12904),.UNSPECIFIED.,
  .F.,.F.,(2,2),(0.,1.E-01),.PIECEWISE_BEZIER_KNOTS.);
#12903 = CARTESIAN_POINT('',(1.29,0.63,0.3));
#12904 = CARTESIAN_POINT('',(1.29,0.63,0.36));
#12905 = ORIENTED_EDGE('',*,*,#12906,.T.);
#12906 = EDGE_CURVE('',#12900,#11914,#12907,.T.);
#12907 = B_SPLINE_CURVE_WITH_KNOTS('',1,(#12908,#12909),.UNSPECIFIED.,
  .F.,.F.,(2,2),(0.,0.1),.PIECEWISE_BEZIER_KNOTS.);
#12908 = CARTESIAN_POINT('',(1.29,0.63,0.3));
#12909 = CARTESIAN_POINT('',(1.35,0.63,0.3));
#12910 = ORIENTED_EDGE('',*,*,#11913,.T.);
#12911 = ORIENTED_EDGE('',*,*,#11975,.T.);
#12912 = B_SPLINE_SURFACE_WITH_KNOTS('',1,1,(
    (#12913,#12914)
    ,(#12915,#12916
  )),.UNSPECIFIED.,.F.,.F.,.F.,(2,2),(2,2),(0.,1.E-01),(-0.1,0.),
  .PIECEWISE_BEZIER_KNOTS.);
#12913 = CARTESIAN_POINT('',(1.35,0.63,0.3));
#12914 = CARTESIAN_POINT('',(1.29,0.63,0.3));
#12915 = CARTESIAN_POINT('',(1.35,0.63,0.36));
#12916 = CARTESIAN_POINT('',(1.29,0.63,0.36));
#12917 = ADVANCED_FACE('',(#12918),#12928,.F.);
#12918 = FACE_BOUND('',#12919,.F.);
#12919 = EDGE_LOOP('',(#12920,#12921,#12926,#12927));
#12920 = ORIENTED_EDGE('',*,*,#12260,.T.);
#12921 = ORIENTED_EDGE('',*,*,#12922,.T.);
#12922 = EDGE_CURVE('',#12251,#12900,#12923,.T.);
#12923 = B_SPLINE_CURVE_WITH_KNOTS('',1,(#12924,#12925),.UNSPECIFIED.,
  .F.,.F.,(2,2),(0.25,1.2),.PIECEWISE_BEZIER_KNOTS.);
#12924 = CARTESIAN_POINT('',(1.29,1.2,0.3));
#12925 = CARTESIAN_POINT('',(1.29,0.63,0.3));
#12926 = ORIENTED_EDGE('',*,*,#12906,.T.);
#12927 = ORIENTED_EDGE('',*,*,#11920,.F.);
#12928 = B_SPLINE_SURFACE_WITH_KNOTS('',1,1,(
    (#12929,#12930)
    ,(#12931,#12932
    )),.UNSPECIFIED.,.F.,.F.,.F.,(2,2),(2,2),(0.15,1.2),(0.,0.1),
  .PIECEWISE_BEZIER_KNOTS.);
#12929 = CARTESIAN_POINT('',(1.29,1.26,0.3));
#12930 = CARTESIAN_POINT('',(1.35,1.26,0.3));
#12931 = CARTESIAN_POINT('',(1.29,0.63,0.3));
#12932 = CARTESIAN_POINT('',(1.35,0.63,0.3));
#12933 = ADVANCED_FACE('',(#12934),#12954,.T.);
#12934 = FACE_BOUND('',#12935,.T.);
#12935 = EDGE_LOOP('',(#12936,#12943,#12948,#12953));
#12936 = ORIENTED_EDGE('',*,*,#12937,.F.);
#12937 = EDGE_CURVE('',#12938,#11940,#12940,.T.);
#12938 = VERTEX_POINT('',#12939);
#12939 = CARTESIAN_POINT('',(1.2,1.2,0.3));
#12940 = B_SPLINE_CURVE_WITH_KNOTS('',1,(#12941,#12942),.UNSPECIFIED.,
  .F.,.F.,(2,2),(1.E-01,0.2),.PIECEWISE_BEZIER_KNOTS.);
#12941 = CARTESIAN_POINT('',(1.2,1.2,0.3));
#12942 = CARTESIAN_POINT('',(1.2,1.2,0.36));
#12943 = ORIENTED_EDGE('',*,*,#12944,.T.);
#12944 = EDGE_CURVE('',#12938,#12251,#12945,.T.);
#12945 = B_SPLINE_CURVE_WITH_KNOTS('',1,(#12946,#12947),.UNSPECIFIED.,
  .F.,.F.,(2,2),(0.,0.15),.PIECEWISE_BEZIER_KNOTS.);
#12946 = CARTESIAN_POINT('',(1.2,1.2,0.3));
#12947 = CARTESIAN_POINT('',(1.29,1.2,0.3));
#12948 = ORIENTED_EDGE('',*,*,#12949,.F.);
#12949 = EDGE_CURVE('',#11942,#12251,#12950,.T.);
#12950 = B_SPLINE_CURVE_WITH_KNOTS('',1,(#12951,#12952),.UNSPECIFIED.,
  .F.,.F.,(2,2),(-0.15,-5.E-02),.PIECEWISE_BEZIER_KNOTS.);
#12951 = CARTESIAN_POINT('',(1.29,1.2,0.36));
#12952 = CARTESIAN_POINT('',(1.29,1.2,0.3));
#12953 = ORIENTED_EDGE('',*,*,#11939,.F.);
#12954 = B_SPLINE_SURFACE_WITH_KNOTS('',1,1,(
    (#12955,#12956)
    ,(#12957,#12958
  )),.UNSPECIFIED.,.F.,.F.,.F.,(2,2),(2,2),(1.E-01,0.2),(-0.15,0.),
  .PIECEWISE_BEZIER_KNOTS.);
#12955 = CARTESIAN_POINT('',(1.29,1.2,0.3));
#12956 = CARTESIAN_POINT('',(1.2,1.2,0.3));
#12957 = CARTESIAN_POINT('',(1.29,1.2,0.36));
#12958 = CARTESIAN_POINT('',(1.2,1.2,0.36));
#12959 = ADVANCED_FACE('',(#12960),#12992,.T.);
#12960 = FACE_BOUND('',#12961,.T.);
#12961 = EDGE_LOOP('',(#12962,#12971,#12977,#12978,#12979,#12986));
#12962 = ORIENTED_EDGE('',*,*,#12963,.F.);
#12963 = EDGE_CURVE('',#12964,#12966,#12968,.T.);
#12964 = VERTEX_POINT('',#12965);
#12965 = CARTESIAN_POINT('',(1.2,1.14,0.24));
#12966 = VERTEX_POINT('',#12967);
#12967 = CARTESIAN_POINT('',(1.2,-1.14,0.24));
#12968 = B_SPLINE_CURVE_WITH_KNOTS('',1,(#12969,#12970),.UNSPECIFIED.,
  .F.,.F.,(2,2),(0.1,3.9),.PIECEWISE_BEZIER_KNOTS.);
#12969 = CARTESIAN_POINT('',(1.2,1.14,0.24));
#12970 = CARTESIAN_POINT('',(1.2,-1.14,0.24));
#12971 = ORIENTED_EDGE('',*,*,#12972,.T.);
#12972 = EDGE_CURVE('',#12964,#12938,#12973,.T.);
#12973 = ( BOUNDED_CURVE() B_SPLINE_CURVE(2,(#12974,#12975,#12976),
.UNSPECIFIED.,.F.,.F.) B_SPLINE_CURVE_WITH_KNOTS((3,3),(3.14159265359,
4.712388980385),.PIECEWISE_BEZIER_KNOTS.) CURVE() 
GEOMETRIC_REPRESENTATION_ITEM() RATIONAL_B_SPLINE_CURVE((1.,
0.707106781187,1.)) REPRESENTATION_ITEM('') );
#12974 = CARTESIAN_POINT('',(1.2,1.14,0.24));
#12975 = CARTESIAN_POINT('',(1.2,1.2,0.24));
#12976 = CARTESIAN_POINT('',(1.2,1.2,0.3));
#12977 = ORIENTED_EDGE('',*,*,#12937,.T.);
#12978 = ORIENTED_EDGE('',*,*,#11948,.T.);
#12979 = ORIENTED_EDGE('',*,*,#12980,.F.);
#12980 = EDGE_CURVE('',#12981,#11949,#12983,.T.);
#12981 = VERTEX_POINT('',#12982);
#12982 = CARTESIAN_POINT('',(1.2,-1.2,0.3));
#12983 = B_SPLINE_CURVE_WITH_KNOTS('',1,(#12984,#12985),.UNSPECIFIED.,
  .F.,.F.,(2,2),(1.E-01,0.2),.PIECEWISE_BEZIER_KNOTS.);
#12984 = CARTESIAN_POINT('',(1.2,-1.2,0.3));
#12985 = CARTESIAN_POINT('',(1.2,-1.2,0.36));
#12986 = ORIENTED_EDGE('',*,*,#12987,.F.);
#12987 = EDGE_CURVE('',#12966,#12981,#12988,.T.);
#12988 = ( BOUNDED_CURVE() B_SPLINE_CURVE(2,(#12989,#12990,#12991),
.UNSPECIFIED.,.F.,.F.) B_SPLINE_CURVE_WITH_KNOTS((3,3),(3.14159265359,
4.712388980385),.PIECEWISE_BEZIER_KNOTS.) CURVE() 
GEOMETRIC_REPRESENTATION_ITEM() RATIONAL_B_SPLINE_CURVE((1.,
0.707106781187,1.)) REPRESENTATION_ITEM('') );
#12989 = CARTESIAN_POINT('',(1.2,-1.14,0.24));
#12990 = CARTESIAN_POINT('',(1.2,-1.2,0.24));
#12991 = CARTESIAN_POINT('',(1.2,-1.2,0.3));
#12992 = B_SPLINE_SURFACE_WITH_KNOTS('',1,1,(
    (#12993,#12994)
    ,(#12995,#12996
    )),.UNSPECIFIED.,.F.,.F.,.F.,(2,2),(2,2),(0.,0.2),(0.,4.),
  .PIECEWISE_BEZIER_KNOTS.);
#12993 = CARTESIAN_POINT('',(1.2,1.2,0.24));
#12994 = CARTESIAN_POINT('',(1.2,-1.2,0.24));
#12995 = CARTESIAN_POINT('',(1.2,1.2,0.36));
#12996 = CARTESIAN_POINT('',(1.2,-1.2,0.36));
#12997 = ADVANCED_FACE('',(#12998),#13004,.F.);
#12998 = FACE_BOUND('',#12999,.F.);
#12999 = EDGE_LOOP('',(#13000,#13001,#13002,#13003));
#13000 = ORIENTED_EDGE('',*,*,#12899,.F.);
#13001 = ORIENTED_EDGE('',*,*,#12922,.F.);
#13002 = ORIENTED_EDGE('',*,*,#12949,.F.);
#13003 = ORIENTED_EDGE('',*,*,#11982,.T.);
#13004 = B_SPLINE_SURFACE_WITH_KNOTS('',1,1,(
    (#13005,#13006)
    ,(#13007,#13008
  )),.UNSPECIFIED.,.F.,.F.,.F.,(2,2),(2,2),(0.,1.E-01),(0.25,1.2),
  .PIECEWISE_BEZIER_KNOTS.);
#13005 = CARTESIAN_POINT('',(1.29,1.2,0.3));
#13006 = CARTESIAN_POINT('',(1.29,0.63,0.3));
#13007 = CARTESIAN_POINT('',(1.29,1.2,0.36));
#13008 = CARTESIAN_POINT('',(1.29,0.63,0.36));
#13009 = ADVANCED_FACE('',(#13010),#13024,.F.);
#13010 = FACE_BOUND('',#13011,.F.);
#13011 = EDGE_LOOP('',(#13012,#13013,#13018,#13023));
#13012 = ORIENTED_EDGE('',*,*,#12980,.F.);
#13013 = ORIENTED_EDGE('',*,*,#13014,.T.);
#13014 = EDGE_CURVE('',#12981,#12192,#13015,.T.);
#13015 = B_SPLINE_CURVE_WITH_KNOTS('',1,(#13016,#13017),.UNSPECIFIED.,
  .F.,.F.,(2,2),(0.,0.15),.PIECEWISE_BEZIER_KNOTS.);
#13016 = CARTESIAN_POINT('',(1.2,-1.2,0.3));
#13017 = CARTESIAN_POINT('',(1.29,-1.2,0.3));
#13018 = ORIENTED_EDGE('',*,*,#13019,.F.);
#13019 = EDGE_CURVE('',#11956,#12192,#13020,.T.);
#13020 = B_SPLINE_CURVE_WITH_KNOTS('',1,(#13021,#13022),.UNSPECIFIED.,
  .F.,.F.,(2,2),(-0.15,-5.E-02),.PIECEWISE_BEZIER_KNOTS.);
#13021 = CARTESIAN_POINT('',(1.29,-1.2,0.36));
#13022 = CARTESIAN_POINT('',(1.29,-1.2,0.3));
#13023 = ORIENTED_EDGE('',*,*,#11955,.F.);
#13024 = B_SPLINE_SURFACE_WITH_KNOTS('',1,1,(
    (#13025,#13026)
    ,(#13027,#13028
  )),.UNSPECIFIED.,.F.,.F.,.F.,(2,2),(2,2),(1.E-01,0.2),(-0.15,0.),
  .PIECEWISE_BEZIER_KNOTS.);
#13025 = CARTESIAN_POINT('',(1.29,-1.2,0.3));
#13026 = CARTESIAN_POINT('',(1.2,-1.2,0.3));
#13027 = CARTESIAN_POINT('',(1.29,-1.2,0.36));
#13028 = CARTESIAN_POINT('',(1.2,-1.2,0.36));
#13029 = ADVANCED_FACE('',(#13030),#13036,.F.);
#13030 = FACE_BOUND('',#13031,.F.);
#13031 = EDGE_LOOP('',(#13032,#13033,#13034,#13035));
#13032 = ORIENTED_EDGE('',*,*,#13019,.T.);
#13033 = ORIENTED_EDGE('',*,*,#12511,.F.);
#13034 = ORIENTED_EDGE('',*,*,#12487,.T.);
#13035 = ORIENTED_EDGE('',*,*,#11962,.T.);
#13036 = B_SPLINE_SURFACE_WITH_KNOTS('',1,1,(
    (#13037,#13038)
    ,(#13039,#13040
  )),.UNSPECIFIED.,.F.,.F.,.F.,(2,2),(2,2),(0.,1.E-01),(0.,0.95),
  .PIECEWISE_BEZIER_KNOTS.);
#13037 = CARTESIAN_POINT('',(1.29,-0.63,0.3));
#13038 = CARTESIAN_POINT('',(1.29,-1.2,0.3));
#13039 = CARTESIAN_POINT('',(1.29,-0.63,0.36));
#13040 = CARTESIAN_POINT('',(1.29,-1.2,0.36));
#13041 = ADVANCED_FACE('',(#13042),#13058,.F.);
#13042 = FACE_BOUND('',#13043,.F.);
#13043 = EDGE_LOOP('',(#13044,#13051,#13052,#13053));
#13044 = ORIENTED_EDGE('',*,*,#13045,.F.);
#13045 = EDGE_CURVE('',#12111,#13046,#13048,.T.);
#13046 = VERTEX_POINT('',#13047);
#13047 = CARTESIAN_POINT('',(-0.39,-1.86,0.));
#13048 = B_SPLINE_CURVE_WITH_KNOTS('',1,(#13049,#13050),.UNSPECIFIED.,
  .F.,.F.,(2,2),(0.,0.6),.PIECEWISE_BEZIER_KNOTS.);
#13049 = CARTESIAN_POINT('',(-0.39,-1.5,0.));
#13050 = CARTESIAN_POINT('',(-0.39,-1.86,0.));
#13051 = ORIENTED_EDGE('',*,*,#12110,.T.);
#13052 = ORIENTED_EDGE('',*,*,#12032,.T.);
#13053 = ORIENTED_EDGE('',*,*,#13054,.F.);
#13054 = EDGE_CURVE('',#13046,#12033,#13055,.T.);
#13055 = B_SPLINE_CURVE_WITH_KNOTS('',1,(#13056,#13057),.UNSPECIFIED.,
  .F.,.F.,(2,2),(0.,0.2),.PIECEWISE_BEZIER_KNOTS.);
#13056 = CARTESIAN_POINT('',(-0.39,-1.86,0.));
#13057 = CARTESIAN_POINT('',(-0.39,-1.86,0.12));
#13058 = B_SPLINE_SURFACE_WITH_KNOTS('',1,1,(
    (#13059,#13060)
    ,(#13061,#13062
    )),.UNSPECIFIED.,.F.,.F.,.F.,(2,2),(2,2),(0.,0.2),(0.,0.6),
  .PIECEWISE_BEZIER_KNOTS.);
#13059 = CARTESIAN_POINT('',(-0.39,-1.5,0.));
#13060 = CARTESIAN_POINT('',(-0.39,-1.86,0.));
#13061 = CARTESIAN_POINT('',(-0.39,-1.5,0.12));
#13062 = CARTESIAN_POINT('',(-0.39,-1.86,0.12));
#13063 = ADVANCED_FACE('',(#13064),#13080,.T.);
#13064 = FACE_BOUND('',#13065,.T.);
#13065 = EDGE_LOOP('',(#13066,#13067,#13074,#13079));
#13066 = ORIENTED_EDGE('',*,*,#13054,.F.);
#13067 = ORIENTED_EDGE('',*,*,#13068,.T.);
#13068 = EDGE_CURVE('',#13046,#13069,#13071,.T.);
#13069 = VERTEX_POINT('',#13070);
#13070 = CARTESIAN_POINT('',(0.39,-1.86,0.));
#13071 = B_SPLINE_CURVE_WITH_KNOTS('',1,(#13072,#13073),.UNSPECIFIED.,
  .F.,.F.,(2,2),(0.,1.3),.PIECEWISE_BEZIER_KNOTS.);
#13072 = CARTESIAN_POINT('',(-0.39,-1.86,0.));
#13073 = CARTESIAN_POINT('',(0.39,-1.86,0.));
#13074 = ORIENTED_EDGE('',*,*,#13075,.T.);
#13075 = EDGE_CURVE('',#13069,#12040,#13076,.T.);
#13076 = B_SPLINE_CURVE_WITH_KNOTS('',1,(#13077,#13078),.UNSPECIFIED.,
  .F.,.F.,(2,2),(0.,0.2),.PIECEWISE_BEZIER_KNOTS.);
#13077 = CARTESIAN_POINT('',(0.39,-1.86,0.));
#13078 = CARTESIAN_POINT('',(0.39,-1.86,0.12));
#13079 = ORIENTED_EDGE('',*,*,#12039,.F.);
#13080 = B_SPLINE_SURFACE_WITH_KNOTS('',1,1,(
    (#13081,#13082)
    ,(#13083,#13084
    )),.UNSPECIFIED.,.F.,.F.,.F.,(2,2),(2,2),(0.,0.2),(-1.3,0.),
  .PIECEWISE_BEZIER_KNOTS.);
#13081 = CARTESIAN_POINT('',(0.39,-1.86,0.));
#13082 = CARTESIAN_POINT('',(-0.39,-1.86,0.));
#13083 = CARTESIAN_POINT('',(0.39,-1.86,0.12));
#13084 = CARTESIAN_POINT('',(-0.39,-1.86,0.12));
#13085 = ADVANCED_FACE('',(#13086),#13092,.T.);
#13086 = FACE_BOUND('',#13087,.T.);
#13087 = EDGE_LOOP('',(#13088,#13089,#13090,#13091));
#13088 = ORIENTED_EDGE('',*,*,#12088,.T.);
#13089 = ORIENTED_EDGE('',*,*,#12073,.T.);
#13090 = ORIENTED_EDGE('',*,*,#12066,.F.);
#13091 = ORIENTED_EDGE('',*,*,#12059,.F.);
#13092 = B_SPLINE_SURFACE_WITH_KNOTS('',1,1,(
    (#13093,#13094)
    ,(#13095,#13096
    )),.UNSPECIFIED.,.F.,.F.,.F.,(2,2),(2,2),(-2.009475135015E-59,1.E-01
    ),(-0.6,2.22044604925E-17),.PIECEWISE_BEZIER_KNOTS.);
#13093 = CARTESIAN_POINT('',(-0.18,-1.62,0.12));
#13094 = CARTESIAN_POINT('',(0.18,-1.62,0.12));
#13095 = CARTESIAN_POINT('',(-0.18,-1.68,0.12));
#13096 = CARTESIAN_POINT('',(0.18,-1.68,0.12));
#13097 = ADVANCED_FACE('',(#13098),#13108,.T.);
#13098 = FACE_BOUND('',#13099,.T.);
#13099 = EDGE_LOOP('',(#13100,#13105,#13106,#13107));
#13100 = ORIENTED_EDGE('',*,*,#13101,.F.);
#13101 = EDGE_CURVE('',#12118,#13069,#13102,.T.);
#13102 = B_SPLINE_CURVE_WITH_KNOTS('',1,(#13103,#13104),.UNSPECIFIED.,
  .F.,.F.,(2,2),(0.,0.6),.PIECEWISE_BEZIER_KNOTS.);
#13103 = CARTESIAN_POINT('',(0.39,-1.5,0.));
#13104 = CARTESIAN_POINT('',(0.39,-1.86,0.));
#13105 = ORIENTED_EDGE('',*,*,#12124,.T.);
#13106 = ORIENTED_EDGE('',*,*,#12046,.T.);
#13107 = ORIENTED_EDGE('',*,*,#13075,.F.);
#13108 = B_SPLINE_SURFACE_WITH_KNOTS('',1,1,(
    (#13109,#13110)
    ,(#13111,#13112
    )),.UNSPECIFIED.,.F.,.F.,.F.,(2,2),(2,2),(0.,0.2),(0.,0.6),
  .PIECEWISE_BEZIER_KNOTS.);
#13109 = CARTESIAN_POINT('',(0.39,-1.5,0.));
#13110 = CARTESIAN_POINT('',(0.39,-1.86,0.));
#13111 = CARTESIAN_POINT('',(0.39,-1.5,0.12));
#13112 = CARTESIAN_POINT('',(0.39,-1.86,0.12));
#13113 = ADVANCED_FACE('',(#13114,#13120),#13150,.F.);
#13114 = FACE_BOUND('',#13115,.F.);
#13115 = EDGE_LOOP('',(#13116,#13117,#13118,#13119));
#13116 = ORIENTED_EDGE('',*,*,#12117,.F.);
#13117 = ORIENTED_EDGE('',*,*,#13045,.T.);
#13118 = ORIENTED_EDGE('',*,*,#13068,.T.);
#13119 = ORIENTED_EDGE('',*,*,#13101,.F.);
#13120 = FACE_BOUND('',#13121,.F.);
#13121 = EDGE_LOOP('',(#13122,#13131,#13138,#13145));
#13122 = ORIENTED_EDGE('',*,*,#13123,.F.);
#13123 = EDGE_CURVE('',#13124,#13126,#13128,.T.);
#13124 = VERTEX_POINT('',#13125);
#13125 = CARTESIAN_POINT('',(0.18,-1.68,0.));
#13126 = VERTEX_POINT('',#13127);
#13127 = CARTESIAN_POINT('',(0.18,-1.62,0.));
#13128 = B_SPLINE_CURVE_WITH_KNOTS('',1,(#13129,#13130),.UNSPECIFIED.,
  .F.,.F.,(2,2),(0.,1.E-01),.PIECEWISE_BEZIER_KNOTS.);
#13129 = CARTESIAN_POINT('',(0.18,-1.68,0.));
#13130 = CARTESIAN_POINT('',(0.18,-1.62,0.));
#13131 = ORIENTED_EDGE('',*,*,#13132,.T.);
#13132 = EDGE_CURVE('',#13124,#13133,#13135,.T.);
#13133 = VERTEX_POINT('',#13134);
#13134 = CARTESIAN_POINT('',(-0.18,-1.68,0.));
#13135 = B_SPLINE_CURVE_WITH_KNOTS('',1,(#13136,#13137),.UNSPECIFIED.,
  .F.,.F.,(2,2),(0.,0.6),.PIECEWISE_BEZIER_KNOTS.);
#13136 = CARTESIAN_POINT('',(0.18,-1.68,0.));
#13137 = CARTESIAN_POINT('',(-0.18,-1.68,2.412E-16));
#13138 = ORIENTED_EDGE('',*,*,#13139,.T.);
#13139 = EDGE_CURVE('',#13133,#13140,#13142,.T.);
#13140 = VERTEX_POINT('',#13141);
#13141 = CARTESIAN_POINT('',(-0.18,-1.62,0.));
#13142 = B_SPLINE_CURVE_WITH_KNOTS('',1,(#13143,#13144),.UNSPECIFIED.,
  .F.,.F.,(2,2),(0.,1.E-01),.PIECEWISE_BEZIER_KNOTS.);
#13143 = CARTESIAN_POINT('',(-0.18,-1.68,6.66133814775E-17));
#13144 = CARTESIAN_POINT('',(-0.18,-1.62,6.66133814775E-17));
#13145 = ORIENTED_EDGE('',*,*,#13146,.F.);
#13146 = EDGE_CURVE('',#13126,#13140,#13147,.T.);
#13147 = B_SPLINE_CURVE_WITH_KNOTS('',1,(#13148,#13149),.UNSPECIFIED.,
  .F.,.F.,(2,2),(0.,0.6),.PIECEWISE_BEZIER_KNOTS.);
#13148 = CARTESIAN_POINT('',(0.18,-1.62,0.));
#13149 = CARTESIAN_POINT('',(-0.18,-1.62,2.412E-16));
#13150 = B_SPLINE_SURFACE_WITH_KNOTS('',1,1,(
    (#13151,#13152)
    ,(#13153,#13154
    )),.UNSPECIFIED.,.F.,.F.,.F.,(2,2),(2,2),(-2.886579864025E-16,0.6),(
    0.,1.3),.PIECEWISE_BEZIER_KNOTS.);
#13151 = CARTESIAN_POINT('',(-0.39,-1.5,0.));
#13152 = CARTESIAN_POINT('',(0.39,-1.5,0.));
#13153 = CARTESIAN_POINT('',(-0.39,-1.86,0.));
#13154 = CARTESIAN_POINT('',(0.39,-1.86,0.));
#13155 = ADVANCED_FACE('',(#13156),#13166,.F.);
#13156 = FACE_BOUND('',#13157,.F.);
#13157 = EDGE_LOOP('',(#13158,#13159,#13160,#13161));
#13158 = ORIENTED_EDGE('',*,*,#12189,.T.);
#13159 = ORIENTED_EDGE('',*,*,#13014,.F.);
#13160 = ORIENTED_EDGE('',*,*,#12987,.F.);
#13161 = ORIENTED_EDGE('',*,*,#13162,.T.);
#13162 = EDGE_CURVE('',#12966,#12190,#13163,.T.);
#13163 = B_SPLINE_CURVE_WITH_KNOTS('',1,(#13164,#13165),.UNSPECIFIED.,
  .F.,.F.,(2,2),(0.,0.15),.PIECEWISE_BEZIER_KNOTS.);
#13164 = CARTESIAN_POINT('',(1.2,-1.14,0.24));
#13165 = CARTESIAN_POINT('',(1.29,-1.14,0.24));
#13166 = ( BOUNDED_SURFACE() B_SPLINE_SURFACE(2,1,(
    (#13167,#13168)
    ,(#13169,#13170)
    ,(#13171,#13172
)),.UNSPECIFIED.,.F.,.F.,.F.) B_SPLINE_SURFACE_WITH_KNOTS((3,3),(2,2),(
    4.712388980385,6.28318530718),(0.,0.15),.PIECEWISE_BEZIER_KNOTS.) 
GEOMETRIC_REPRESENTATION_ITEM() RATIONAL_B_SPLINE_SURFACE((
    (1.,1.)
    ,(0.707106781187,0.707106781187)
,(1.,1.))) REPRESENTATION_ITEM('') SURFACE() );
#13167 = CARTESIAN_POINT('',(1.2,-1.2,0.3));
#13168 = CARTESIAN_POINT('',(1.29,-1.2,0.3));
#13169 = CARTESIAN_POINT('',(1.2,-1.2,0.24));
#13170 = CARTESIAN_POINT('',(1.29,-1.2,0.24));
#13171 = CARTESIAN_POINT('',(1.2,-1.14,0.24));
#13172 = CARTESIAN_POINT('',(1.29,-1.14,0.24));
#13173 = ADVANCED_FACE('',(#13174),#13184,.T.);
#13174 = FACE_BOUND('',#13175,.T.);
#13175 = EDGE_LOOP('',(#13176,#13177,#13178,#13183));
#13176 = ORIENTED_EDGE('',*,*,#13162,.T.);
#13177 = ORIENTED_EDGE('',*,*,#12233,.F.);
#13178 = ORIENTED_EDGE('',*,*,#13179,.F.);
#13179 = EDGE_CURVE('',#12964,#12226,#13180,.T.);
#13180 = B_SPLINE_CURVE_WITH_KNOTS('',1,(#13181,#13182),.UNSPECIFIED.,
  .F.,.F.,(2,2),(0.,0.15),.PIECEWISE_BEZIER_KNOTS.);
#13181 = CARTESIAN_POINT('',(1.2,1.14,0.24));
#13182 = CARTESIAN_POINT('',(1.29,1.14,0.24));
#13183 = ORIENTED_EDGE('',*,*,#12963,.T.);
#13184 = B_SPLINE_SURFACE_WITH_KNOTS('',1,1,(
    (#13185,#13186)
    ,(#13187,#13188
    )),.UNSPECIFIED.,.F.,.F.,.F.,(2,2),(2,2),(0.1,3.9),(0.,0.15),
  .PIECEWISE_BEZIER_KNOTS.);
#13185 = CARTESIAN_POINT('',(1.2,1.14,0.24));
#13186 = CARTESIAN_POINT('',(1.29,1.14,0.24));
#13187 = CARTESIAN_POINT('',(1.2,-1.14,0.24));
#13188 = CARTESIAN_POINT('',(1.29,-1.14,0.24));
#13189 = ADVANCED_FACE('',(#13190),#13196,.F.);
#13190 = FACE_BOUND('',#13191,.F.);
#13191 = EDGE_LOOP('',(#13192,#13193,#13194,#13195));
#13192 = ORIENTED_EDGE('',*,*,#13179,.F.);
#13193 = ORIENTED_EDGE('',*,*,#12972,.T.);
#13194 = ORIENTED_EDGE('',*,*,#12944,.T.);
#13195 = ORIENTED_EDGE('',*,*,#12250,.T.);
#13196 = ( BOUNDED_SURFACE() B_SPLINE_SURFACE(2,1,(
    (#13197,#13198)
    ,(#13199,#13200)
    ,(#13201,#13202
)),.UNSPECIFIED.,.F.,.F.,.F.) B_SPLINE_SURFACE_WITH_KNOTS((3,3),(2,2),(
    0.,1.570796326795),(0.,0.15),.PIECEWISE_BEZIER_KNOTS.) 
GEOMETRIC_REPRESENTATION_ITEM() RATIONAL_B_SPLINE_SURFACE((
    (1.,1.)
    ,(0.707106781187,0.707106781187)
,(1.,1.))) REPRESENTATION_ITEM('') SURFACE() );
#13197 = CARTESIAN_POINT('',(1.2,1.14,0.24));
#13198 = CARTESIAN_POINT('',(1.29,1.14,0.24));
#13199 = CARTESIAN_POINT('',(1.2,1.2,0.24));
#13200 = CARTESIAN_POINT('',(1.29,1.2,0.24));
#13201 = CARTESIAN_POINT('',(1.2,1.2,0.3));
#13202 = CARTESIAN_POINT('',(1.29,1.2,0.3));
#13203 = ADVANCED_FACE('',(#13204),#13220,.T.);
#13204 = FACE_BOUND('',#13205,.T.);
#13205 = EDGE_LOOP('',(#13206,#13213,#13218,#13219));
#13206 = ORIENTED_EDGE('',*,*,#13207,.F.);
#13207 = EDGE_CURVE('',#13208,#12632,#13210,.T.);
#13208 = VERTEX_POINT('',#13209);
#13209 = CARTESIAN_POINT('',(-0.456,1.86,0.));
#13210 = B_SPLINE_CURVE_WITH_KNOTS('',1,(#13211,#13212),.UNSPECIFIED.,
  .F.,.F.,(2,2),(0.,0.6),.PIECEWISE_BEZIER_KNOTS.);
#13211 = CARTESIAN_POINT('',(-0.456,1.86,0.));
#13212 = CARTESIAN_POINT('',(-0.456,1.5,0.));
#13213 = ORIENTED_EDGE('',*,*,#13214,.T.);
#13214 = EDGE_CURVE('',#13208,#12540,#13215,.T.);
#13215 = B_SPLINE_CURVE_WITH_KNOTS('',1,(#13216,#13217),.UNSPECIFIED.,
  .F.,.F.,(2,2),(0.,0.2),.PIECEWISE_BEZIER_KNOTS.);
#13216 = CARTESIAN_POINT('',(-0.456,1.86,0.));
#13217 = CARTESIAN_POINT('',(-0.456,1.86,0.12));
#13218 = ORIENTED_EDGE('',*,*,#12539,.T.);
#13219 = ORIENTED_EDGE('',*,*,#12638,.F.);
#13220 = B_SPLINE_SURFACE_WITH_KNOTS('',1,1,(
    (#13221,#13222)
    ,(#13223,#13224
    )),.UNSPECIFIED.,.F.,.F.,.F.,(2,2),(2,2),(0.,0.2),(0.,0.6),
  .PIECEWISE_BEZIER_KNOTS.);
#13221 = CARTESIAN_POINT('',(-0.456,1.86,0.));
#13222 = CARTESIAN_POINT('',(-0.456,1.5,0.));
#13223 = CARTESIAN_POINT('',(-0.456,1.86,0.12));
#13224 = CARTESIAN_POINT('',(-0.456,1.5,0.12));
#13225 = ADVANCED_FACE('',(#13226),#13242,.F.);
#13226 = FACE_BOUND('',#13227,.F.);
#13227 = EDGE_LOOP('',(#13228,#13235,#13240,#13241));
#13228 = ORIENTED_EDGE('',*,*,#13229,.F.);
#13229 = EDGE_CURVE('',#13230,#12549,#13232,.T.);
#13230 = VERTEX_POINT('',#13231);
#13231 = CARTESIAN_POINT('',(-0.936,1.86,0.));
#13232 = B_SPLINE_CURVE_WITH_KNOTS('',1,(#13233,#13234),.UNSPECIFIED.,
  .F.,.F.,(2,2),(0.,0.2),.PIECEWISE_BEZIER_KNOTS.);
#13233 = CARTESIAN_POINT('',(-0.936,1.86,0.));
#13234 = CARTESIAN_POINT('',(-0.936,1.86,0.12));
#13235 = ORIENTED_EDGE('',*,*,#13236,.T.);
#13236 = EDGE_CURVE('',#13230,#13208,#13237,.T.);
#13237 = B_SPLINE_CURVE_WITH_KNOTS('',1,(#13238,#13239),.UNSPECIFIED.,
  .F.,.F.,(2,2),(0.,0.8),.PIECEWISE_BEZIER_KNOTS.);
#13238 = CARTESIAN_POINT('',(-0.936,1.86,0.));
#13239 = CARTESIAN_POINT('',(-0.456,1.86,0.));
#13240 = ORIENTED_EDGE('',*,*,#13214,.T.);
#13241 = ORIENTED_EDGE('',*,*,#12548,.F.);
#13242 = B_SPLINE_SURFACE_WITH_KNOTS('',1,1,(
    (#13243,#13244)
    ,(#13245,#13246
    )),.UNSPECIFIED.,.F.,.F.,.F.,(2,2),(2,2),(0.,0.2),(-0.8,0.),
  .PIECEWISE_BEZIER_KNOTS.);
#13243 = CARTESIAN_POINT('',(-0.456,1.86,0.));
#13244 = CARTESIAN_POINT('',(-0.936,1.86,0.));
#13245 = CARTESIAN_POINT('',(-0.456,1.86,0.12));
#13246 = CARTESIAN_POINT('',(-0.936,1.86,0.12));
#13247 = ADVANCED_FACE('',(#13248),#13258,.F.);
#13248 = FACE_BOUND('',#13249,.F.);
#13249 = EDGE_LOOP('',(#13250,#13255,#13256,#13257));
#13250 = ORIENTED_EDGE('',*,*,#13251,.F.);
#13251 = EDGE_CURVE('',#13230,#12625,#13252,.T.);
#13252 = B_SPLINE_CURVE_WITH_KNOTS('',1,(#13253,#13254),.UNSPECIFIED.,
  .F.,.F.,(2,2),(0.,0.6),.PIECEWISE_BEZIER_KNOTS.);
#13253 = CARTESIAN_POINT('',(-0.936,1.86,0.));
#13254 = CARTESIAN_POINT('',(-0.936,1.5,0.));
#13255 = ORIENTED_EDGE('',*,*,#13229,.T.);
#13256 = ORIENTED_EDGE('',*,*,#12555,.T.);
#13257 = ORIENTED_EDGE('',*,*,#12624,.F.);
#13258 = B_SPLINE_SURFACE_WITH_KNOTS('',1,1,(
    (#13259,#13260)
    ,(#13261,#13262
    )),.UNSPECIFIED.,.F.,.F.,.F.,(2,2),(2,2),(0.,0.2),(0.,0.6),
  .PIECEWISE_BEZIER_KNOTS.);
#13259 = CARTESIAN_POINT('',(-0.936,1.86,0.));
#13260 = CARTESIAN_POINT('',(-0.936,1.5,0.));
#13261 = CARTESIAN_POINT('',(-0.936,1.86,0.12));
#13262 = CARTESIAN_POINT('',(-0.936,1.5,0.12));
#13263 = ADVANCED_FACE('',(#13264),#13270,.T.);
#13264 = FACE_BOUND('',#13265,.T.);
#13265 = EDGE_LOOP('',(#13266,#13267,#13268,#13269));
#13266 = ORIENTED_EDGE('',*,*,#12602,.T.);
#13267 = ORIENTED_EDGE('',*,*,#12582,.T.);
#13268 = ORIENTED_EDGE('',*,*,#12575,.F.);
#13269 = ORIENTED_EDGE('',*,*,#12568,.F.);
#13270 = B_SPLINE_SURFACE_WITH_KNOTS('',1,1,(
    (#13271,#13272)
    ,(#13273,#13274
    )),.UNSPECIFIED.,.F.,.F.,.F.,(2,2),(2,2),(-8.67053424801E-63,0.1),(
    -0.6,2.22044604925E-17),.PIECEWISE_BEZIER_KNOTS.);
#13271 = CARTESIAN_POINT('',(-0.51,1.65,0.12));
#13272 = CARTESIAN_POINT('',(-0.87,1.65,0.12));
#13273 = CARTESIAN_POINT('',(-0.51,1.71,0.12));
#13274 = CARTESIAN_POINT('',(-0.87,1.71,0.12));
#13275 = ADVANCED_FACE('',(#13276,#13282),#13312,.F.);
#13276 = FACE_BOUND('',#13277,.F.);
#13277 = EDGE_LOOP('',(#13278,#13279,#13280,#13281));
#13278 = ORIENTED_EDGE('',*,*,#13236,.F.);
#13279 = ORIENTED_EDGE('',*,*,#13251,.T.);
#13280 = ORIENTED_EDGE('',*,*,#12631,.T.);
#13281 = ORIENTED_EDGE('',*,*,#13207,.F.);
#13282 = FACE_BOUND('',#13283,.F.);
#13283 = EDGE_LOOP('',(#13284,#13293,#13300,#13307));
#13284 = ORIENTED_EDGE('',*,*,#13285,.F.);
#13285 = EDGE_CURVE('',#13286,#13288,#13290,.T.);
#13286 = VERTEX_POINT('',#13287);
#13287 = CARTESIAN_POINT('',(-0.87,1.71,0.));
#13288 = VERTEX_POINT('',#13289);
#13289 = CARTESIAN_POINT('',(-0.87,1.65,0.));
#13290 = B_SPLINE_CURVE_WITH_KNOTS('',1,(#13291,#13292),.UNSPECIFIED.,
  .F.,.F.,(2,2),(0.,0.1),.PIECEWISE_BEZIER_KNOTS.);
#13291 = CARTESIAN_POINT('',(-0.87,1.71,0.));
#13292 = CARTESIAN_POINT('',(-0.87,1.65,0.));
#13293 = ORIENTED_EDGE('',*,*,#13294,.T.);
#13294 = EDGE_CURVE('',#13286,#13295,#13297,.T.);
#13295 = VERTEX_POINT('',#13296);
#13296 = CARTESIAN_POINT('',(-0.51,1.71,0.));
#13297 = B_SPLINE_CURVE_WITH_KNOTS('',1,(#13298,#13299),.UNSPECIFIED.,
  .F.,.F.,(2,2),(0.,0.6),.PIECEWISE_BEZIER_KNOTS.);
#13298 = CARTESIAN_POINT('',(-0.87,1.71,0.));
#13299 = CARTESIAN_POINT('',(-0.51,1.71,2.376E-16));
#13300 = ORIENTED_EDGE('',*,*,#13301,.T.);
#13301 = EDGE_CURVE('',#13295,#13302,#13304,.T.);
#13302 = VERTEX_POINT('',#13303);
#13303 = CARTESIAN_POINT('',(-0.51,1.65,0.));
#13304 = B_SPLINE_CURVE_WITH_KNOTS('',1,(#13305,#13306),.UNSPECIFIED.,
  .F.,.F.,(2,2),(-0.,0.1),.PIECEWISE_BEZIER_KNOTS.);
#13305 = CARTESIAN_POINT('',(-0.51,1.71,6.66133814775E-17));
#13306 = CARTESIAN_POINT('',(-0.51,1.65,6.66133814775E-17));
#13307 = ORIENTED_EDGE('',*,*,#13308,.F.);
#13308 = EDGE_CURVE('',#13288,#13302,#13309,.T.);
#13309 = B_SPLINE_CURVE_WITH_KNOTS('',1,(#13310,#13311),.UNSPECIFIED.,
  .F.,.F.,(2,2),(0.,0.6),.PIECEWISE_BEZIER_KNOTS.);
#13310 = CARTESIAN_POINT('',(-0.87,1.65,0.));
#13311 = CARTESIAN_POINT('',(-0.51,1.65,2.376E-16));
#13312 = B_SPLINE_SURFACE_WITH_KNOTS('',1,1,(
    (#13313,#13314)
    ,(#13315,#13316
    )),.UNSPECIFIED.,.F.,.F.,.F.,(2,2),(2,2),(-1.7763568394E-16,0.6),(0.
    ,0.8),.PIECEWISE_BEZIER_KNOTS.);
#13313 = CARTESIAN_POINT('',(-0.936,1.86,0.));
#13314 = CARTESIAN_POINT('',(-0.456,1.86,0.));
#13315 = CARTESIAN_POINT('',(-0.936,1.5,0.));
#13316 = CARTESIAN_POINT('',(-0.456,1.5,0.));
#13317 = ADVANCED_FACE('',(#13318),#13334,.T.);
#13318 = FACE_BOUND('',#13319,.T.);
#13319 = EDGE_LOOP('',(#13320,#13327,#13332,#13333));
#13320 = ORIENTED_EDGE('',*,*,#13321,.F.);
#13321 = EDGE_CURVE('',#13322,#12812,#13324,.T.);
#13322 = VERTEX_POINT('',#13323);
#13323 = CARTESIAN_POINT('',(0.93,1.86,0.));
#13324 = B_SPLINE_CURVE_WITH_KNOTS('',1,(#13325,#13326),.UNSPECIFIED.,
  .F.,.F.,(2,2),(0.,0.6),.PIECEWISE_BEZIER_KNOTS.);
#13325 = CARTESIAN_POINT('',(0.93,1.86,0.));
#13326 = CARTESIAN_POINT('',(0.93,1.5,0.));
#13327 = ORIENTED_EDGE('',*,*,#13328,.T.);
#13328 = EDGE_CURVE('',#13322,#12720,#13329,.T.);
#13329 = B_SPLINE_CURVE_WITH_KNOTS('',1,(#13330,#13331),.UNSPECIFIED.,
  .F.,.F.,(2,2),(0.,0.2),.PIECEWISE_BEZIER_KNOTS.);
#13330 = CARTESIAN_POINT('',(0.93,1.86,0.));
#13331 = CARTESIAN_POINT('',(0.93,1.86,0.12));
#13332 = ORIENTED_EDGE('',*,*,#12719,.T.);
#13333 = ORIENTED_EDGE('',*,*,#12818,.F.);
#13334 = B_SPLINE_SURFACE_WITH_KNOTS('',1,1,(
    (#13335,#13336)
    ,(#13337,#13338
    )),.UNSPECIFIED.,.F.,.F.,.F.,(2,2),(2,2),(0.,0.2),(0.,0.6),
  .PIECEWISE_BEZIER_KNOTS.);
#13335 = CARTESIAN_POINT('',(0.93,1.86,0.));
#13336 = CARTESIAN_POINT('',(0.93,1.5,0.));
#13337 = CARTESIAN_POINT('',(0.93,1.86,0.12));
#13338 = CARTESIAN_POINT('',(0.93,1.5,0.12));
#13339 = ADVANCED_FACE('',(#13340),#13356,.F.);
#13340 = FACE_BOUND('',#13341,.F.);
#13341 = EDGE_LOOP('',(#13342,#13349,#13354,#13355));
#13342 = ORIENTED_EDGE('',*,*,#13343,.F.);
#13343 = EDGE_CURVE('',#13344,#12729,#13346,.T.);
#13344 = VERTEX_POINT('',#13345);
#13345 = CARTESIAN_POINT('',(0.45,1.86,0.));
#13346 = B_SPLINE_CURVE_WITH_KNOTS('',1,(#13347,#13348),.UNSPECIFIED.,
  .F.,.F.,(2,2),(0.,0.2),.PIECEWISE_BEZIER_KNOTS.);
#13347 = CARTESIAN_POINT('',(0.45,1.86,0.));
#13348 = CARTESIAN_POINT('',(0.45,1.86,0.12));
#13349 = ORIENTED_EDGE('',*,*,#13350,.T.);
#13350 = EDGE_CURVE('',#13344,#13322,#13351,.T.);
#13351 = B_SPLINE_CURVE_WITH_KNOTS('',1,(#13352,#13353),.UNSPECIFIED.,
  .F.,.F.,(2,2),(0.,0.8),.PIECEWISE_BEZIER_KNOTS.);
#13352 = CARTESIAN_POINT('',(0.45,1.86,0.));
#13353 = CARTESIAN_POINT('',(0.93,1.86,0.));
#13354 = ORIENTED_EDGE('',*,*,#13328,.T.);
#13355 = ORIENTED_EDGE('',*,*,#12728,.F.);
#13356 = B_SPLINE_SURFACE_WITH_KNOTS('',1,1,(
    (#13357,#13358)
    ,(#13359,#13360
    )),.UNSPECIFIED.,.F.,.F.,.F.,(2,2),(2,2),(0.,0.2),(-0.8,0.),
  .PIECEWISE_BEZIER_KNOTS.);
#13357 = CARTESIAN_POINT('',(0.93,1.86,0.));
#13358 = CARTESIAN_POINT('',(0.45,1.86,0.));
#13359 = CARTESIAN_POINT('',(0.93,1.86,0.12));
#13360 = CARTESIAN_POINT('',(0.45,1.86,0.12));
#13361 = ADVANCED_FACE('',(#13362),#13372,.F.);
#13362 = FACE_BOUND('',#13363,.F.);
#13363 = EDGE_LOOP('',(#13364,#13369,#13370,#13371));
#13364 = ORIENTED_EDGE('',*,*,#13365,.F.);
#13365 = EDGE_CURVE('',#13344,#12805,#13366,.T.);
#13366 = B_SPLINE_CURVE_WITH_KNOTS('',1,(#13367,#13368),.UNSPECIFIED.,
  .F.,.F.,(2,2),(0.,0.6),.PIECEWISE_BEZIER_KNOTS.);
#13367 = CARTESIAN_POINT('',(0.45,1.86,0.));
#13368 = CARTESIAN_POINT('',(0.45,1.5,0.));
#13369 = ORIENTED_EDGE('',*,*,#13343,.T.);
#13370 = ORIENTED_EDGE('',*,*,#12735,.T.);
#13371 = ORIENTED_EDGE('',*,*,#12804,.F.);
#13372 = B_SPLINE_SURFACE_WITH_KNOTS('',1,1,(
    (#13373,#13374)
    ,(#13375,#13376
    )),.UNSPECIFIED.,.F.,.F.,.F.,(2,2),(2,2),(0.,0.2),(0.,0.6),
  .PIECEWISE_BEZIER_KNOTS.);
#13373 = CARTESIAN_POINT('',(0.45,1.86,0.));
#13374 = CARTESIAN_POINT('',(0.45,1.5,0.));
#13375 = CARTESIAN_POINT('',(0.45,1.86,0.12));
#13376 = CARTESIAN_POINT('',(0.45,1.5,0.12));
#13377 = ADVANCED_FACE('',(#13378),#13384,.T.);
#13378 = FACE_BOUND('',#13379,.T.);
#13379 = EDGE_LOOP('',(#13380,#13381,#13382,#13383));
#13380 = ORIENTED_EDGE('',*,*,#12782,.T.);
#13381 = ORIENTED_EDGE('',*,*,#12762,.T.);
#13382 = ORIENTED_EDGE('',*,*,#12755,.F.);
#13383 = ORIENTED_EDGE('',*,*,#12748,.F.);
#13384 = B_SPLINE_SURFACE_WITH_KNOTS('',1,1,(
    (#13385,#13386)
    ,(#13387,#13388
    )),.UNSPECIFIED.,.F.,.F.,.F.,(2,2),(2,2),(-8.67053424801E-63,0.1),(
    -0.6,2.22044604925E-17),.PIECEWISE_BEZIER_KNOTS.);
#13385 = CARTESIAN_POINT('',(0.882,1.65,0.12));
#13386 = CARTESIAN_POINT('',(0.522,1.65,0.12));
#13387 = CARTESIAN_POINT('',(0.882,1.71,0.12));
#13388 = CARTESIAN_POINT('',(0.522,1.71,0.12));
#13389 = ADVANCED_FACE('',(#13390,#13396),#13426,.F.);
#13390 = FACE_BOUND('',#13391,.F.);
#13391 = EDGE_LOOP('',(#13392,#13393,#13394,#13395));
#13392 = ORIENTED_EDGE('',*,*,#13350,.F.);
#13393 = ORIENTED_EDGE('',*,*,#13365,.T.);
#13394 = ORIENTED_EDGE('',*,*,#12811,.T.);
#13395 = ORIENTED_EDGE('',*,*,#13321,.F.);
#13396 = FACE_BOUND('',#13397,.F.);
#13397 = EDGE_LOOP('',(#13398,#13407,#13414,#13421));
#13398 = ORIENTED_EDGE('',*,*,#13399,.F.);
#13399 = EDGE_CURVE('',#13400,#13402,#13404,.T.);
#13400 = VERTEX_POINT('',#13401);
#13401 = CARTESIAN_POINT('',(0.522,1.71,0.));
#13402 = VERTEX_POINT('',#13403);
#13403 = CARTESIAN_POINT('',(0.522,1.65,0.));
#13404 = B_SPLINE_CURVE_WITH_KNOTS('',1,(#13405,#13406),.UNSPECIFIED.,
  .F.,.F.,(2,2),(0.,0.1),.PIECEWISE_BEZIER_KNOTS.);
#13405 = CARTESIAN_POINT('',(0.522,1.71,0.));
#13406 = CARTESIAN_POINT('',(0.522,1.65,0.));
#13407 = ORIENTED_EDGE('',*,*,#13408,.T.);
#13408 = EDGE_CURVE('',#13400,#13409,#13411,.T.);
#13409 = VERTEX_POINT('',#13410);
#13410 = CARTESIAN_POINT('',(0.882,1.71,0.));
#13411 = B_SPLINE_CURVE_WITH_KNOTS('',1,(#13412,#13413),.UNSPECIFIED.,
  .F.,.F.,(2,2),(0.,0.6),.PIECEWISE_BEZIER_KNOTS.);
#13412 = CARTESIAN_POINT('',(0.522,1.71,0.));
#13413 = CARTESIAN_POINT('',(0.882,1.71,2.376E-16));
#13414 = ORIENTED_EDGE('',*,*,#13415,.T.);
#13415 = EDGE_CURVE('',#13409,#13416,#13418,.T.);
#13416 = VERTEX_POINT('',#13417);
#13417 = CARTESIAN_POINT('',(0.882,1.65,0.));
#13418 = B_SPLINE_CURVE_WITH_KNOTS('',1,(#13419,#13420),.UNSPECIFIED.,
  .F.,.F.,(2,2),(-0.,0.1),.PIECEWISE_BEZIER_KNOTS.);
#13419 = CARTESIAN_POINT('',(0.882,1.71,6.66133814775E-17));
#13420 = CARTESIAN_POINT('',(0.882,1.65,6.66133814775E-17));
#13421 = ORIENTED_EDGE('',*,*,#13422,.F.);
#13422 = EDGE_CURVE('',#13402,#13416,#13423,.T.);
#13423 = B_SPLINE_CURVE_WITH_KNOTS('',1,(#13424,#13425),.UNSPECIFIED.,
  .F.,.F.,(2,2),(0.,0.6),.PIECEWISE_BEZIER_KNOTS.);
#13424 = CARTESIAN_POINT('',(0.522,1.65,0.));
#13425 = CARTESIAN_POINT('',(0.882,1.65,2.376E-16));
#13426 = B_SPLINE_SURFACE_WITH_KNOTS('',1,1,(
    (#13427,#13428)
    ,(#13429,#13430
    )),.UNSPECIFIED.,.F.,.F.,.F.,(2,2),(2,2),(-1.7763568394E-16,0.6),(0.
    ,0.8),.PIECEWISE_BEZIER_KNOTS.);
#13427 = CARTESIAN_POINT('',(0.45,1.86,0.));
#13428 = CARTESIAN_POINT('',(0.93,1.86,0.));
#13429 = CARTESIAN_POINT('',(0.45,1.5,0.));
#13430 = CARTESIAN_POINT('',(0.93,1.5,0.));
#13431 = ADVANCED_FACE('',(#13432),#13438,.T.);
#13432 = FACE_BOUND('',#13433,.T.);
#13433 = EDGE_LOOP('',(#13434,#13435,#13436,#13437));
#13434 = ORIENTED_EDGE('',*,*,#13132,.T.);
#13435 = ORIENTED_EDGE('',*,*,#13139,.T.);
#13436 = ORIENTED_EDGE('',*,*,#13146,.F.);
#13437 = ORIENTED_EDGE('',*,*,#13123,.F.);
#13438 = B_SPLINE_SURFACE_WITH_KNOTS('',1,1,(
    (#13439,#13440)
    ,(#13441,#13442
    )),.UNSPECIFIED.,.F.,.F.,.F.,(2,2),(2,2),(-1.33226762955E-16,1.E-01)
  ,(-0.6,0.),.PIECEWISE_BEZIER_KNOTS.);
#13439 = CARTESIAN_POINT('',(-0.18,-1.68,2.412E-16));
#13440 = CARTESIAN_POINT('',(0.18,-1.68,-3.995759216069E-60));
#13441 = CARTESIAN_POINT('',(-0.18,-1.62,2.412E-16));
#13442 = CARTESIAN_POINT('',(0.18,-1.62,2.999216619425E-45));
#13443 = ADVANCED_FACE('',(#13444),#13450,.T.);
#13444 = FACE_BOUND('',#13445,.T.);
#13445 = EDGE_LOOP('',(#13446,#13447,#13448,#13449));
#13446 = ORIENTED_EDGE('',*,*,#13294,.T.);
#13447 = ORIENTED_EDGE('',*,*,#13301,.T.);
#13448 = ORIENTED_EDGE('',*,*,#13308,.F.);
#13449 = ORIENTED_EDGE('',*,*,#13285,.F.);
#13450 = B_SPLINE_SURFACE_WITH_KNOTS('',1,1,(
    (#13451,#13452)
    ,(#13453,#13454
    )),.UNSPECIFIED.,.F.,.F.,.F.,(2,2),(2,2),(-1.33226762955E-16,0.1),(
    -0.6,0.),.PIECEWISE_BEZIER_KNOTS.);
#13451 = CARTESIAN_POINT('',(-0.51,1.71,2.376E-16));
#13452 = CARTESIAN_POINT('',(-0.87,1.71,-1.750223046898E-63));
#13453 = CARTESIAN_POINT('',(-0.51,1.65,2.376E-16));
#13454 = CARTESIAN_POINT('',(-0.87,1.65,1.313717310305E-48));
#13455 = ADVANCED_FACE('',(#13456),#13462,.T.);
#13456 = FACE_BOUND('',#13457,.T.);
#13457 = EDGE_LOOP('',(#13458,#13459,#13460,#13461));
#13458 = ORIENTED_EDGE('',*,*,#13408,.T.);
#13459 = ORIENTED_EDGE('',*,*,#13415,.T.);
#13460 = ORIENTED_EDGE('',*,*,#13422,.F.);
#13461 = ORIENTED_EDGE('',*,*,#13399,.F.);
#13462 = B_SPLINE_SURFACE_WITH_KNOTS('',1,1,(
    (#13463,#13464)
    ,(#13465,#13466
    )),.UNSPECIFIED.,.F.,.F.,.F.,(2,2),(2,2),(-1.33226762955E-16,0.1),(
    -0.6,0.),.PIECEWISE_BEZIER_KNOTS.);
#13463 = CARTESIAN_POINT('',(0.882,1.71,2.376E-16));
#13464 = CARTESIAN_POINT('',(0.522,1.71,-1.750223046898E-63));
#13465 = CARTESIAN_POINT('',(0.882,1.65,2.376E-16));
#13466 = CARTESIAN_POINT('',(0.522,1.65,1.313717310305E-48));
#13467 = ( GEOMETRIC_REPRESENTATION_CONTEXT(3) 
GLOBAL_UNCERTAINTY_ASSIGNED_CONTEXT((#13471)) 
GLOBAL_UNIT_ASSIGNED_CONTEXT((#13468,#13469,#13470)) 
REPRESENTATION_CONTEXT('Context #1',
  '3D Context with UNIT and UNCERTAINTY') );
#13468 = ( LENGTH_UNIT() NAMED_UNIT(*) SI_UNIT(.MILLI.,.METRE.) );
#13469 = ( NAMED_UNIT(*) PLANE_ANGLE_UNIT() SI_UNIT($,.RADIAN.) );
#13470 = ( NAMED_UNIT(*) SI_UNIT($,.STERADIAN.) SOLID_ANGLE_UNIT() );
#13471 = UNCERTAINTY_MEASURE_WITH_UNIT(LENGTH_MEASURE(1.E-07),#13468,
  'distance_accuracy_value','confusion accuracy');
#13472 = CONTEXT_DEPENDENT_SHAPE_REPRESENTATION(#13473,#13475);
#13473 = ( REPRESENTATION_RELATIONSHIP('','',#8704,#10) 
REPRESENTATION_RELATIONSHIP_WITH_TRANSFORMATION(#13474) 
SHAPE_REPRESENTATION_RELATIONSHIP() );
#13474 = ITEM_DEFINED_TRANSFORMATION('','',#11,#63);
#13475 = PRODUCT_DEFINITION_SHAPE('Placement','Placement of an item',
  #13476);
#13476 = NEXT_ASSEMBLY_USAGE_OCCURRENCE('13','RV1','',#5,#8699,$);
#13477 = PRODUCT_RELATED_PRODUCT_CATEGORY('part',$,(#8701));
#13478 = CONTEXT_DEPENDENT_SHAPE_REPRESENTATION(#13479,#13481);
#13479 = ( REPRESENTATION_RELATIONSHIP('','',#6503,#10) 
REPRESENTATION_RELATIONSHIP_WITH_TRANSFORMATION(#13480) 
SHAPE_REPRESENTATION_RELATIONSHIP() );
#13480 = ITEM_DEFINED_TRANSFORMATION('','',#11,#67);
#13481 = PRODUCT_DEFINITION_SHAPE('Placement','Placement of an item',
  #13482);
#13482 = NEXT_ASSEMBLY_USAGE_OCCURRENCE('14','R3','',#5,#6498,$);
#13483 = CONTEXT_DEPENDENT_SHAPE_REPRESENTATION(#13484,#13486);
#13484 = ( REPRESENTATION_RELATIONSHIP('','',#6503,#10) 
REPRESENTATION_RELATIONSHIP_WITH_TRANSFORMATION(#13485) 
SHAPE_REPRESENTATION_RELATIONSHIP() );
#13485 = ITEM_DEFINED_TRANSFORMATION('','',#11,#71);
#13486 = PRODUCT_DEFINITION_SHAPE('Placement','Placement of an item',
  #13487);
#13487 = NEXT_ASSEMBLY_USAGE_OCCURRENCE('15','R1','',#5,#6498,$);
#13488 = CONTEXT_DEPENDENT_SHAPE_REPRESENTATION(#13489,#13491);
#13489 = ( REPRESENTATION_RELATIONSHIP('','',#7317,#10) 
REPRESENTATION_RELATIONSHIP_WITH_TRANSFORMATION(#13490) 
SHAPE_REPRESENTATION_RELATIONSHIP() );
#13490 = ITEM_DEFINED_TRANSFORMATION('','',#11,#75);
#13491 = PRODUCT_DEFINITION_SHAPE('Placement','Placement of an item',
  #13492);
#13492 = NEXT_ASSEMBLY_USAGE_OCCURRENCE('16','C12','',#5,#7312,$);
#13493 = CONTEXT_DEPENDENT_SHAPE_REPRESENTATION(#13494,#13496);
#13494 = ( REPRESENTATION_RELATIONSHIP('','',#7317,#10) 
REPRESENTATION_RELATIONSHIP_WITH_TRANSFORMATION(#13495) 
SHAPE_REPRESENTATION_RELATIONSHIP() );
#13495 = ITEM_DEFINED_TRANSFORMATION('','',#11,#79);
#13496 = PRODUCT_DEFINITION_SHAPE('Placement','Placement of an item',
  #13497);
#13497 = NEXT_ASSEMBLY_USAGE_OCCURRENCE('17','C9','',#5,#7312,$);
#13498 = CONTEXT_DEPENDENT_SHAPE_REPRESENTATION(#13499,#13501);
#13499 = ( REPRESENTATION_RELATIONSHIP('','',#116,#10) 
REPRESENTATION_RELATIONSHIP_WITH_TRANSFORMATION(#13500) 
SHAPE_REPRESENTATION_RELATIONSHIP() );
#13500 = ITEM_DEFINED_TRANSFORMATION('','',#11,#83);
#13501 = PRODUCT_DEFINITION_SHAPE('Placement','Placement of an item',
  #13502);
#13502 = NEXT_ASSEMBLY_USAGE_OCCURRENCE('18','C2','',#5,#111,$);
#13503 = CONTEXT_DEPENDENT_SHAPE_REPRESENTATION(#13504,#13506);
#13504 = ( REPRESENTATION_RELATIONSHIP('','',#6503,#10) 
REPRESENTATION_RELATIONSHIP_WITH_TRANSFORMATION(#13505) 
SHAPE_REPRESENTATION_RELATIONSHIP() );
#13505 = ITEM_DEFINED_TRANSFORMATION('','',#11,#87);
#13506 = PRODUCT_DEFINITION_SHAPE('Placement','Placement of an item',
  #13507);
#13507 = NEXT_ASSEMBLY_USAGE_OCCURRENCE('19','R2','',#5,#6498,$);
#13508 = SHAPE_DEFINITION_REPRESENTATION(#13509,#13515);
#13509 = PRODUCT_DEFINITION_SHAPE('','',#13510);
#13510 = PRODUCT_DEFINITION('design','',#13511,#13514);
#13511 = PRODUCT_DEFINITION_FORMATION('','',#13512);
#13512 = PRODUCT('L_Vishay_IHLP-4040','L_Vishay_IHLP-4040','',(#13513));
#13513 = PRODUCT_CONTEXT('',#2,'mechanical');
#13514 = PRODUCT_DEFINITION_CONTEXT('part definition',#2,'design');
#13515 = ADVANCED_BREP_SHAPE_REPRESENTATION('',(#11,#13516),#14300);
#13516 = MANIFOLD_SOLID_BREP('',#13517);
#13517 = CLOSED_SHELL('',(#13518,#13590,#13623,#13656,#13770,#13801,
    #13825,#13849,#13874,#13891,#13922,#13939,#13963,#13982,#14007,
    #14054,#14087,#14112,#14129,#14141,#14159,#14177,#14201,#14212,
    #14236,#14260,#14277,#14289));
#13518 = ADVANCED_FACE('',(#13519),#13585,.F.);
#13519 = FACE_BOUND('',#13520,.F.);
#13520 = EDGE_LOOP('',(#13521,#13531,#13539,#13547,#13555,#13563,#13571,
    #13579));
#13521 = ORIENTED_EDGE('',*,*,#13522,.F.);
#13522 = EDGE_CURVE('',#13523,#13525,#13527,.T.);
#13523 = VERTEX_POINT('',#13524);
#13524 = CARTESIAN_POINT('',(-5.15,-4.635,4.885));
#13525 = VERTEX_POINT('',#13526);
#13526 = CARTESIAN_POINT('',(-5.15,4.635,4.885));
#13527 = LINE('',#13528,#13529);
#13528 = CARTESIAN_POINT('',(-5.15,-4.635,4.885));
#13529 = VECTOR('',#13530,1.);
#13530 = DIRECTION('',(0.,1.,0.));
#13531 = ORIENTED_EDGE('',*,*,#13532,.F.);
#13532 = EDGE_CURVE('',#13533,#13523,#13535,.T.);
#13533 = VERTEX_POINT('',#13534);
#13534 = CARTESIAN_POINT('',(-5.15,-4.635,0.));
#13535 = LINE('',#13536,#13537);
#13536 = CARTESIAN_POINT('',(-5.15,-4.635,0.));
#13537 = VECTOR('',#13538,1.);
#13538 = DIRECTION('',(0.,0.,1.));
#13539 = ORIENTED_EDGE('',*,*,#13540,.T.);
#13540 = EDGE_CURVE('',#13533,#13541,#13543,.T.);
#13541 = VERTEX_POINT('',#13542);
#13542 = CARTESIAN_POINT('',(-5.15,-2.35,0.));
#13543 = LINE('',#13544,#13545);
#13544 = CARTESIAN_POINT('',(-5.15,-5.15,0.));
#13545 = VECTOR('',#13546,1.);
#13546 = DIRECTION('',(0.,1.,0.));
#13547 = ORIENTED_EDGE('',*,*,#13548,.T.);
#13548 = EDGE_CURVE('',#13541,#13549,#13551,.T.);
#13549 = VERTEX_POINT('',#13550);
#13550 = CARTESIAN_POINT('',(-5.15,-2.35,1.62));
#13551 = LINE('',#13552,#13553);
#13552 = CARTESIAN_POINT('',(-5.15,-2.35,0.));
#13553 = VECTOR('',#13554,1.);
#13554 = DIRECTION('',(0.,0.,1.));
#13555 = ORIENTED_EDGE('',*,*,#13556,.F.);
#13556 = EDGE_CURVE('',#13557,#13549,#13559,.T.);
#13557 = VERTEX_POINT('',#13558);
#13558 = CARTESIAN_POINT('',(-5.15,2.35,1.62));
#13559 = LINE('',#13560,#13561);
#13560 = CARTESIAN_POINT('',(-5.15,-3.75,1.62));
#13561 = VECTOR('',#13562,1.);
#13562 = DIRECTION('',(0.,-1.,0.));
#13563 = ORIENTED_EDGE('',*,*,#13564,.F.);
#13564 = EDGE_CURVE('',#13565,#13557,#13567,.T.);
#13565 = VERTEX_POINT('',#13566);
#13566 = CARTESIAN_POINT('',(-5.15,2.35,0.));
#13567 = LINE('',#13568,#13569);
#13568 = CARTESIAN_POINT('',(-5.15,2.35,0.));
#13569 = VECTOR('',#13570,1.);
#13570 = DIRECTION('',(0.,0.,1.));
#13571 = ORIENTED_EDGE('',*,*,#13572,.T.);
#13572 = EDGE_CURVE('',#13565,#13573,#13575,.T.);
#13573 = VERTEX_POINT('',#13574);
#13574 = CARTESIAN_POINT('',(-5.15,4.635,0.));
#13575 = LINE('',#13576,#13577);
#13576 = CARTESIAN_POINT('',(-5.15,-5.15,0.));
#13577 = VECTOR('',#13578,1.);
#13578 = DIRECTION('',(0.,1.,0.));
#13579 = ORIENTED_EDGE('',*,*,#13580,.T.);
#13580 = EDGE_CURVE('',#13573,#13525,#13581,.T.);
#13581 = LINE('',#13582,#13583);
#13582 = CARTESIAN_POINT('',(-5.15,4.635,0.));
#13583 = VECTOR('',#13584,1.);
#13584 = DIRECTION('',(0.,0.,1.));
#13585 = PLANE('',#13586);
#13586 = AXIS2_PLACEMENT_3D('',#13587,#13588,#13589);
#13587 = CARTESIAN_POINT('',(-5.15,-5.15,0.));
#13588 = DIRECTION('',(1.,0.,0.));
#13589 = DIRECTION('',(0.,0.,1.));
#13590 = ADVANCED_FACE('',(#13591),#13618,.T.);
#13591 = FACE_BOUND('',#13592,.T.);
#13592 = EDGE_LOOP('',(#13593,#13602,#13610,#13617));
#13593 = ORIENTED_EDGE('',*,*,#13594,.T.);
#13594 = EDGE_CURVE('',#13523,#13595,#13597,.T.);
#13595 = VERTEX_POINT('',#13596);
#13596 = CARTESIAN_POINT('',(-4.635,-4.635,5.4));
#13597 = CIRCLE('',#13598,0.515);
#13598 = AXIS2_PLACEMENT_3D('',#13599,#13600,#13601);
#13599 = CARTESIAN_POINT('',(-4.635,-4.635,4.885));
#13600 = DIRECTION('',(0.,1.,-0.));
#13601 = DIRECTION('',(-1.,0.,0.));
#13602 = ORIENTED_EDGE('',*,*,#13603,.T.);
#13603 = EDGE_CURVE('',#13595,#13604,#13606,.T.);
#13604 = VERTEX_POINT('',#13605);
#13605 = CARTESIAN_POINT('',(-4.635,4.635,5.4));
#13606 = LINE('',#13607,#13608);
#13607 = CARTESIAN_POINT('',(-4.635,-4.635,5.4));
#13608 = VECTOR('',#13609,1.);
#13609 = DIRECTION('',(0.,1.,0.));
#13610 = ORIENTED_EDGE('',*,*,#13611,.F.);
#13611 = EDGE_CURVE('',#13525,#13604,#13612,.T.);
#13612 = CIRCLE('',#13613,0.515);
#13613 = AXIS2_PLACEMENT_3D('',#13614,#13615,#13616);
#13614 = CARTESIAN_POINT('',(-4.635,4.635,4.885));
#13615 = DIRECTION('',(0.,1.,-0.));
#13616 = DIRECTION('',(-1.,0.,0.));
#13617 = ORIENTED_EDGE('',*,*,#13522,.F.);
#13618 = CYLINDRICAL_SURFACE('',#13619,0.515);
#13619 = AXIS2_PLACEMENT_3D('',#13620,#13621,#13622);
#13620 = CARTESIAN_POINT('',(-4.635,-4.635,4.885));
#13621 = DIRECTION('',(0.,1.,0.));
#13622 = DIRECTION('',(-1.,0.,0.));
#13623 = ADVANCED_FACE('',(#13624),#13651,.T.);
#13624 = FACE_BOUND('',#13625,.T.);
#13625 = EDGE_LOOP('',(#13626,#13635,#13643,#13650));
#13626 = ORIENTED_EDGE('',*,*,#13627,.T.);
#13627 = EDGE_CURVE('',#13525,#13628,#13630,.T.);
#13628 = VERTEX_POINT('',#13629);
#13629 = CARTESIAN_POINT('',(-4.635,5.15,4.885));
#13630 = CIRCLE('',#13631,0.515);
#13631 = AXIS2_PLACEMENT_3D('',#13632,#13633,#13634);
#13632 = CARTESIAN_POINT('',(-4.635,4.635,4.885));
#13633 = DIRECTION('',(0.,0.,-1.));
#13634 = DIRECTION('',(-1.,3.44923658136E-15,0.));
#13635 = ORIENTED_EDGE('',*,*,#13636,.F.);
#13636 = EDGE_CURVE('',#13637,#13628,#13639,.T.);
#13637 = VERTEX_POINT('',#13638);
#13638 = CARTESIAN_POINT('',(-4.635,5.15,0.));
#13639 = LINE('',#13640,#13641);
#13640 = CARTESIAN_POINT('',(-4.635,5.15,0.));
#13641 = VECTOR('',#13642,1.);
#13642 = DIRECTION('',(0.,0.,1.));
#13643 = ORIENTED_EDGE('',*,*,#13644,.F.);
#13644 = EDGE_CURVE('',#13573,#13637,#13645,.T.);
#13645 = CIRCLE('',#13646,0.515);
#13646 = AXIS2_PLACEMENT_3D('',#13647,#13648,#13649);
#13647 = CARTESIAN_POINT('',(-4.635,4.635,0.));
#13648 = DIRECTION('',(-0.,-0.,-1.));
#13649 = DIRECTION('',(0.,-1.,0.));
#13650 = ORIENTED_EDGE('',*,*,#13580,.T.);
#13651 = CYLINDRICAL_SURFACE('',#13652,0.515);
#13652 = AXIS2_PLACEMENT_3D('',#13653,#13654,#13655);
#13653 = CARTESIAN_POINT('',(-4.635,4.635,0.));
#13654 = DIRECTION('',(0.,0.,1.));
#13655 = DIRECTION('',(-1.,0.,0.));
#13656 = ADVANCED_FACE('',(#13657),#13765,.F.);
#13657 = FACE_BOUND('',#13658,.F.);
#13658 = EDGE_LOOP('',(#13659,#13660,#13669,#13677,#13686,#13694,#13702,
    #13710,#13718,#13726,#13735,#13741,#13742,#13743,#13751,#13759));
#13659 = ORIENTED_EDGE('',*,*,#13540,.F.);
#13660 = ORIENTED_EDGE('',*,*,#13661,.T.);
#13661 = EDGE_CURVE('',#13533,#13662,#13664,.T.);
#13662 = VERTEX_POINT('',#13663);
#13663 = CARTESIAN_POINT('',(-4.635,-5.15,0.));
#13664 = CIRCLE('',#13665,0.515);
#13665 = AXIS2_PLACEMENT_3D('',#13666,#13667,#13668);
#13666 = CARTESIAN_POINT('',(-4.635,-4.635,0.));
#13667 = DIRECTION('',(-0.,0.,1.));
#13668 = DIRECTION('',(0.,-1.,0.));
#13669 = ORIENTED_EDGE('',*,*,#13670,.T.);
#13670 = EDGE_CURVE('',#13662,#13671,#13673,.T.);
#13671 = VERTEX_POINT('',#13672);
#13672 = CARTESIAN_POINT('',(4.635,-5.15,0.));
#13673 = LINE('',#13674,#13675);
#13674 = CARTESIAN_POINT('',(-5.15,-5.15,0.));
#13675 = VECTOR('',#13676,1.);
#13676 = DIRECTION('',(1.,0.,0.));
#13677 = ORIENTED_EDGE('',*,*,#13678,.F.);
#13678 = EDGE_CURVE('',#13679,#13671,#13681,.T.);
#13679 = VERTEX_POINT('',#13680);
#13680 = CARTESIAN_POINT('',(5.15,-4.635,0.));
#13681 = CIRCLE('',#13682,0.515);
#13682 = AXIS2_PLACEMENT_3D('',#13683,#13684,#13685);
#13683 = CARTESIAN_POINT('',(4.635,-4.635,0.));
#13684 = DIRECTION('',(-0.,-0.,-1.));
#13685 = DIRECTION('',(0.,-1.,0.));
#13686 = ORIENTED_EDGE('',*,*,#13687,.T.);
#13687 = EDGE_CURVE('',#13679,#13688,#13690,.T.);
#13688 = VERTEX_POINT('',#13689);
#13689 = CARTESIAN_POINT('',(5.15,-2.35,0.));
#13690 = LINE('',#13691,#13692);
#13691 = CARTESIAN_POINT('',(5.15,-5.15,0.));
#13692 = VECTOR('',#13693,1.);
#13693 = DIRECTION('',(0.,1.,0.));
#13694 = ORIENTED_EDGE('',*,*,#13695,.F.);
#13695 = EDGE_CURVE('',#13696,#13688,#13698,.T.);
#13696 = VERTEX_POINT('',#13697);
#13697 = CARTESIAN_POINT('',(3.55,-2.35,0.));
#13698 = LINE('',#13699,#13700);
#13699 = CARTESIAN_POINT('',(3.55,-2.35,0.));
#13700 = VECTOR('',#13701,1.);
#13701 = DIRECTION('',(1.,0.,0.));
#13702 = ORIENTED_EDGE('',*,*,#13703,.T.);
#13703 = EDGE_CURVE('',#13696,#13704,#13706,.T.);
#13704 = VERTEX_POINT('',#13705);
#13705 = CARTESIAN_POINT('',(3.55,2.35,0.));
#13706 = LINE('',#13707,#13708);
#13707 = CARTESIAN_POINT('',(3.55,-2.35,0.));
#13708 = VECTOR('',#13709,1.);
#13709 = DIRECTION('',(0.,1.,0.));
#13710 = ORIENTED_EDGE('',*,*,#13711,.T.);
#13711 = EDGE_CURVE('',#13704,#13712,#13714,.T.);
#13712 = VERTEX_POINT('',#13713);
#13713 = CARTESIAN_POINT('',(5.15,2.35,0.));
#13714 = LINE('',#13715,#13716);
#13715 = CARTESIAN_POINT('',(3.55,2.35,0.));
#13716 = VECTOR('',#13717,1.);
#13717 = DIRECTION('',(1.,0.,0.));
#13718 = ORIENTED_EDGE('',*,*,#13719,.T.);
#13719 = EDGE_CURVE('',#13712,#13720,#13722,.T.);
#13720 = VERTEX_POINT('',#13721);
#13721 = CARTESIAN_POINT('',(5.15,4.635,0.));
#13722 = LINE('',#13723,#13724);
#13723 = CARTESIAN_POINT('',(5.15,-5.15,0.));
#13724 = VECTOR('',#13725,1.);
#13725 = DIRECTION('',(0.,1.,0.));
#13726 = ORIENTED_EDGE('',*,*,#13727,.T.);
#13727 = EDGE_CURVE('',#13720,#13728,#13730,.T.);
#13728 = VERTEX_POINT('',#13729);
#13729 = CARTESIAN_POINT('',(4.635,5.15,0.));
#13730 = CIRCLE('',#13731,0.515);
#13731 = AXIS2_PLACEMENT_3D('',#13732,#13733,#13734);
#13732 = CARTESIAN_POINT('',(4.635,4.635,0.));
#13733 = DIRECTION('',(-0.,0.,1.));
#13734 = DIRECTION('',(0.,-1.,0.));
#13735 = ORIENTED_EDGE('',*,*,#13736,.F.);
#13736 = EDGE_CURVE('',#13637,#13728,#13737,.T.);
#13737 = LINE('',#13738,#13739);
#13738 = CARTESIAN_POINT('',(-5.15,5.15,0.));
#13739 = VECTOR('',#13740,1.);
#13740 = DIRECTION('',(1.,0.,0.));
#13741 = ORIENTED_EDGE('',*,*,#13644,.F.);
#13742 = ORIENTED_EDGE('',*,*,#13572,.F.);
#13743 = ORIENTED_EDGE('',*,*,#13744,.T.);
#13744 = EDGE_CURVE('',#13565,#13745,#13747,.T.);
#13745 = VERTEX_POINT('',#13746);
#13746 = CARTESIAN_POINT('',(-3.55,2.35,0.));
#13747 = LINE('',#13748,#13749);
#13748 = CARTESIAN_POINT('',(-5.75,2.35,0.));
#13749 = VECTOR('',#13750,1.);
#13750 = DIRECTION('',(1.,0.,0.));
#13751 = ORIENTED_EDGE('',*,*,#13752,.F.);
#13752 = EDGE_CURVE('',#13753,#13745,#13755,.T.);
#13753 = VERTEX_POINT('',#13754);
#13754 = CARTESIAN_POINT('',(-3.55,-2.35,0.));
#13755 = LINE('',#13756,#13757);
#13756 = CARTESIAN_POINT('',(-3.55,-2.35,0.));
#13757 = VECTOR('',#13758,1.);
#13758 = DIRECTION('',(0.,1.,0.));
#13759 = ORIENTED_EDGE('',*,*,#13760,.F.);
#13760 = EDGE_CURVE('',#13541,#13753,#13761,.T.);
#13761 = LINE('',#13762,#13763);
#13762 = CARTESIAN_POINT('',(-5.75,-2.35,0.));
#13763 = VECTOR('',#13764,1.);
#13764 = DIRECTION('',(1.,0.,0.));
#13765 = PLANE('',#13766);
#13766 = AXIS2_PLACEMENT_3D('',#13767,#13768,#13769);
#13767 = CARTESIAN_POINT('',(-5.15,-5.15,0.));
#13768 = DIRECTION('',(0.,0.,1.));
#13769 = DIRECTION('',(1.,0.,-0.));
#13770 = ADVANCED_FACE('',(#13771),#13796,.T.);
#13771 = FACE_BOUND('',#13772,.T.);
#13772 = EDGE_LOOP('',(#13773,#13781,#13789,#13795));
#13773 = ORIENTED_EDGE('',*,*,#13774,.F.);
#13774 = EDGE_CURVE('',#13775,#13565,#13777,.T.);
#13775 = VERTEX_POINT('',#13776);
#13776 = CARTESIAN_POINT('',(-5.75,2.35,0.));
#13777 = LINE('',#13778,#13779);
#13778 = CARTESIAN_POINT('',(-5.75,2.35,0.));
#13779 = VECTOR('',#13780,1.);
#13780 = DIRECTION('',(1.,0.,0.));
#13781 = ORIENTED_EDGE('',*,*,#13782,.T.);
#13782 = EDGE_CURVE('',#13775,#13783,#13785,.T.);
#13783 = VERTEX_POINT('',#13784);
#13784 = CARTESIAN_POINT('',(-5.75,2.35,1.62));
#13785 = LINE('',#13786,#13787);
#13786 = CARTESIAN_POINT('',(-5.75,2.35,0.));
#13787 = VECTOR('',#13788,1.);
#13788 = DIRECTION('',(0.,0.,1.));
#13789 = ORIENTED_EDGE('',*,*,#13790,.T.);
#13790 = EDGE_CURVE('',#13783,#13557,#13791,.T.);
#13791 = LINE('',#13792,#13793);
#13792 = CARTESIAN_POINT('',(-5.75,2.35,1.62));
#13793 = VECTOR('',#13794,1.);
#13794 = DIRECTION('',(1.,0.,0.));
#13795 = ORIENTED_EDGE('',*,*,#13564,.F.);
#13796 = PLANE('',#13797);
#13797 = AXIS2_PLACEMENT_3D('',#13798,#13799,#13800);
#13798 = CARTESIAN_POINT('',(-5.75,2.35,0.));
#13799 = DIRECTION('',(0.,1.,0.));
#13800 = DIRECTION('',(0.,-0.,1.));
#13801 = ADVANCED_FACE('',(#13802),#13820,.T.);
#13802 = FACE_BOUND('',#13803,.T.);
#13803 = EDGE_LOOP('',(#13804,#13805,#13813,#13819));
#13804 = ORIENTED_EDGE('',*,*,#13790,.F.);
#13805 = ORIENTED_EDGE('',*,*,#13806,.F.);
#13806 = EDGE_CURVE('',#13807,#13783,#13809,.T.);
#13807 = VERTEX_POINT('',#13808);
#13808 = CARTESIAN_POINT('',(-5.75,-2.35,1.62));
#13809 = LINE('',#13810,#13811);
#13810 = CARTESIAN_POINT('',(-5.75,-2.35,1.62));
#13811 = VECTOR('',#13812,1.);
#13812 = DIRECTION('',(0.,1.,0.));
#13813 = ORIENTED_EDGE('',*,*,#13814,.T.);
#13814 = EDGE_CURVE('',#13807,#13549,#13815,.T.);
#13815 = LINE('',#13816,#13817);
#13816 = CARTESIAN_POINT('',(-5.75,-2.35,1.62));
#13817 = VECTOR('',#13818,1.);
#13818 = DIRECTION('',(1.,0.,0.));
#13819 = ORIENTED_EDGE('',*,*,#13556,.F.);
#13820 = PLANE('',#13821);
#13821 = AXIS2_PLACEMENT_3D('',#13822,#13823,#13824);
#13822 = CARTESIAN_POINT('',(-5.75,-2.35,1.62));
#13823 = DIRECTION('',(0.,0.,1.));
#13824 = DIRECTION('',(1.,0.,-0.));
#13825 = ADVANCED_FACE('',(#13826),#13844,.F.);
#13826 = FACE_BOUND('',#13827,.F.);
#13827 = EDGE_LOOP('',(#13828,#13836,#13842,#13843));
#13828 = ORIENTED_EDGE('',*,*,#13829,.F.);
#13829 = EDGE_CURVE('',#13830,#13541,#13832,.T.);
#13830 = VERTEX_POINT('',#13831);
#13831 = CARTESIAN_POINT('',(-5.75,-2.35,0.));
#13832 = LINE('',#13833,#13834);
#13833 = CARTESIAN_POINT('',(-5.75,-2.35,0.));
#13834 = VECTOR('',#13835,1.);
#13835 = DIRECTION('',(1.,0.,0.));
#13836 = ORIENTED_EDGE('',*,*,#13837,.T.);
#13837 = EDGE_CURVE('',#13830,#13807,#13838,.T.);
#13838 = LINE('',#13839,#13840);
#13839 = CARTESIAN_POINT('',(-5.75,-2.35,0.));
#13840 = VECTOR('',#13841,1.);
#13841 = DIRECTION('',(0.,0.,1.));
#13842 = ORIENTED_EDGE('',*,*,#13814,.T.);
#13843 = ORIENTED_EDGE('',*,*,#13548,.F.);
#13844 = PLANE('',#13845);
#13845 = AXIS2_PLACEMENT_3D('',#13846,#13847,#13848);
#13846 = CARTESIAN_POINT('',(-5.75,-2.35,0.));
#13847 = DIRECTION('',(0.,1.,0.));
#13848 = DIRECTION('',(0.,-0.,1.));
#13849 = ADVANCED_FACE('',(#13850),#13869,.T.);
#13850 = FACE_BOUND('',#13851,.T.);
#13851 = EDGE_LOOP('',(#13852,#13853,#13854,#13862));
#13852 = ORIENTED_EDGE('',*,*,#13532,.F.);
#13853 = ORIENTED_EDGE('',*,*,#13661,.T.);
#13854 = ORIENTED_EDGE('',*,*,#13855,.T.);
#13855 = EDGE_CURVE('',#13662,#13856,#13858,.T.);
#13856 = VERTEX_POINT('',#13857);
#13857 = CARTESIAN_POINT('',(-4.635,-5.15,4.885));
#13858 = LINE('',#13859,#13860);
#13859 = CARTESIAN_POINT('',(-4.635,-5.15,0.));
#13860 = VECTOR('',#13861,1.);
#13861 = DIRECTION('',(0.,0.,1.));
#13862 = ORIENTED_EDGE('',*,*,#13863,.T.);
#13863 = EDGE_CURVE('',#13856,#13523,#13864,.T.);
#13864 = CIRCLE('',#13865,0.515);
#13865 = AXIS2_PLACEMENT_3D('',#13866,#13867,#13868);
#13866 = CARTESIAN_POINT('',(-4.635,-4.635,4.885));
#13867 = DIRECTION('',(-0.,-0.,-1.));
#13868 = DIRECTION('',(0.,-1.,0.));
#13869 = CYLINDRICAL_SURFACE('',#13870,0.515);
#13870 = AXIS2_PLACEMENT_3D('',#13871,#13872,#13873);
#13871 = CARTESIAN_POINT('',(-4.635,-4.635,0.));
#13872 = DIRECTION('',(0.,0.,1.));
#13873 = DIRECTION('',(-1.,0.,0.));
#13874 = ADVANCED_FACE('',(#13875),#13886,.T.);
#13875 = FACE_BOUND('',#13876,.T.);
#13876 = EDGE_LOOP('',(#13877,#13878,#13879));
#13877 = ORIENTED_EDGE('',*,*,#13594,.F.);
#13878 = ORIENTED_EDGE('',*,*,#13863,.F.);
#13879 = ORIENTED_EDGE('',*,*,#13880,.T.);
#13880 = EDGE_CURVE('',#13856,#13595,#13881,.T.);
#13881 = CIRCLE('',#13882,0.515);
#13882 = AXIS2_PLACEMENT_3D('',#13883,#13884,#13885);
#13883 = CARTESIAN_POINT('',(-4.635,-4.635,4.885));
#13884 = DIRECTION('',(-1.,0.,0.));
#13885 = DIRECTION('',(0.,-1.,0.));
#13886 = SPHERICAL_SURFACE('',#13887,0.515);
#13887 = AXIS2_PLACEMENT_3D('',#13888,#13889,#13890);
#13888 = CARTESIAN_POINT('',(-4.635,-4.635,4.885));
#13889 = DIRECTION('',(0.,0.,1.));
#13890 = DIRECTION('',(0.,-1.,0.));
#13891 = ADVANCED_FACE('',(#13892),#13917,.T.);
#13892 = FACE_BOUND('',#13893,.T.);
#13893 = EDGE_LOOP('',(#13894,#13895,#13903,#13911));
#13894 = ORIENTED_EDGE('',*,*,#13603,.F.);
#13895 = ORIENTED_EDGE('',*,*,#13896,.F.);
#13896 = EDGE_CURVE('',#13897,#13595,#13899,.T.);
#13897 = VERTEX_POINT('',#13898);
#13898 = CARTESIAN_POINT('',(4.635,-4.635,5.4));
#13899 = LINE('',#13900,#13901);
#13900 = CARTESIAN_POINT('',(4.635,-4.635,5.4));
#13901 = VECTOR('',#13902,1.);
#13902 = DIRECTION('',(-1.,-0.,-0.));
#13903 = ORIENTED_EDGE('',*,*,#13904,.F.);
#13904 = EDGE_CURVE('',#13905,#13897,#13907,.T.);
#13905 = VERTEX_POINT('',#13906);
#13906 = CARTESIAN_POINT('',(4.635,4.635,5.4));
#13907 = LINE('',#13908,#13909);
#13908 = CARTESIAN_POINT('',(4.635,4.635,5.4));
#13909 = VECTOR('',#13910,1.);
#13910 = DIRECTION('',(-0.,-1.,-0.));
#13911 = ORIENTED_EDGE('',*,*,#13912,.F.);
#13912 = EDGE_CURVE('',#13604,#13905,#13913,.T.);
#13913 = LINE('',#13914,#13915);
#13914 = CARTESIAN_POINT('',(-4.635,4.635,5.4));
#13915 = VECTOR('',#13916,1.);
#13916 = DIRECTION('',(1.,0.,0.));
#13917 = PLANE('',#13918);
#13918 = AXIS2_PLACEMENT_3D('',#13919,#13920,#13921);
#13919 = CARTESIAN_POINT('',(-5.15,-5.15,5.4));
#13920 = DIRECTION('',(0.,0.,1.));
#13921 = DIRECTION('',(1.,0.,-0.));
#13922 = ADVANCED_FACE('',(#13923),#13934,.T.);
#13923 = FACE_BOUND('',#13924,.T.);
#13924 = EDGE_LOOP('',(#13925,#13932,#13933));
#13925 = ORIENTED_EDGE('',*,*,#13926,.F.);
#13926 = EDGE_CURVE('',#13628,#13604,#13927,.T.);
#13927 = CIRCLE('',#13928,0.515);
#13928 = AXIS2_PLACEMENT_3D('',#13929,#13930,#13931);
#13929 = CARTESIAN_POINT('',(-4.635,4.635,4.885));
#13930 = DIRECTION('',(1.,-1.611647402002E-15,0.));
#13931 = DIRECTION('',(1.611647402002E-15,1.,0.));
#13932 = ORIENTED_EDGE('',*,*,#13627,.F.);
#13933 = ORIENTED_EDGE('',*,*,#13611,.T.);
#13934 = SPHERICAL_SURFACE('',#13935,0.515);
#13935 = AXIS2_PLACEMENT_3D('',#13936,#13937,#13938);
#13936 = CARTESIAN_POINT('',(-4.635,4.635,4.885));
#13937 = DIRECTION('',(0.,0.,1.));
#13938 = DIRECTION('',(-1.,3.44923658136E-15,0.));
#13939 = ADVANCED_FACE('',(#13940),#13958,.T.);
#13940 = FACE_BOUND('',#13941,.T.);
#13941 = EDGE_LOOP('',(#13942,#13943,#13951,#13957));
#13942 = ORIENTED_EDGE('',*,*,#13636,.T.);
#13943 = ORIENTED_EDGE('',*,*,#13944,.T.);
#13944 = EDGE_CURVE('',#13628,#13945,#13947,.T.);
#13945 = VERTEX_POINT('',#13946);
#13946 = CARTESIAN_POINT('',(4.635,5.15,4.885));
#13947 = LINE('',#13948,#13949);
#13948 = CARTESIAN_POINT('',(-4.635,5.15,4.885));
#13949 = VECTOR('',#13950,1.);
#13950 = DIRECTION('',(1.,0.,0.));
#13951 = ORIENTED_EDGE('',*,*,#13952,.F.);
#13952 = EDGE_CURVE('',#13728,#13945,#13953,.T.);
#13953 = LINE('',#13954,#13955);
#13954 = CARTESIAN_POINT('',(4.635,5.15,0.));
#13955 = VECTOR('',#13956,1.);
#13956 = DIRECTION('',(0.,0.,1.));
#13957 = ORIENTED_EDGE('',*,*,#13736,.F.);
#13958 = PLANE('',#13959);
#13959 = AXIS2_PLACEMENT_3D('',#13960,#13961,#13962);
#13960 = CARTESIAN_POINT('',(-5.15,5.15,0.));
#13961 = DIRECTION('',(0.,1.,0.));
#13962 = DIRECTION('',(0.,-0.,1.));
#13963 = ADVANCED_FACE('',(#13964),#13977,.F.);
#13964 = FACE_BOUND('',#13965,.F.);
#13965 = EDGE_LOOP('',(#13966,#13972,#13973,#13974,#13975,#13976));
#13966 = ORIENTED_EDGE('',*,*,#13967,.F.);
#13967 = EDGE_CURVE('',#13830,#13775,#13968,.T.);
#13968 = LINE('',#13969,#13970);
#13969 = CARTESIAN_POINT('',(-5.75,-2.35,0.));
#13970 = VECTOR('',#13971,1.);
#13971 = DIRECTION('',(0.,1.,0.));
#13972 = ORIENTED_EDGE('',*,*,#13829,.T.);
#13973 = ORIENTED_EDGE('',*,*,#13760,.T.);
#13974 = ORIENTED_EDGE('',*,*,#13752,.T.);
#13975 = ORIENTED_EDGE('',*,*,#13744,.F.);
#13976 = ORIENTED_EDGE('',*,*,#13774,.F.);
#13977 = PLANE('',#13978);
#13978 = AXIS2_PLACEMENT_3D('',#13979,#13980,#13981);
#13979 = CARTESIAN_POINT('',(-5.75,-2.35,0.));
#13980 = DIRECTION('',(0.,0.,1.));
#13981 = DIRECTION('',(1.,0.,-0.));
#13982 = ADVANCED_FACE('',(#13983),#14002,.T.);
#13983 = FACE_BOUND('',#13984,.T.);
#13984 = EDGE_LOOP('',(#13985,#13993,#13994,#13995));
#13985 = ORIENTED_EDGE('',*,*,#13986,.F.);
#13986 = EDGE_CURVE('',#13720,#13987,#13989,.T.);
#13987 = VERTEX_POINT('',#13988);
#13988 = CARTESIAN_POINT('',(5.15,4.635,4.885));
#13989 = LINE('',#13990,#13991);
#13990 = CARTESIAN_POINT('',(5.15,4.635,0.));
#13991 = VECTOR('',#13992,1.);
#13992 = DIRECTION('',(0.,0.,1.));
#13993 = ORIENTED_EDGE('',*,*,#13727,.T.);
#13994 = ORIENTED_EDGE('',*,*,#13952,.T.);
#13995 = ORIENTED_EDGE('',*,*,#13996,.T.);
#13996 = EDGE_CURVE('',#13945,#13987,#13997,.T.);
#13997 = CIRCLE('',#13998,0.515);
#13998 = AXIS2_PLACEMENT_3D('',#13999,#14000,#14001);
#13999 = CARTESIAN_POINT('',(4.635,4.635,4.885));
#14000 = DIRECTION('',(0.,0.,-1.));
#14001 = DIRECTION('',(0.,1.,0.));
#14002 = CYLINDRICAL_SURFACE('',#14003,0.515);
#14003 = AXIS2_PLACEMENT_3D('',#14004,#14005,#14006);
#14004 = CARTESIAN_POINT('',(4.635,4.635,0.));
#14005 = DIRECTION('',(0.,0.,1.));
#14006 = DIRECTION('',(1.,0.,-0.));
#14007 = ADVANCED_FACE('',(#14008),#14049,.T.);
#14008 = FACE_BOUND('',#14009,.T.);
#14009 = EDGE_LOOP('',(#14010,#14018,#14024,#14025,#14033,#14041,#14047,
    #14048));
#14010 = ORIENTED_EDGE('',*,*,#14011,.T.);
#14011 = EDGE_CURVE('',#13987,#14012,#14014,.T.);
#14012 = VERTEX_POINT('',#14013);
#14013 = CARTESIAN_POINT('',(5.15,-4.635,4.885));
#14014 = LINE('',#14015,#14016);
#14015 = CARTESIAN_POINT('',(5.15,4.635,4.885));
#14016 = VECTOR('',#14017,1.);
#14017 = DIRECTION('',(-0.,-1.,-0.));
#14018 = ORIENTED_EDGE('',*,*,#14019,.F.);
#14019 = EDGE_CURVE('',#13679,#14012,#14020,.T.);
#14020 = LINE('',#14021,#14022);
#14021 = CARTESIAN_POINT('',(5.15,-4.635,0.));
#14022 = VECTOR('',#14023,1.);
#14023 = DIRECTION('',(0.,0.,1.));
#14024 = ORIENTED_EDGE('',*,*,#13687,.T.);
#14025 = ORIENTED_EDGE('',*,*,#14026,.T.);
#14026 = EDGE_CURVE('',#13688,#14027,#14029,.T.);
#14027 = VERTEX_POINT('',#14028);
#14028 = CARTESIAN_POINT('',(5.15,-2.35,1.62));
#14029 = LINE('',#14030,#14031);
#14030 = CARTESIAN_POINT('',(5.15,-2.35,0.));
#14031 = VECTOR('',#14032,1.);
#14032 = DIRECTION('',(0.,0.,1.));
#14033 = ORIENTED_EDGE('',*,*,#14034,.F.);
#14034 = EDGE_CURVE('',#14035,#14027,#14037,.T.);
#14035 = VERTEX_POINT('',#14036);
#14036 = CARTESIAN_POINT('',(5.15,2.35,1.62));
#14037 = LINE('',#14038,#14039);
#14038 = CARTESIAN_POINT('',(5.15,-3.75,1.62));
#14039 = VECTOR('',#14040,1.);
#14040 = DIRECTION('',(0.,-1.,0.));
#14041 = ORIENTED_EDGE('',*,*,#14042,.F.);
#14042 = EDGE_CURVE('',#13712,#14035,#14043,.T.);
#14043 = LINE('',#14044,#14045);
#14044 = CARTESIAN_POINT('',(5.15,2.35,0.));
#14045 = VECTOR('',#14046,1.);
#14046 = DIRECTION('',(0.,0.,1.));
#14047 = ORIENTED_EDGE('',*,*,#13719,.T.);
#14048 = ORIENTED_EDGE('',*,*,#13986,.T.);
#14049 = PLANE('',#14050);
#14050 = AXIS2_PLACEMENT_3D('',#14051,#14052,#14053);
#14051 = CARTESIAN_POINT('',(5.15,-5.15,0.));
#14052 = DIRECTION('',(1.,0.,0.));
#14053 = DIRECTION('',(0.,0.,1.));
#14054 = ADVANCED_FACE('',(#14055),#14082,.F.);
#14055 = FACE_BOUND('',#14056,.F.);
#14056 = EDGE_LOOP('',(#14057,#14058,#14059,#14067,#14075,#14081));
#14057 = ORIENTED_EDGE('',*,*,#13703,.F.);
#14058 = ORIENTED_EDGE('',*,*,#13695,.T.);
#14059 = ORIENTED_EDGE('',*,*,#14060,.T.);
#14060 = EDGE_CURVE('',#13688,#14061,#14063,.T.);
#14061 = VERTEX_POINT('',#14062);
#14062 = CARTESIAN_POINT('',(5.75,-2.35,0.));
#14063 = LINE('',#14064,#14065);
#14064 = CARTESIAN_POINT('',(3.55,-2.35,0.));
#14065 = VECTOR('',#14066,1.);
#14066 = DIRECTION('',(1.,0.,0.));
#14067 = ORIENTED_EDGE('',*,*,#14068,.T.);
#14068 = EDGE_CURVE('',#14061,#14069,#14071,.T.);
#14069 = VERTEX_POINT('',#14070);
#14070 = CARTESIAN_POINT('',(5.75,2.35,0.));
#14071 = LINE('',#14072,#14073);
#14072 = CARTESIAN_POINT('',(5.75,-2.35,0.));
#14073 = VECTOR('',#14074,1.);
#14074 = DIRECTION('',(0.,1.,0.));
#14075 = ORIENTED_EDGE('',*,*,#14076,.F.);
#14076 = EDGE_CURVE('',#13712,#14069,#14077,.T.);
#14077 = LINE('',#14078,#14079);
#14078 = CARTESIAN_POINT('',(3.55,2.35,0.));
#14079 = VECTOR('',#14080,1.);
#14080 = DIRECTION('',(1.,0.,0.));
#14081 = ORIENTED_EDGE('',*,*,#13711,.F.);
#14082 = PLANE('',#14083);
#14083 = AXIS2_PLACEMENT_3D('',#14084,#14085,#14086);
#14084 = CARTESIAN_POINT('',(3.55,-2.35,0.));
#14085 = DIRECTION('',(0.,0.,1.));
#14086 = DIRECTION('',(1.,0.,-0.));
#14087 = ADVANCED_FACE('',(#14088),#14107,.T.);
#14088 = FACE_BOUND('',#14089,.T.);
#14089 = EDGE_LOOP('',(#14090,#14099,#14105,#14106));
#14090 = ORIENTED_EDGE('',*,*,#14091,.T.);
#14091 = EDGE_CURVE('',#14012,#14092,#14094,.T.);
#14092 = VERTEX_POINT('',#14093);
#14093 = CARTESIAN_POINT('',(4.635,-5.15,4.885));
#14094 = CIRCLE('',#14095,0.515);
#14095 = AXIS2_PLACEMENT_3D('',#14096,#14097,#14098);
#14096 = CARTESIAN_POINT('',(4.635,-4.635,4.885));
#14097 = DIRECTION('',(0.,0.,-1.));
#14098 = DIRECTION('',(1.,0.,0.));
#14099 = ORIENTED_EDGE('',*,*,#14100,.F.);
#14100 = EDGE_CURVE('',#13671,#14092,#14101,.T.);
#14101 = LINE('',#14102,#14103);
#14102 = CARTESIAN_POINT('',(4.635,-5.15,0.));
#14103 = VECTOR('',#14104,1.);
#14104 = DIRECTION('',(0.,0.,1.));
#14105 = ORIENTED_EDGE('',*,*,#13678,.F.);
#14106 = ORIENTED_EDGE('',*,*,#14019,.T.);
#14107 = CYLINDRICAL_SURFACE('',#14108,0.515);
#14108 = AXIS2_PLACEMENT_3D('',#14109,#14110,#14111);
#14109 = CARTESIAN_POINT('',(4.635,-4.635,0.));
#14110 = DIRECTION('',(0.,0.,1.));
#14111 = DIRECTION('',(1.,0.,-0.));
#14112 = ADVANCED_FACE('',(#14113),#14124,.F.);
#14113 = FACE_BOUND('',#14114,.F.);
#14114 = EDGE_LOOP('',(#14115,#14116,#14122,#14123));
#14115 = ORIENTED_EDGE('',*,*,#13855,.T.);
#14116 = ORIENTED_EDGE('',*,*,#14117,.F.);
#14117 = EDGE_CURVE('',#14092,#13856,#14118,.T.);
#14118 = LINE('',#14119,#14120);
#14119 = CARTESIAN_POINT('',(4.635,-5.15,4.885));
#14120 = VECTOR('',#14121,1.);
#14121 = DIRECTION('',(-1.,-0.,-0.));
#14122 = ORIENTED_EDGE('',*,*,#14100,.F.);
#14123 = ORIENTED_EDGE('',*,*,#13670,.F.);
#14124 = PLANE('',#14125);
#14125 = AXIS2_PLACEMENT_3D('',#14126,#14127,#14128);
#14126 = CARTESIAN_POINT('',(-5.15,-5.15,0.));
#14127 = DIRECTION('',(0.,1.,0.));
#14128 = DIRECTION('',(0.,-0.,1.));
#14129 = ADVANCED_FACE('',(#14130),#14136,.F.);
#14130 = FACE_BOUND('',#14131,.F.);
#14131 = EDGE_LOOP('',(#14132,#14133,#14134,#14135));
#14132 = ORIENTED_EDGE('',*,*,#13837,.F.);
#14133 = ORIENTED_EDGE('',*,*,#13967,.T.);
#14134 = ORIENTED_EDGE('',*,*,#13782,.T.);
#14135 = ORIENTED_EDGE('',*,*,#13806,.F.);
#14136 = PLANE('',#14137);
#14137 = AXIS2_PLACEMENT_3D('',#14138,#14139,#14140);
#14138 = CARTESIAN_POINT('',(-5.75,-2.35,0.));
#14139 = DIRECTION('',(1.,0.,0.));
#14140 = DIRECTION('',(0.,0.,1.));
#14141 = ADVANCED_FACE('',(#14142),#14154,.T.);
#14142 = FACE_BOUND('',#14143,.T.);
#14143 = EDGE_LOOP('',(#14144,#14151,#14152,#14153));
#14144 = ORIENTED_EDGE('',*,*,#14145,.T.);
#14145 = EDGE_CURVE('',#14092,#13897,#14146,.T.);
#14146 = CIRCLE('',#14147,0.515);
#14147 = AXIS2_PLACEMENT_3D('',#14148,#14149,#14150);
#14148 = CARTESIAN_POINT('',(4.635,-4.635,4.885));
#14149 = DIRECTION('',(-1.,-6.123233995737E-17,0.));
#14150 = DIRECTION('',(6.123233995737E-17,-1.,0.));
#14151 = ORIENTED_EDGE('',*,*,#13896,.T.);
#14152 = ORIENTED_EDGE('',*,*,#13880,.F.);
#14153 = ORIENTED_EDGE('',*,*,#14117,.F.);
#14154 = CYLINDRICAL_SURFACE('',#14155,0.515);
#14155 = AXIS2_PLACEMENT_3D('',#14156,#14157,#14158);
#14156 = CARTESIAN_POINT('',(4.635,-4.635,4.885));
#14157 = DIRECTION('',(-1.,-0.,-0.));
#14158 = DIRECTION('',(0.,-1.,0.));
#14159 = ADVANCED_FACE('',(#14160),#14172,.T.);
#14160 = FACE_BOUND('',#14161,.T.);
#14161 = EDGE_LOOP('',(#14162,#14163,#14164,#14171));
#14162 = ORIENTED_EDGE('',*,*,#13926,.T.);
#14163 = ORIENTED_EDGE('',*,*,#13912,.T.);
#14164 = ORIENTED_EDGE('',*,*,#14165,.F.);
#14165 = EDGE_CURVE('',#13945,#13905,#14166,.T.);
#14166 = CIRCLE('',#14167,0.515);
#14167 = AXIS2_PLACEMENT_3D('',#14168,#14169,#14170);
#14168 = CARTESIAN_POINT('',(4.635,4.635,4.885));
#14169 = DIRECTION('',(1.,0.,0.));
#14170 = DIRECTION('',(-0.,1.,0.));
#14171 = ORIENTED_EDGE('',*,*,#13944,.F.);
#14172 = CYLINDRICAL_SURFACE('',#14173,0.515);
#14173 = AXIS2_PLACEMENT_3D('',#14174,#14175,#14176);
#14174 = CARTESIAN_POINT('',(-4.635,4.635,4.885));
#14175 = DIRECTION('',(1.,0.,0.));
#14176 = DIRECTION('',(-0.,1.,0.));
#14177 = ADVANCED_FACE('',(#14178),#14196,.T.);
#14178 = FACE_BOUND('',#14179,.T.);
#14179 = EDGE_LOOP('',(#14180,#14187,#14188,#14195));
#14180 = ORIENTED_EDGE('',*,*,#14181,.T.);
#14181 = EDGE_CURVE('',#13987,#13905,#14182,.T.);
#14182 = CIRCLE('',#14183,0.515);
#14183 = AXIS2_PLACEMENT_3D('',#14184,#14185,#14186);
#14184 = CARTESIAN_POINT('',(4.635,4.635,4.885));
#14185 = DIRECTION('',(-1.715124499443E-15,-1.,0.));
#14186 = DIRECTION('',(1.,-1.715124499443E-15,0.));
#14187 = ORIENTED_EDGE('',*,*,#13904,.T.);
#14188 = ORIENTED_EDGE('',*,*,#14189,.F.);
#14189 = EDGE_CURVE('',#14012,#13897,#14190,.T.);
#14190 = CIRCLE('',#14191,0.515);
#14191 = AXIS2_PLACEMENT_3D('',#14192,#14193,#14194);
#14192 = CARTESIAN_POINT('',(4.635,-4.635,4.885));
#14193 = DIRECTION('',(0.,-1.,0.));
#14194 = DIRECTION('',(1.,0.,0.));
#14195 = ORIENTED_EDGE('',*,*,#14011,.F.);
#14196 = CYLINDRICAL_SURFACE('',#14197,0.515);
#14197 = AXIS2_PLACEMENT_3D('',#14198,#14199,#14200);
#14198 = CARTESIAN_POINT('',(4.635,4.635,4.885));
#14199 = DIRECTION('',(-0.,-1.,-0.));
#14200 = DIRECTION('',(1.,-0.,0.));
#14201 = ADVANCED_FACE('',(#14202),#14207,.T.);
#14202 = FACE_BOUND('',#14203,.T.);
#14203 = EDGE_LOOP('',(#14204,#14205,#14206));
#14204 = ORIENTED_EDGE('',*,*,#14181,.F.);
#14205 = ORIENTED_EDGE('',*,*,#13996,.F.);
#14206 = ORIENTED_EDGE('',*,*,#14165,.T.);
#14207 = SPHERICAL_SURFACE('',#14208,0.515);
#14208 = AXIS2_PLACEMENT_3D('',#14209,#14210,#14211);
#14209 = CARTESIAN_POINT('',(4.635,4.635,4.885));
#14210 = DIRECTION('',(0.,0.,1.));
#14211 = DIRECTION('',(0.,1.,0.));
#14212 = ADVANCED_FACE('',(#14213),#14231,.T.);
#14213 = FACE_BOUND('',#14214,.T.);
#14214 = EDGE_LOOP('',(#14215,#14216,#14217,#14225));
#14215 = ORIENTED_EDGE('',*,*,#14076,.F.);
#14216 = ORIENTED_EDGE('',*,*,#14042,.T.);
#14217 = ORIENTED_EDGE('',*,*,#14218,.T.);
#14218 = EDGE_CURVE('',#14035,#14219,#14221,.T.);
#14219 = VERTEX_POINT('',#14220);
#14220 = CARTESIAN_POINT('',(5.75,2.35,1.62));
#14221 = LINE('',#14222,#14223);
#14222 = CARTESIAN_POINT('',(3.55,2.35,1.62));
#14223 = VECTOR('',#14224,1.);
#14224 = DIRECTION('',(1.,0.,0.));
#14225 = ORIENTED_EDGE('',*,*,#14226,.F.);
#14226 = EDGE_CURVE('',#14069,#14219,#14227,.T.);
#14227 = LINE('',#14228,#14229);
#14228 = CARTESIAN_POINT('',(5.75,2.35,0.));
#14229 = VECTOR('',#14230,1.);
#14230 = DIRECTION('',(0.,0.,1.));
#14231 = PLANE('',#14232);
#14232 = AXIS2_PLACEMENT_3D('',#14233,#14234,#14235);
#14233 = CARTESIAN_POINT('',(3.55,2.35,0.));
#14234 = DIRECTION('',(0.,1.,0.));
#14235 = DIRECTION('',(0.,-0.,1.));
#14236 = ADVANCED_FACE('',(#14237),#14255,.T.);
#14237 = FACE_BOUND('',#14238,.T.);
#14238 = EDGE_LOOP('',(#14239,#14240,#14248,#14254));
#14239 = ORIENTED_EDGE('',*,*,#14034,.T.);
#14240 = ORIENTED_EDGE('',*,*,#14241,.T.);
#14241 = EDGE_CURVE('',#14027,#14242,#14244,.T.);
#14242 = VERTEX_POINT('',#14243);
#14243 = CARTESIAN_POINT('',(5.75,-2.35,1.62));
#14244 = LINE('',#14245,#14246);
#14245 = CARTESIAN_POINT('',(3.55,-2.35,1.62));
#14246 = VECTOR('',#14247,1.);
#14247 = DIRECTION('',(1.,0.,0.));
#14248 = ORIENTED_EDGE('',*,*,#14249,.T.);
#14249 = EDGE_CURVE('',#14242,#14219,#14250,.T.);
#14250 = LINE('',#14251,#14252);
#14251 = CARTESIAN_POINT('',(5.75,-2.35,1.62));
#14252 = VECTOR('',#14253,1.);
#14253 = DIRECTION('',(0.,1.,0.));
#14254 = ORIENTED_EDGE('',*,*,#14218,.F.);
#14255 = PLANE('',#14256);
#14256 = AXIS2_PLACEMENT_3D('',#14257,#14258,#14259);
#14257 = CARTESIAN_POINT('',(3.55,-2.35,1.62));
#14258 = DIRECTION('',(0.,0.,1.));
#14259 = DIRECTION('',(1.,0.,-0.));
#14260 = ADVANCED_FACE('',(#14261),#14272,.F.);
#14261 = FACE_BOUND('',#14262,.F.);
#14262 = EDGE_LOOP('',(#14263,#14264,#14265,#14266));
#14263 = ORIENTED_EDGE('',*,*,#14060,.F.);
#14264 = ORIENTED_EDGE('',*,*,#14026,.T.);
#14265 = ORIENTED_EDGE('',*,*,#14241,.T.);
#14266 = ORIENTED_EDGE('',*,*,#14267,.F.);
#14267 = EDGE_CURVE('',#14061,#14242,#14268,.T.);
#14268 = LINE('',#14269,#14270);
#14269 = CARTESIAN_POINT('',(5.75,-2.35,0.));
#14270 = VECTOR('',#14271,1.);
#14271 = DIRECTION('',(0.,0.,1.));
#14272 = PLANE('',#14273);
#14273 = AXIS2_PLACEMENT_3D('',#14274,#14275,#14276);
#14274 = CARTESIAN_POINT('',(3.55,-2.35,0.));
#14275 = DIRECTION('',(0.,1.,0.));
#14276 = DIRECTION('',(0.,-0.,1.));
#14277 = ADVANCED_FACE('',(#14278),#14284,.T.);
#14278 = FACE_BOUND('',#14279,.T.);
#14279 = EDGE_LOOP('',(#14280,#14281,#14282,#14283));
#14280 = ORIENTED_EDGE('',*,*,#14267,.F.);
#14281 = ORIENTED_EDGE('',*,*,#14068,.T.);
#14282 = ORIENTED_EDGE('',*,*,#14226,.T.);
#14283 = ORIENTED_EDGE('',*,*,#14249,.F.);
#14284 = PLANE('',#14285);
#14285 = AXIS2_PLACEMENT_3D('',#14286,#14287,#14288);
#14286 = CARTESIAN_POINT('',(5.75,-2.35,0.));
#14287 = DIRECTION('',(1.,0.,0.));
#14288 = DIRECTION('',(0.,0.,1.));
#14289 = ADVANCED_FACE('',(#14290),#14295,.T.);
#14290 = FACE_BOUND('',#14291,.T.);
#14291 = EDGE_LOOP('',(#14292,#14293,#14294));
#14292 = ORIENTED_EDGE('',*,*,#14145,.F.);
#14293 = ORIENTED_EDGE('',*,*,#14091,.F.);
#14294 = ORIENTED_EDGE('',*,*,#14189,.T.);
#14295 = SPHERICAL_SURFACE('',#14296,0.515);
#14296 = AXIS2_PLACEMENT_3D('',#14297,#14298,#14299);
#14297 = CARTESIAN_POINT('',(4.635,-4.635,4.885));
#14298 = DIRECTION('',(0.,0.,1.));
#14299 = DIRECTION('',(1.,0.,-0.));
#14300 = ( GEOMETRIC_REPRESENTATION_CONTEXT(3) 
GLOBAL_UNCERTAINTY_ASSIGNED_CONTEXT((#14304)) 
GLOBAL_UNIT_ASSIGNED_CONTEXT((#14301,#14302,#14303)) 
REPRESENTATION_CONTEXT('Context #1',
  '3D Context with UNIT and UNCERTAINTY') );
#14301 = ( LENGTH_UNIT() NAMED_UNIT(*) SI_UNIT(.MILLI.,.METRE.) );
#14302 = ( NAMED_UNIT(*) PLANE_ANGLE_UNIT() SI_UNIT($,.RADIAN.) );
#14303 = ( NAMED_UNIT(*) SI_UNIT($,.STERADIAN.) SOLID_ANGLE_UNIT() );
#14304 = UNCERTAINTY_MEASURE_WITH_UNIT(LENGTH_MEASURE(1.E-07),#14301,
  'distance_accuracy_value','confusion accuracy');
#14305 = CONTEXT_DEPENDENT_SHAPE_REPRESENTATION(#14306,#14308);
#14306 = ( REPRESENTATION_RELATIONSHIP('','',#13515,#10) 
REPRESENTATION_RELATIONSHIP_WITH_TRANSFORMATION(#14307) 
SHAPE_REPRESENTATION_RELATIONSHIP() );
#14307 = ITEM_DEFINED_TRANSFORMATION('','',#11,#91);
#14308 = PRODUCT_DEFINITION_SHAPE('Placement','Placement of an item',
  #14309);
#14309 = NEXT_ASSEMBLY_USAGE_OCCURRENCE('20','L1','',#5,#13510,$);
#14310 = PRODUCT_RELATED_PRODUCT_CATEGORY('part',$,(#13512));
#14311 = SHAPE_DEFINITION_REPRESENTATION(#14312,#14318);
#14312 = PRODUCT_DEFINITION_SHAPE('','',#14313);
#14313 = PRODUCT_DEFINITION('design','',#14314,#14317);
#14314 = PRODUCT_DEFINITION_FORMATION('','',#14315);
#14315 = PRODUCT('L_Sunlord_SWPA4030S','L_Sunlord_SWPA4030S','',(#14316)
  );
#14316 = PRODUCT_CONTEXT('',#2,'mechanical');
#14317 = PRODUCT_DEFINITION_CONTEXT('part definition',#2,'design');
#14318 = SHAPE_REPRESENTATION('',(#11,#14319),#14323);
#14319 = AXIS2_PLACEMENT_3D('',#14320,#14321,#14322);
#14320 = CARTESIAN_POINT('',(0.,0.,0.));
#14321 = DIRECTION('',(0.,0.,1.));
#14322 = DIRECTION('',(1.,0.,0.));
#14323 = ( GEOMETRIC_REPRESENTATION_CONTEXT(3) 
GLOBAL_UNCERTAINTY_ASSIGNED_CONTEXT((#14327)) 
GLOBAL_UNIT_ASSIGNED_CONTEXT((#14324,#14325,#14326)) 
REPRESENTATION_CONTEXT('Context #1',
  '3D Context with UNIT and UNCERTAINTY') );
#14324 = ( LENGTH_UNIT() NAMED_UNIT(*) SI_UNIT(.MILLI.,.METRE.) );
#14325 = ( NAMED_UNIT(*) PLANE_ANGLE_UNIT() SI_UNIT($,.RADIAN.) );
#14326 = ( NAMED_UNIT(*) SI_UNIT($,.STERADIAN.) SOLID_ANGLE_UNIT() );
#14327 = UNCERTAINTY_MEASURE_WITH_UNIT(LENGTH_MEASURE(1.E-07),#14324,
  'distance_accuracy_value','confusion accuracy');
#14328 = CONTEXT_DEPENDENT_SHAPE_REPRESENTATION(#14329,#14331);
#14329 = ( REPRESENTATION_RELATIONSHIP('','',#14318,#10) 
REPRESENTATION_RELATIONSHIP_WITH_TRANSFORMATION(#14330) 
SHAPE_REPRESENTATION_RELATIONSHIP() );
#14330 = ITEM_DEFINED_TRANSFORMATION('','',#11,#95);
#14331 = PRODUCT_DEFINITION_SHAPE('Placement','Placement of an item',
  #14332);
#14332 = NEXT_ASSEMBLY_USAGE_OCCURRENCE('22','L1','',#5,#14313,$);
#14333 = PRODUCT_RELATED_PRODUCT_CATEGORY('part',$,(#14315));
#14334 = SHAPE_DEFINITION_REPRESENTATION(#14335,#14341);
#14335 = PRODUCT_DEFINITION_SHAPE('','',#14336);
#14336 = PRODUCT_DEFINITION('design','',#14337,#14340);
#14337 = PRODUCT_DEFINITION_FORMATION('','',#14338);
#14338 = PRODUCT('EMI_SS_Supply_Electgpl 1.21.1',
  'EMI_SS_Supply_Electgpl 1.21.1','',(#14339));
#14339 = PRODUCT_CONTEXT('',#2,'mechanical');
#14340 = PRODUCT_DEFINITION_CONTEXT('part definition',#2,'design');
#14341 = SHAPE_REPRESENTATION('',(#11,#14342,#15060,#15210),#15360);
#14342 = MANIFOLD_SOLID_BREP('',#14343);
#14343 = CLOSED_SHELL('',(#14344,#14416,#14449,#14482,#14596,#14620,
    #14644,#14661,#14686,#14703,#14734,#14751,#14775,#14787,#14812,
    #14859,#14883,#14907,#14924,#14949,#14966,#14984,#15008,#15026,
    #15037,#15049));
#14344 = ADVANCED_FACE('',(#14345),#14411,.F.);
#14345 = FACE_BOUND('',#14346,.F.);
#14346 = EDGE_LOOP('',(#14347,#14357,#14365,#14373,#14381,#14389,#14397,
    #14405));
#14347 = ORIENTED_EDGE('',*,*,#14348,.T.);
#14348 = EDGE_CURVE('',#14349,#14351,#14353,.T.);
#14349 = VERTEX_POINT('',#14350);
#14350 = CARTESIAN_POINT('',(-2.,1.8,2.8));
#14351 = VERTEX_POINT('',#14352);
#14352 = CARTESIAN_POINT('',(-2.,-1.8,2.8));
#14353 = LINE('',#14354,#14355);
#14354 = CARTESIAN_POINT('',(-2.,1.8,2.8));
#14355 = VECTOR('',#14356,1.);
#14356 = DIRECTION('',(-0.,-1.,-0.));
#14357 = ORIENTED_EDGE('',*,*,#14358,.F.);
#14358 = EDGE_CURVE('',#14359,#14351,#14361,.T.);
#14359 = VERTEX_POINT('',#14360);
#14360 = CARTESIAN_POINT('',(-2.,-1.8,0.));
#14361 = LINE('',#14362,#14363);
#14362 = CARTESIAN_POINT('',(-2.,-1.8,0.));
#14363 = VECTOR('',#14364,1.);
#14364 = DIRECTION('',(0.,0.,1.));
#14365 = ORIENTED_EDGE('',*,*,#14366,.T.);
#14366 = EDGE_CURVE('',#14359,#14367,#14369,.T.);
#14367 = VERTEX_POINT('',#14368);
#14368 = CARTESIAN_POINT('',(-2.,-1.65,0.));
#14369 = LINE('',#14370,#14371);
#14370 = CARTESIAN_POINT('',(-2.,-2.,0.));
#14371 = VECTOR('',#14372,1.);
#14372 = DIRECTION('',(0.,1.,0.));
#14373 = ORIENTED_EDGE('',*,*,#14374,.T.);
#14374 = EDGE_CURVE('',#14367,#14375,#14377,.T.);
#14375 = VERTEX_POINT('',#14376);
#14376 = CARTESIAN_POINT('',(-2.,-1.65,5.E-02));
#14377 = LINE('',#14378,#14379);
#14378 = CARTESIAN_POINT('',(-2.,-1.65,0.));
#14379 = VECTOR('',#14380,1.);
#14380 = DIRECTION('',(0.,0.,1.));
#14381 = ORIENTED_EDGE('',*,*,#14382,.T.);
#14382 = EDGE_CURVE('',#14375,#14383,#14385,.T.);
#14383 = VERTEX_POINT('',#14384);
#14384 = CARTESIAN_POINT('',(-2.,1.65,5.E-02));
#14385 = LINE('',#14386,#14387);
#14386 = CARTESIAN_POINT('',(-2.,-1.65,5.E-02));
#14387 = VECTOR('',#14388,1.);
#14388 = DIRECTION('',(0.,1.,0.));
#14389 = ORIENTED_EDGE('',*,*,#14390,.F.);
#14390 = EDGE_CURVE('',#14391,#14383,#14393,.T.);
#14391 = VERTEX_POINT('',#14392);
#14392 = CARTESIAN_POINT('',(-2.,1.65,0.));
#14393 = LINE('',#14394,#14395);
#14394 = CARTESIAN_POINT('',(-2.,1.65,0.));
#14395 = VECTOR('',#14396,1.);
#14396 = DIRECTION('',(0.,0.,1.));
#14397 = ORIENTED_EDGE('',*,*,#14398,.T.);
#14398 = EDGE_CURVE('',#14391,#14399,#14401,.T.);
#14399 = VERTEX_POINT('',#14400);
#14400 = CARTESIAN_POINT('',(-2.,1.8,0.));
#14401 = LINE('',#14402,#14403);
#14402 = CARTESIAN_POINT('',(-2.,-2.,0.));
#14403 = VECTOR('',#14404,1.);
#14404 = DIRECTION('',(0.,1.,0.));
#14405 = ORIENTED_EDGE('',*,*,#14406,.T.);
#14406 = EDGE_CURVE('',#14399,#14349,#14407,.T.);
#14407 = LINE('',#14408,#14409);
#14408 = CARTESIAN_POINT('',(-2.,1.8,0.));
#14409 = VECTOR('',#14410,1.);
#14410 = DIRECTION('',(0.,0.,1.));
#14411 = PLANE('',#14412);
#14412 = AXIS2_PLACEMENT_3D('',#14413,#14414,#14415);
#14413 = CARTESIAN_POINT('',(-2.,-2.,0.));
#14414 = DIRECTION('',(1.,0.,0.));
#14415 = DIRECTION('',(0.,0.,1.));
#14416 = ADVANCED_FACE('',(#14417),#14444,.T.);
#14417 = FACE_BOUND('',#14418,.T.);
#14418 = EDGE_LOOP('',(#14419,#14428,#14429,#14438));
#14419 = ORIENTED_EDGE('',*,*,#14420,.T.);
#14420 = EDGE_CURVE('',#14421,#14349,#14423,.T.);
#14421 = VERTEX_POINT('',#14422);
#14422 = CARTESIAN_POINT('',(-1.8,1.8,3.));
#14423 = CIRCLE('',#14424,0.2);
#14424 = AXIS2_PLACEMENT_3D('',#14425,#14426,#14427);
#14425 = CARTESIAN_POINT('',(-1.8,1.8,2.8));
#14426 = DIRECTION('',(-6.123233995737E-17,-1.,-0.));
#14427 = DIRECTION('',(-1.,6.123233995737E-17,0.));
#14428 = ORIENTED_EDGE('',*,*,#14348,.T.);
#14429 = ORIENTED_EDGE('',*,*,#14430,.F.);
#14430 = EDGE_CURVE('',#14431,#14351,#14433,.T.);
#14431 = VERTEX_POINT('',#14432);
#14432 = CARTESIAN_POINT('',(-1.8,-1.8,3.));
#14433 = CIRCLE('',#14434,0.2);
#14434 = AXIS2_PLACEMENT_3D('',#14435,#14436,#14437);
#14435 = CARTESIAN_POINT('',(-1.8,-1.8,2.8));
#14436 = DIRECTION('',(0.,-1.,0.));
#14437 = DIRECTION('',(0.,0.,1.));
#14438 = ORIENTED_EDGE('',*,*,#14439,.F.);
#14439 = EDGE_CURVE('',#14421,#14431,#14440,.T.);
#14440 = LINE('',#14441,#14442);
#14441 = CARTESIAN_POINT('',(-1.8,1.8,3.));
#14442 = VECTOR('',#14443,1.);
#14443 = DIRECTION('',(-0.,-1.,-0.));
#14444 = CYLINDRICAL_SURFACE('',#14445,0.2);
#14445 = AXIS2_PLACEMENT_3D('',#14446,#14447,#14448);
#14446 = CARTESIAN_POINT('',(-1.8,1.8,2.8));
#14447 = DIRECTION('',(-0.,-1.,-0.));
#14448 = DIRECTION('',(0.,0.,1.));
#14449 = ADVANCED_FACE('',(#14450),#14477,.T.);
#14450 = FACE_BOUND('',#14451,.T.);
#14451 = EDGE_LOOP('',(#14452,#14461,#14469,#14476));
#14452 = ORIENTED_EDGE('',*,*,#14453,.F.);
#14453 = EDGE_CURVE('',#14454,#14349,#14456,.T.);
#14454 = VERTEX_POINT('',#14455);
#14455 = CARTESIAN_POINT('',(-1.8,2.,2.8));
#14456 = CIRCLE('',#14457,0.2);
#14457 = AXIS2_PLACEMENT_3D('',#14458,#14459,#14460);
#14458 = CARTESIAN_POINT('',(-1.8,1.8,2.8));
#14459 = DIRECTION('',(0.,-0.,1.));
#14460 = DIRECTION('',(0.,1.,0.));
#14461 = ORIENTED_EDGE('',*,*,#14462,.F.);
#14462 = EDGE_CURVE('',#14463,#14454,#14465,.T.);
#14463 = VERTEX_POINT('',#14464);
#14464 = CARTESIAN_POINT('',(-1.8,2.,0.));
#14465 = LINE('',#14466,#14467);
#14466 = CARTESIAN_POINT('',(-1.8,2.,0.));
#14467 = VECTOR('',#14468,1.);
#14468 = DIRECTION('',(0.,0.,1.));
#14469 = ORIENTED_EDGE('',*,*,#14470,.F.);
#14470 = EDGE_CURVE('',#14399,#14463,#14471,.T.);
#14471 = CIRCLE('',#14472,0.2);
#14472 = AXIS2_PLACEMENT_3D('',#14473,#14474,#14475);
#14473 = CARTESIAN_POINT('',(-1.8,1.8,0.));
#14474 = DIRECTION('',(-0.,-0.,-1.));
#14475 = DIRECTION('',(0.,-1.,0.));
#14476 = ORIENTED_EDGE('',*,*,#14406,.T.);
#14477 = CYLINDRICAL_SURFACE('',#14478,0.2);
#14478 = AXIS2_PLACEMENT_3D('',#14479,#14480,#14481);
#14479 = CARTESIAN_POINT('',(-1.8,1.8,0.));
#14480 = DIRECTION('',(0.,0.,1.));
#14481 = DIRECTION('',(-1.,0.,0.));
#14482 = ADVANCED_FACE('',(#14483),#14591,.F.);
#14483 = FACE_BOUND('',#14484,.F.);
#14484 = EDGE_LOOP('',(#14485,#14486,#14495,#14503,#14512,#14520,#14528,
    #14536,#14544,#14552,#14561,#14567,#14568,#14569,#14577,#14585));
#14485 = ORIENTED_EDGE('',*,*,#14366,.F.);
#14486 = ORIENTED_EDGE('',*,*,#14487,.T.);
#14487 = EDGE_CURVE('',#14359,#14488,#14490,.T.);
#14488 = VERTEX_POINT('',#14489);
#14489 = CARTESIAN_POINT('',(-1.8,-2.,0.));
#14490 = CIRCLE('',#14491,0.2);
#14491 = AXIS2_PLACEMENT_3D('',#14492,#14493,#14494);
#14492 = CARTESIAN_POINT('',(-1.8,-1.8,0.));
#14493 = DIRECTION('',(-0.,0.,1.));
#14494 = DIRECTION('',(0.,-1.,0.));
#14495 = ORIENTED_EDGE('',*,*,#14496,.T.);
#14496 = EDGE_CURVE('',#14488,#14497,#14499,.T.);
#14497 = VERTEX_POINT('',#14498);
#14498 = CARTESIAN_POINT('',(1.8,-2.,0.));
#14499 = LINE('',#14500,#14501);
#14500 = CARTESIAN_POINT('',(-2.,-2.,0.));
#14501 = VECTOR('',#14502,1.);
#14502 = DIRECTION('',(1.,0.,0.));
#14503 = ORIENTED_EDGE('',*,*,#14504,.F.);
#14504 = EDGE_CURVE('',#14505,#14497,#14507,.T.);
#14505 = VERTEX_POINT('',#14506);
#14506 = CARTESIAN_POINT('',(2.,-1.8,0.));
#14507 = CIRCLE('',#14508,0.2);
#14508 = AXIS2_PLACEMENT_3D('',#14509,#14510,#14511);
#14509 = CARTESIAN_POINT('',(1.8,-1.8,0.));
#14510 = DIRECTION('',(-0.,-0.,-1.));
#14511 = DIRECTION('',(0.,-1.,0.));
#14512 = ORIENTED_EDGE('',*,*,#14513,.T.);
#14513 = EDGE_CURVE('',#14505,#14514,#14516,.T.);
#14514 = VERTEX_POINT('',#14515);
#14515 = CARTESIAN_POINT('',(2.,-1.65,0.));
#14516 = LINE('',#14517,#14518);
#14517 = CARTESIAN_POINT('',(2.,-2.,0.));
#14518 = VECTOR('',#14519,1.);
#14519 = DIRECTION('',(0.,1.,0.));
#14520 = ORIENTED_EDGE('',*,*,#14521,.F.);
#14521 = EDGE_CURVE('',#14522,#14514,#14524,.T.);
#14522 = VERTEX_POINT('',#14523);
#14523 = CARTESIAN_POINT('',(1.05,-1.65,0.));
#14524 = LINE('',#14525,#14526);
#14525 = CARTESIAN_POINT('',(1.05,-1.65,0.));
#14526 = VECTOR('',#14527,1.);
#14527 = DIRECTION('',(1.,0.,0.));
#14528 = ORIENTED_EDGE('',*,*,#14529,.T.);
#14529 = EDGE_CURVE('',#14522,#14530,#14532,.T.);
#14530 = VERTEX_POINT('',#14531);
#14531 = CARTESIAN_POINT('',(1.05,1.65,0.));
#14532 = LINE('',#14533,#14534);
#14533 = CARTESIAN_POINT('',(1.05,-1.65,0.));
#14534 = VECTOR('',#14535,1.);
#14535 = DIRECTION('',(0.,1.,0.));
#14536 = ORIENTED_EDGE('',*,*,#14537,.T.);
#14537 = EDGE_CURVE('',#14530,#14538,#14540,.T.);
#14538 = VERTEX_POINT('',#14539);
#14539 = CARTESIAN_POINT('',(2.,1.65,0.));
#14540 = LINE('',#14541,#14542);
#14541 = CARTESIAN_POINT('',(1.05,1.65,0.));
#14542 = VECTOR('',#14543,1.);
#14543 = DIRECTION('',(1.,0.,0.));
#14544 = ORIENTED_EDGE('',*,*,#14545,.T.);
#14545 = EDGE_CURVE('',#14538,#14546,#14548,.T.);
#14546 = VERTEX_POINT('',#14547);
#14547 = CARTESIAN_POINT('',(2.,1.8,0.));
#14548 = LINE('',#14549,#14550);
#14549 = CARTESIAN_POINT('',(2.,-2.,0.));
#14550 = VECTOR('',#14551,1.);
#14551 = DIRECTION('',(0.,1.,0.));
#14552 = ORIENTED_EDGE('',*,*,#14553,.T.);
#14553 = EDGE_CURVE('',#14546,#14554,#14556,.T.);
#14554 = VERTEX_POINT('',#14555);
#14555 = CARTESIAN_POINT('',(1.8,2.,0.));
#14556 = CIRCLE('',#14557,0.2);
#14557 = AXIS2_PLACEMENT_3D('',#14558,#14559,#14560);
#14558 = CARTESIAN_POINT('',(1.8,1.8,0.));
#14559 = DIRECTION('',(-0.,0.,1.));
#14560 = DIRECTION('',(0.,-1.,0.));
#14561 = ORIENTED_EDGE('',*,*,#14562,.F.);
#14562 = EDGE_CURVE('',#14463,#14554,#14563,.T.);
#14563 = LINE('',#14564,#14565);
#14564 = CARTESIAN_POINT('',(-2.,2.,0.));
#14565 = VECTOR('',#14566,1.);
#14566 = DIRECTION('',(1.,0.,0.));
#14567 = ORIENTED_EDGE('',*,*,#14470,.F.);
#14568 = ORIENTED_EDGE('',*,*,#14398,.F.);
#14569 = ORIENTED_EDGE('',*,*,#14570,.T.);
#14570 = EDGE_CURVE('',#14391,#14571,#14573,.T.);
#14571 = VERTEX_POINT('',#14572);
#14572 = CARTESIAN_POINT('',(-1.05,1.65,0.));
#14573 = LINE('',#14574,#14575);
#14574 = CARTESIAN_POINT('',(-2.,1.65,0.));
#14575 = VECTOR('',#14576,1.);
#14576 = DIRECTION('',(1.,0.,0.));
#14577 = ORIENTED_EDGE('',*,*,#14578,.F.);
#14578 = EDGE_CURVE('',#14579,#14571,#14581,.T.);
#14579 = VERTEX_POINT('',#14580);
#14580 = CARTESIAN_POINT('',(-1.05,-1.65,0.));
#14581 = LINE('',#14582,#14583);
#14582 = CARTESIAN_POINT('',(-1.05,-1.65,0.));
#14583 = VECTOR('',#14584,1.);
#14584 = DIRECTION('',(0.,1.,0.));
#14585 = ORIENTED_EDGE('',*,*,#14586,.F.);
#14586 = EDGE_CURVE('',#14367,#14579,#14587,.T.);
#14587 = LINE('',#14588,#14589);
#14588 = CARTESIAN_POINT('',(-2.,-1.65,0.));
#14589 = VECTOR('',#14590,1.);
#14590 = DIRECTION('',(1.,0.,0.));
#14591 = PLANE('',#14592);
#14592 = AXIS2_PLACEMENT_3D('',#14593,#14594,#14595);
#14593 = CARTESIAN_POINT('',(-2.,-2.,0.));
#14594 = DIRECTION('',(0.,0.,1.));
#14595 = DIRECTION('',(1.,0.,0.));
#14596 = ADVANCED_FACE('',(#14597),#14615,.F.);
#14597 = FACE_BOUND('',#14598,.F.);
#14598 = EDGE_LOOP('',(#14599,#14600,#14601,#14609));
#14599 = ORIENTED_EDGE('',*,*,#14570,.F.);
#14600 = ORIENTED_EDGE('',*,*,#14390,.T.);
#14601 = ORIENTED_EDGE('',*,*,#14602,.T.);
#14602 = EDGE_CURVE('',#14383,#14603,#14605,.T.);
#14603 = VERTEX_POINT('',#14604);
#14604 = CARTESIAN_POINT('',(-1.05,1.65,5.E-02));
#14605 = LINE('',#14606,#14607);
#14606 = CARTESIAN_POINT('',(-2.,1.65,5.E-02));
#14607 = VECTOR('',#14608,1.);
#14608 = DIRECTION('',(1.,0.,0.));
#14609 = ORIENTED_EDGE('',*,*,#14610,.F.);
#14610 = EDGE_CURVE('',#14571,#14603,#14611,.T.);
#14611 = LINE('',#14612,#14613);
#14612 = CARTESIAN_POINT('',(-1.05,1.65,0.));
#14613 = VECTOR('',#14614,1.);
#14614 = DIRECTION('',(0.,0.,1.));
#14615 = PLANE('',#14616);
#14616 = AXIS2_PLACEMENT_3D('',#14617,#14618,#14619);
#14617 = CARTESIAN_POINT('',(-2.,1.65,0.));
#14618 = DIRECTION('',(0.,1.,0.));
#14619 = DIRECTION('',(0.,0.,1.));
#14620 = ADVANCED_FACE('',(#14621),#14639,.F.);
#14621 = FACE_BOUND('',#14622,.F.);
#14622 = EDGE_LOOP('',(#14623,#14624,#14632,#14638));
#14623 = ORIENTED_EDGE('',*,*,#14382,.F.);
#14624 = ORIENTED_EDGE('',*,*,#14625,.T.);
#14625 = EDGE_CURVE('',#14375,#14626,#14628,.T.);
#14626 = VERTEX_POINT('',#14627);
#14627 = CARTESIAN_POINT('',(-1.05,-1.65,5.E-02));
#14628 = LINE('',#14629,#14630);
#14629 = CARTESIAN_POINT('',(-2.,-1.65,5.E-02));
#14630 = VECTOR('',#14631,1.);
#14631 = DIRECTION('',(1.,0.,0.));
#14632 = ORIENTED_EDGE('',*,*,#14633,.T.);
#14633 = EDGE_CURVE('',#14626,#14603,#14634,.T.);
#14634 = LINE('',#14635,#14636);
#14635 = CARTESIAN_POINT('',(-1.05,-1.65,5.E-02));
#14636 = VECTOR('',#14637,1.);
#14637 = DIRECTION('',(0.,1.,0.));
#14638 = ORIENTED_EDGE('',*,*,#14602,.F.);
#14639 = PLANE('',#14640);
#14640 = AXIS2_PLACEMENT_3D('',#14641,#14642,#14643);
#14641 = CARTESIAN_POINT('',(-2.,-1.65,5.E-02));
#14642 = DIRECTION('',(0.,0.,1.));
#14643 = DIRECTION('',(1.,0.,0.));
#14644 = ADVANCED_FACE('',(#14645),#14656,.T.);
#14645 = FACE_BOUND('',#14646,.T.);
#14646 = EDGE_LOOP('',(#14647,#14648,#14649,#14650));
#14647 = ORIENTED_EDGE('',*,*,#14586,.F.);
#14648 = ORIENTED_EDGE('',*,*,#14374,.T.);
#14649 = ORIENTED_EDGE('',*,*,#14625,.T.);
#14650 = ORIENTED_EDGE('',*,*,#14651,.F.);
#14651 = EDGE_CURVE('',#14579,#14626,#14652,.T.);
#14652 = LINE('',#14653,#14654);
#14653 = CARTESIAN_POINT('',(-1.05,-1.65,0.));
#14654 = VECTOR('',#14655,1.);
#14655 = DIRECTION('',(0.,0.,1.));
#14656 = PLANE('',#14657);
#14657 = AXIS2_PLACEMENT_3D('',#14658,#14659,#14660);
#14658 = CARTESIAN_POINT('',(-2.,-1.65,0.));
#14659 = DIRECTION('',(0.,1.,0.));
#14660 = DIRECTION('',(0.,0.,1.));
#14661 = ADVANCED_FACE('',(#14662),#14681,.T.);
#14662 = FACE_BOUND('',#14663,.T.);
#14663 = EDGE_LOOP('',(#14664,#14665,#14666,#14674));
#14664 = ORIENTED_EDGE('',*,*,#14358,.F.);
#14665 = ORIENTED_EDGE('',*,*,#14487,.T.);
#14666 = ORIENTED_EDGE('',*,*,#14667,.T.);
#14667 = EDGE_CURVE('',#14488,#14668,#14670,.T.);
#14668 = VERTEX_POINT('',#14669);
#14669 = CARTESIAN_POINT('',(-1.8,-2.,2.8));
#14670 = LINE('',#14671,#14672);
#14671 = CARTESIAN_POINT('',(-1.8,-2.,0.));
#14672 = VECTOR('',#14673,1.);
#14673 = DIRECTION('',(0.,0.,1.));
#14674 = ORIENTED_EDGE('',*,*,#14675,.F.);
#14675 = EDGE_CURVE('',#14351,#14668,#14676,.T.);
#14676 = CIRCLE('',#14677,0.2);
#14677 = AXIS2_PLACEMENT_3D('',#14678,#14679,#14680);
#14678 = CARTESIAN_POINT('',(-1.8,-1.8,2.8));
#14679 = DIRECTION('',(0.,0.,1.));
#14680 = DIRECTION('',(-1.,0.,0.));
#14681 = CYLINDRICAL_SURFACE('',#14682,0.2);
#14682 = AXIS2_PLACEMENT_3D('',#14683,#14684,#14685);
#14683 = CARTESIAN_POINT('',(-1.8,-1.8,0.));
#14684 = DIRECTION('',(0.,0.,1.));
#14685 = DIRECTION('',(-1.,0.,0.));
#14686 = ADVANCED_FACE('',(#14687),#14698,.T.);
#14687 = FACE_BOUND('',#14688,.T.);
#14688 = EDGE_LOOP('',(#14689,#14690,#14691));
#14689 = ORIENTED_EDGE('',*,*,#14453,.T.);
#14690 = ORIENTED_EDGE('',*,*,#14420,.F.);
#14691 = ORIENTED_EDGE('',*,*,#14692,.T.);
#14692 = EDGE_CURVE('',#14421,#14454,#14693,.T.);
#14693 = CIRCLE('',#14694,0.2);
#14694 = AXIS2_PLACEMENT_3D('',#14695,#14696,#14697);
#14695 = CARTESIAN_POINT('',(-1.8,1.8,2.8));
#14696 = DIRECTION('',(-1.,0.,0.));
#14697 = DIRECTION('',(0.,0.,1.));
#14698 = SPHERICAL_SURFACE('',#14699,0.2);
#14699 = AXIS2_PLACEMENT_3D('',#14700,#14701,#14702);
#14700 = CARTESIAN_POINT('',(-1.8,1.8,2.8));
#14701 = DIRECTION('',(-0.,-0.,-1.));
#14702 = DIRECTION('',(0.,1.,0.));
#14703 = ADVANCED_FACE('',(#14704),#14729,.T.);
#14704 = FACE_BOUND('',#14705,.T.);
#14705 = EDGE_LOOP('',(#14706,#14714,#14715,#14723));
#14706 = ORIENTED_EDGE('',*,*,#14707,.T.);
#14707 = EDGE_CURVE('',#14708,#14421,#14710,.T.);
#14708 = VERTEX_POINT('',#14709);
#14709 = CARTESIAN_POINT('',(1.8,1.8,3.));
#14710 = LINE('',#14711,#14712);
#14711 = CARTESIAN_POINT('',(1.8,1.8,3.));
#14712 = VECTOR('',#14713,1.);
#14713 = DIRECTION('',(-1.,-0.,-0.));
#14714 = ORIENTED_EDGE('',*,*,#14439,.T.);
#14715 = ORIENTED_EDGE('',*,*,#14716,.T.);
#14716 = EDGE_CURVE('',#14431,#14717,#14719,.T.);
#14717 = VERTEX_POINT('',#14718);
#14718 = CARTESIAN_POINT('',(1.8,-1.8,3.));
#14719 = LINE('',#14720,#14721);
#14720 = CARTESIAN_POINT('',(-1.8,-1.8,3.));
#14721 = VECTOR('',#14722,1.);
#14722 = DIRECTION('',(1.,0.,0.));
#14723 = ORIENTED_EDGE('',*,*,#14724,.T.);
#14724 = EDGE_CURVE('',#14717,#14708,#14725,.T.);
#14725 = LINE('',#14726,#14727);
#14726 = CARTESIAN_POINT('',(1.8,-1.8,3.));
#14727 = VECTOR('',#14728,1.);
#14728 = DIRECTION('',(0.,1.,0.));
#14729 = PLANE('',#14730);
#14730 = AXIS2_PLACEMENT_3D('',#14731,#14732,#14733);
#14731 = CARTESIAN_POINT('',(-2.,-2.,3.));
#14732 = DIRECTION('',(0.,0.,1.));
#14733 = DIRECTION('',(1.,0.,0.));
#14734 = ADVANCED_FACE('',(#14735),#14746,.T.);
#14735 = FACE_BOUND('',#14736,.T.);
#14736 = EDGE_LOOP('',(#14737,#14738,#14745));
#14737 = ORIENTED_EDGE('',*,*,#14675,.T.);
#14738 = ORIENTED_EDGE('',*,*,#14739,.F.);
#14739 = EDGE_CURVE('',#14431,#14668,#14740,.T.);
#14740 = CIRCLE('',#14741,0.2);
#14741 = AXIS2_PLACEMENT_3D('',#14742,#14743,#14744);
#14742 = CARTESIAN_POINT('',(-1.8,-1.8,2.8));
#14743 = DIRECTION('',(1.,-6.123233995737E-17,0.));
#14744 = DIRECTION('',(-6.123233995737E-17,-1.,0.));
#14745 = ORIENTED_EDGE('',*,*,#14430,.T.);
#14746 = SPHERICAL_SURFACE('',#14747,0.2);
#14747 = AXIS2_PLACEMENT_3D('',#14748,#14749,#14750);
#14748 = CARTESIAN_POINT('',(-1.8,-1.8,2.8));
#14749 = DIRECTION('',(-0.,-0.,-1.));
#14750 = DIRECTION('',(-1.,0.,0.));
#14751 = ADVANCED_FACE('',(#14752),#14770,.T.);
#14752 = FACE_BOUND('',#14753,.T.);
#14753 = EDGE_LOOP('',(#14754,#14755,#14763,#14769));
#14754 = ORIENTED_EDGE('',*,*,#14462,.T.);
#14755 = ORIENTED_EDGE('',*,*,#14756,.F.);
#14756 = EDGE_CURVE('',#14757,#14454,#14759,.T.);
#14757 = VERTEX_POINT('',#14758);
#14758 = CARTESIAN_POINT('',(1.8,2.,2.8));
#14759 = LINE('',#14760,#14761);
#14760 = CARTESIAN_POINT('',(1.8,2.,2.8));
#14761 = VECTOR('',#14762,1.);
#14762 = DIRECTION('',(-1.,-0.,-0.));
#14763 = ORIENTED_EDGE('',*,*,#14764,.F.);
#14764 = EDGE_CURVE('',#14554,#14757,#14765,.T.);
#14765 = LINE('',#14766,#14767);
#14766 = CARTESIAN_POINT('',(1.8,2.,0.));
#14767 = VECTOR('',#14768,1.);
#14768 = DIRECTION('',(0.,0.,1.));
#14769 = ORIENTED_EDGE('',*,*,#14562,.F.);
#14770 = PLANE('',#14771);
#14771 = AXIS2_PLACEMENT_3D('',#14772,#14773,#14774);
#14772 = CARTESIAN_POINT('',(-2.,2.,0.));
#14773 = DIRECTION('',(0.,1.,0.));
#14774 = DIRECTION('',(0.,0.,1.));
#14775 = ADVANCED_FACE('',(#14776),#14782,.F.);
#14776 = FACE_BOUND('',#14777,.F.);
#14777 = EDGE_LOOP('',(#14778,#14779,#14780,#14781));
#14778 = ORIENTED_EDGE('',*,*,#14651,.F.);
#14779 = ORIENTED_EDGE('',*,*,#14578,.T.);
#14780 = ORIENTED_EDGE('',*,*,#14610,.T.);
#14781 = ORIENTED_EDGE('',*,*,#14633,.F.);
#14782 = PLANE('',#14783);
#14783 = AXIS2_PLACEMENT_3D('',#14784,#14785,#14786);
#14784 = CARTESIAN_POINT('',(-1.05,-1.65,0.));
#14785 = DIRECTION('',(1.,0.,0.));
#14786 = DIRECTION('',(0.,0.,1.));
#14787 = ADVANCED_FACE('',(#14788),#14807,.T.);
#14788 = FACE_BOUND('',#14789,.T.);
#14789 = EDGE_LOOP('',(#14790,#14798,#14799,#14800));
#14790 = ORIENTED_EDGE('',*,*,#14791,.F.);
#14791 = EDGE_CURVE('',#14546,#14792,#14794,.T.);
#14792 = VERTEX_POINT('',#14793);
#14793 = CARTESIAN_POINT('',(2.,1.8,2.8));
#14794 = LINE('',#14795,#14796);
#14795 = CARTESIAN_POINT('',(2.,1.8,0.));
#14796 = VECTOR('',#14797,1.);
#14797 = DIRECTION('',(0.,0.,1.));
#14798 = ORIENTED_EDGE('',*,*,#14553,.T.);
#14799 = ORIENTED_EDGE('',*,*,#14764,.T.);
#14800 = ORIENTED_EDGE('',*,*,#14801,.F.);
#14801 = EDGE_CURVE('',#14792,#14757,#14802,.T.);
#14802 = CIRCLE('',#14803,0.2);
#14803 = AXIS2_PLACEMENT_3D('',#14804,#14805,#14806);
#14804 = CARTESIAN_POINT('',(1.8,1.8,2.8));
#14805 = DIRECTION('',(0.,-0.,1.));
#14806 = DIRECTION('',(1.,2.22044604925E-15,0.));
#14807 = CYLINDRICAL_SURFACE('',#14808,0.2);
#14808 = AXIS2_PLACEMENT_3D('',#14809,#14810,#14811);
#14809 = CARTESIAN_POINT('',(1.8,1.8,0.));
#14810 = DIRECTION('',(0.,0.,1.));
#14811 = DIRECTION('',(1.,0.,0.));
#14812 = ADVANCED_FACE('',(#14813),#14854,.T.);
#14813 = FACE_BOUND('',#14814,.T.);
#14814 = EDGE_LOOP('',(#14815,#14823,#14829,#14830,#14838,#14846,#14852,
    #14853));
#14815 = ORIENTED_EDGE('',*,*,#14816,.F.);
#14816 = EDGE_CURVE('',#14817,#14792,#14819,.T.);
#14817 = VERTEX_POINT('',#14818);
#14818 = CARTESIAN_POINT('',(2.,-1.8,2.8));
#14819 = LINE('',#14820,#14821);
#14820 = CARTESIAN_POINT('',(2.,-1.8,2.8));
#14821 = VECTOR('',#14822,1.);
#14822 = DIRECTION('',(0.,1.,0.));
#14823 = ORIENTED_EDGE('',*,*,#14824,.F.);
#14824 = EDGE_CURVE('',#14505,#14817,#14825,.T.);
#14825 = LINE('',#14826,#14827);
#14826 = CARTESIAN_POINT('',(2.,-1.8,0.));
#14827 = VECTOR('',#14828,1.);
#14828 = DIRECTION('',(0.,0.,1.));
#14829 = ORIENTED_EDGE('',*,*,#14513,.T.);
#14830 = ORIENTED_EDGE('',*,*,#14831,.T.);
#14831 = EDGE_CURVE('',#14514,#14832,#14834,.T.);
#14832 = VERTEX_POINT('',#14833);
#14833 = CARTESIAN_POINT('',(2.,-1.65,5.E-02));
#14834 = LINE('',#14835,#14836);
#14835 = CARTESIAN_POINT('',(2.,-1.65,0.));
#14836 = VECTOR('',#14837,1.);
#14837 = DIRECTION('',(0.,0.,1.));
#14838 = ORIENTED_EDGE('',*,*,#14839,.T.);
#14839 = EDGE_CURVE('',#14832,#14840,#14842,.T.);
#14840 = VERTEX_POINT('',#14841);
#14841 = CARTESIAN_POINT('',(2.,1.65,5.E-02));
#14842 = LINE('',#14843,#14844);
#14843 = CARTESIAN_POINT('',(2.,-1.65,5.E-02));
#14844 = VECTOR('',#14845,1.);
#14845 = DIRECTION('',(0.,1.,0.));
#14846 = ORIENTED_EDGE('',*,*,#14847,.F.);
#14847 = EDGE_CURVE('',#14538,#14840,#14848,.T.);
#14848 = LINE('',#14849,#14850);
#14849 = CARTESIAN_POINT('',(2.,1.65,0.));
#14850 = VECTOR('',#14851,1.);
#14851 = DIRECTION('',(0.,0.,1.));
#14852 = ORIENTED_EDGE('',*,*,#14545,.T.);
#14853 = ORIENTED_EDGE('',*,*,#14791,.T.);
#14854 = PLANE('',#14855);
#14855 = AXIS2_PLACEMENT_3D('',#14856,#14857,#14858);
#14856 = CARTESIAN_POINT('',(2.,-2.,0.));
#14857 = DIRECTION('',(1.,0.,0.));
#14858 = DIRECTION('',(0.,0.,1.));
#14859 = ADVANCED_FACE('',(#14860),#14878,.F.);
#14860 = FACE_BOUND('',#14861,.F.);
#14861 = EDGE_LOOP('',(#14862,#14863,#14871,#14877));
#14862 = ORIENTED_EDGE('',*,*,#14537,.F.);
#14863 = ORIENTED_EDGE('',*,*,#14864,.T.);
#14864 = EDGE_CURVE('',#14530,#14865,#14867,.T.);
#14865 = VERTEX_POINT('',#14866);
#14866 = CARTESIAN_POINT('',(1.05,1.65,5.E-02));
#14867 = LINE('',#14868,#14869);
#14868 = CARTESIAN_POINT('',(1.05,1.65,0.));
#14869 = VECTOR('',#14870,1.);
#14870 = DIRECTION('',(0.,0.,1.));
#14871 = ORIENTED_EDGE('',*,*,#14872,.T.);
#14872 = EDGE_CURVE('',#14865,#14840,#14873,.T.);
#14873 = LINE('',#14874,#14875);
#14874 = CARTESIAN_POINT('',(1.05,1.65,5.E-02));
#14875 = VECTOR('',#14876,1.);
#14876 = DIRECTION('',(1.,0.,0.));
#14877 = ORIENTED_EDGE('',*,*,#14847,.F.);
#14878 = PLANE('',#14879);
#14879 = AXIS2_PLACEMENT_3D('',#14880,#14881,#14882);
#14880 = CARTESIAN_POINT('',(1.05,1.65,0.));
#14881 = DIRECTION('',(0.,1.,0.));
#14882 = DIRECTION('',(0.,0.,1.));
#14883 = ADVANCED_FACE('',(#14884),#14902,.T.);
#14884 = FACE_BOUND('',#14885,.T.);
#14885 = EDGE_LOOP('',(#14886,#14894,#14895,#14896));
#14886 = ORIENTED_EDGE('',*,*,#14887,.F.);
#14887 = EDGE_CURVE('',#14522,#14888,#14890,.T.);
#14888 = VERTEX_POINT('',#14889);
#14889 = CARTESIAN_POINT('',(1.05,-1.65,5.E-02));
#14890 = LINE('',#14891,#14892);
#14891 = CARTESIAN_POINT('',(1.05,-1.65,0.));
#14892 = VECTOR('',#14893,1.);
#14893 = DIRECTION('',(0.,0.,1.));
#14894 = ORIENTED_EDGE('',*,*,#14529,.T.);
#14895 = ORIENTED_EDGE('',*,*,#14864,.T.);
#14896 = ORIENTED_EDGE('',*,*,#14897,.F.);
#14897 = EDGE_CURVE('',#14888,#14865,#14898,.T.);
#14898 = LINE('',#14899,#14900);
#14899 = CARTESIAN_POINT('',(1.05,-1.65,5.E-02));
#14900 = VECTOR('',#14901,1.);
#14901 = DIRECTION('',(0.,1.,0.));
#14902 = PLANE('',#14903);
#14903 = AXIS2_PLACEMENT_3D('',#14904,#14905,#14906);
#14904 = CARTESIAN_POINT('',(1.05,-1.65,0.));
#14905 = DIRECTION('',(1.,0.,0.));
#14906 = DIRECTION('',(0.,0.,1.));
#14907 = ADVANCED_FACE('',(#14908),#14919,.T.);
#14908 = FACE_BOUND('',#14909,.T.);
#14909 = EDGE_LOOP('',(#14910,#14911,#14912,#14918));
#14910 = ORIENTED_EDGE('',*,*,#14521,.F.);
#14911 = ORIENTED_EDGE('',*,*,#14887,.T.);
#14912 = ORIENTED_EDGE('',*,*,#14913,.T.);
#14913 = EDGE_CURVE('',#14888,#14832,#14914,.T.);
#14914 = LINE('',#14915,#14916);
#14915 = CARTESIAN_POINT('',(1.05,-1.65,5.E-02));
#14916 = VECTOR('',#14917,1.);
#14917 = DIRECTION('',(1.,0.,0.));
#14918 = ORIENTED_EDGE('',*,*,#14831,.F.);
#14919 = PLANE('',#14920);
#14920 = AXIS2_PLACEMENT_3D('',#14921,#14922,#14923);
#14921 = CARTESIAN_POINT('',(1.05,-1.65,0.));
#14922 = DIRECTION('',(0.,1.,0.));
#14923 = DIRECTION('',(0.,0.,1.));
#14924 = ADVANCED_FACE('',(#14925),#14944,.T.);
#14925 = FACE_BOUND('',#14926,.T.);
#14926 = EDGE_LOOP('',(#14927,#14936,#14942,#14943));
#14927 = ORIENTED_EDGE('',*,*,#14928,.F.);
#14928 = EDGE_CURVE('',#14929,#14817,#14931,.T.);
#14929 = VERTEX_POINT('',#14930);
#14930 = CARTESIAN_POINT('',(1.8,-2.,2.8));
#14931 = CIRCLE('',#14932,0.2);
#14932 = AXIS2_PLACEMENT_3D('',#14933,#14934,#14935);
#14933 = CARTESIAN_POINT('',(1.8,-1.8,2.8));
#14934 = DIRECTION('',(-0.,0.,1.));
#14935 = DIRECTION('',(0.,-1.,0.));
#14936 = ORIENTED_EDGE('',*,*,#14937,.F.);
#14937 = EDGE_CURVE('',#14497,#14929,#14938,.T.);
#14938 = LINE('',#14939,#14940);
#14939 = CARTESIAN_POINT('',(1.8,-2.,0.));
#14940 = VECTOR('',#14941,1.);
#14941 = DIRECTION('',(0.,0.,1.));
#14942 = ORIENTED_EDGE('',*,*,#14504,.F.);
#14943 = ORIENTED_EDGE('',*,*,#14824,.T.);
#14944 = CYLINDRICAL_SURFACE('',#14945,0.2);
#14945 = AXIS2_PLACEMENT_3D('',#14946,#14947,#14948);
#14946 = CARTESIAN_POINT('',(1.8,-1.8,0.));
#14947 = DIRECTION('',(0.,0.,1.));
#14948 = DIRECTION('',(1.,0.,0.));
#14949 = ADVANCED_FACE('',(#14950),#14961,.F.);
#14950 = FACE_BOUND('',#14951,.F.);
#14951 = EDGE_LOOP('',(#14952,#14953,#14959,#14960));
#14952 = ORIENTED_EDGE('',*,*,#14667,.T.);
#14953 = ORIENTED_EDGE('',*,*,#14954,.T.);
#14954 = EDGE_CURVE('',#14668,#14929,#14955,.T.);
#14955 = LINE('',#14956,#14957);
#14956 = CARTESIAN_POINT('',(-1.8,-2.,2.8));
#14957 = VECTOR('',#14958,1.);
#14958 = DIRECTION('',(1.,0.,0.));
#14959 = ORIENTED_EDGE('',*,*,#14937,.F.);
#14960 = ORIENTED_EDGE('',*,*,#14496,.F.);
#14961 = PLANE('',#14962);
#14962 = AXIS2_PLACEMENT_3D('',#14963,#14964,#14965);
#14963 = CARTESIAN_POINT('',(-2.,-2.,0.));
#14964 = DIRECTION('',(0.,1.,0.));
#14965 = DIRECTION('',(0.,0.,1.));
#14966 = ADVANCED_FACE('',(#14967),#14979,.T.);
#14967 = FACE_BOUND('',#14968,.T.);
#14968 = EDGE_LOOP('',(#14969,#14976,#14977,#14978));
#14969 = ORIENTED_EDGE('',*,*,#14970,.T.);
#14970 = EDGE_CURVE('',#14708,#14757,#14971,.T.);
#14971 = CIRCLE('',#14972,0.2);
#14972 = AXIS2_PLACEMENT_3D('',#14973,#14974,#14975);
#14973 = CARTESIAN_POINT('',(1.8,1.8,2.8));
#14974 = DIRECTION('',(-1.,-1.048990684668E-15,-0.));
#14975 = DIRECTION('',(-1.048990684668E-15,1.,0.));
#14976 = ORIENTED_EDGE('',*,*,#14756,.T.);
#14977 = ORIENTED_EDGE('',*,*,#14692,.F.);
#14978 = ORIENTED_EDGE('',*,*,#14707,.F.);
#14979 = CYLINDRICAL_SURFACE('',#14980,0.2);
#14980 = AXIS2_PLACEMENT_3D('',#14981,#14982,#14983);
#14981 = CARTESIAN_POINT('',(1.8,1.8,2.8));
#14982 = DIRECTION('',(-1.,-0.,-0.));
#14983 = DIRECTION('',(0.,0.,1.));
#14984 = ADVANCED_FACE('',(#14985),#15003,.T.);
#14985 = FACE_BOUND('',#14986,.T.);
#14986 = EDGE_LOOP('',(#14987,#14994,#14995,#15002));
#14987 = ORIENTED_EDGE('',*,*,#14988,.T.);
#14988 = EDGE_CURVE('',#14717,#14817,#14989,.T.);
#14989 = CIRCLE('',#14990,0.2);
#14990 = AXIS2_PLACEMENT_3D('',#14991,#14992,#14993);
#14991 = CARTESIAN_POINT('',(1.8,-1.8,2.8));
#14992 = DIRECTION('',(-8.269460797428E-16,1.,0.));
#14993 = DIRECTION('',(1.,8.269460797428E-16,0.));
#14994 = ORIENTED_EDGE('',*,*,#14816,.T.);
#14995 = ORIENTED_EDGE('',*,*,#14996,.F.);
#14996 = EDGE_CURVE('',#14708,#14792,#14997,.T.);
#14997 = CIRCLE('',#14998,0.2);
#14998 = AXIS2_PLACEMENT_3D('',#14999,#15000,#15001);
#14999 = CARTESIAN_POINT('',(1.8,1.8,2.8));
#15000 = DIRECTION('',(-1.110223024625E-15,1.,0.));
#15001 = DIRECTION('',(1.,1.110223024625E-15,0.));
#15002 = ORIENTED_EDGE('',*,*,#14724,.F.);
#15003 = CYLINDRICAL_SURFACE('',#15004,0.2);
#15004 = AXIS2_PLACEMENT_3D('',#15005,#15006,#15007);
#15005 = CARTESIAN_POINT('',(1.8,-1.8,2.8));
#15006 = DIRECTION('',(0.,1.,0.));
#15007 = DIRECTION('',(0.,0.,1.));
#15008 = ADVANCED_FACE('',(#15009),#15021,.T.);
#15009 = FACE_BOUND('',#15010,.T.);
#15010 = EDGE_LOOP('',(#15011,#15012,#15013,#15020));
#15011 = ORIENTED_EDGE('',*,*,#14739,.T.);
#15012 = ORIENTED_EDGE('',*,*,#14954,.T.);
#15013 = ORIENTED_EDGE('',*,*,#15014,.F.);
#15014 = EDGE_CURVE('',#14717,#14929,#15015,.T.);
#15015 = CIRCLE('',#15016,0.2);
#15016 = AXIS2_PLACEMENT_3D('',#15017,#15018,#15019);
#15017 = CARTESIAN_POINT('',(1.8,-1.8,2.8));
#15018 = DIRECTION('',(1.,0.,-0.));
#15019 = DIRECTION('',(0.,0.,1.));
#15020 = ORIENTED_EDGE('',*,*,#14716,.F.);
#15021 = CYLINDRICAL_SURFACE('',#15022,0.2);
#15022 = AXIS2_PLACEMENT_3D('',#15023,#15024,#15025);
#15023 = CARTESIAN_POINT('',(-1.8,-1.8,2.8));
#15024 = DIRECTION('',(1.,0.,0.));
#15025 = DIRECTION('',(0.,0.,1.));
#15026 = ADVANCED_FACE('',(#15027),#15032,.T.);
#15027 = FACE_BOUND('',#15028,.T.);
#15028 = EDGE_LOOP('',(#15029,#15030,#15031));
#15029 = ORIENTED_EDGE('',*,*,#14801,.T.);
#15030 = ORIENTED_EDGE('',*,*,#14970,.F.);
#15031 = ORIENTED_EDGE('',*,*,#14996,.T.);
#15032 = SPHERICAL_SURFACE('',#15033,0.2);
#15033 = AXIS2_PLACEMENT_3D('',#15034,#15035,#15036);
#15034 = CARTESIAN_POINT('',(1.8,1.8,2.8));
#15035 = DIRECTION('',(-0.,-0.,-1.));
#15036 = DIRECTION('',(1.,2.22044604925E-15,0.));
#15037 = ADVANCED_FACE('',(#15038),#15044,.F.);
#15038 = FACE_BOUND('',#15039,.F.);
#15039 = EDGE_LOOP('',(#15040,#15041,#15042,#15043));
#15040 = ORIENTED_EDGE('',*,*,#14897,.F.);
#15041 = ORIENTED_EDGE('',*,*,#14913,.T.);
#15042 = ORIENTED_EDGE('',*,*,#14839,.T.);
#15043 = ORIENTED_EDGE('',*,*,#14872,.F.);
#15044 = PLANE('',#15045);
#15045 = AXIS2_PLACEMENT_3D('',#15046,#15047,#15048);
#15046 = CARTESIAN_POINT('',(1.05,-1.65,5.E-02));
#15047 = DIRECTION('',(0.,0.,1.));
#15048 = DIRECTION('',(1.,0.,0.));
#15049 = ADVANCED_FACE('',(#15050),#15055,.T.);
#15050 = FACE_BOUND('',#15051,.T.);
#15051 = EDGE_LOOP('',(#15052,#15053,#15054));
#15052 = ORIENTED_EDGE('',*,*,#14928,.T.);
#15053 = ORIENTED_EDGE('',*,*,#14988,.F.);
#15054 = ORIENTED_EDGE('',*,*,#15014,.T.);
#15055 = SPHERICAL_SURFACE('',#15056,0.2);
#15056 = AXIS2_PLACEMENT_3D('',#15057,#15058,#15059);
#15057 = CARTESIAN_POINT('',(1.8,-1.8,2.8));
#15058 = DIRECTION('',(-0.,-0.,-1.));
#15059 = DIRECTION('',(0.,-1.,0.));
#15060 = MANIFOLD_SOLID_BREP('',#15061);
#15061 = CLOSED_SHELL('',(#15062,#15102,#15142,#15164,#15186,#15198));
#15062 = ADVANCED_FACE('',(#15063),#15097,.F.);
#15063 = FACE_BOUND('',#15064,.F.);
#15064 = EDGE_LOOP('',(#15065,#15075,#15083,#15091));
#15065 = ORIENTED_EDGE('',*,*,#15066,.F.);
#15066 = EDGE_CURVE('',#15067,#15069,#15071,.T.);
#15067 = VERTEX_POINT('',#15068);
#15068 = CARTESIAN_POINT('',(-2.,-1.65,0.));
#15069 = VERTEX_POINT('',#15070);
#15070 = CARTESIAN_POINT('',(-2.,-1.65,5.E-02));
#15071 = LINE('',#15072,#15073);
#15072 = CARTESIAN_POINT('',(-2.,-1.65,0.));
#15073 = VECTOR('',#15074,1.);
#15074 = DIRECTION('',(0.,0.,1.));
#15075 = ORIENTED_EDGE('',*,*,#15076,.T.);
#15076 = EDGE_CURVE('',#15067,#15077,#15079,.T.);
#15077 = VERTEX_POINT('',#15078);
#15078 = CARTESIAN_POINT('',(-2.,1.65,0.));
#15079 = LINE('',#15080,#15081);
#15080 = CARTESIAN_POINT('',(-2.,-1.65,0.));
#15081 = VECTOR('',#15082,1.);
#15082 = DIRECTION('',(0.,1.,0.));
#15083 = ORIENTED_EDGE('',*,*,#15084,.T.);
#15084 = EDGE_CURVE('',#15077,#15085,#15087,.T.);
#15085 = VERTEX_POINT('',#15086);
#15086 = CARTESIAN_POINT('',(-2.,1.65,5.E-02));
#15087 = LINE('',#15088,#15089);
#15088 = CARTESIAN_POINT('',(-2.,1.65,0.));
#15089 = VECTOR('',#15090,1.);
#15090 = DIRECTION('',(0.,0.,1.));
#15091 = ORIENTED_EDGE('',*,*,#15092,.F.);
#15092 = EDGE_CURVE('',#15069,#15085,#15093,.T.);
#15093 = LINE('',#15094,#15095);
#15094 = CARTESIAN_POINT('',(-2.,-1.65,5.E-02));
#15095 = VECTOR('',#15096,1.);
#15096 = DIRECTION('',(0.,1.,0.));
#15097 = PLANE('',#15098);
#15098 = AXIS2_PLACEMENT_3D('',#15099,#15100,#15101);
#15099 = CARTESIAN_POINT('',(-2.,-1.65,0.));
#15100 = DIRECTION('',(1.,0.,0.));
#15101 = DIRECTION('',(0.,0.,1.));
#15102 = ADVANCED_FACE('',(#15103),#15137,.T.);
#15103 = FACE_BOUND('',#15104,.T.);
#15104 = EDGE_LOOP('',(#15105,#15115,#15123,#15131));
#15105 = ORIENTED_EDGE('',*,*,#15106,.F.);
#15106 = EDGE_CURVE('',#15107,#15109,#15111,.T.);
#15107 = VERTEX_POINT('',#15108);
#15108 = CARTESIAN_POINT('',(-1.05,-1.65,0.));
#15109 = VERTEX_POINT('',#15110);
#15110 = CARTESIAN_POINT('',(-1.05,-1.65,5.E-02));
#15111 = LINE('',#15112,#15113);
#15112 = CARTESIAN_POINT('',(-1.05,-1.65,0.));
#15113 = VECTOR('',#15114,1.);
#15114 = DIRECTION('',(0.,0.,1.));
#15115 = ORIENTED_EDGE('',*,*,#15116,.T.);
#15116 = EDGE_CURVE('',#15107,#15117,#15119,.T.);
#15117 = VERTEX_POINT('',#15118);
#15118 = CARTESIAN_POINT('',(-1.05,1.65,0.));
#15119 = LINE('',#15120,#15121);
#15120 = CARTESIAN_POINT('',(-1.05,-1.65,0.));
#15121 = VECTOR('',#15122,1.);
#15122 = DIRECTION('',(0.,1.,0.));
#15123 = ORIENTED_EDGE('',*,*,#15124,.T.);
#15124 = EDGE_CURVE('',#15117,#15125,#15127,.T.);
#15125 = VERTEX_POINT('',#15126);
#15126 = CARTESIAN_POINT('',(-1.05,1.65,5.E-02));
#15127 = LINE('',#15128,#15129);
#15128 = CARTESIAN_POINT('',(-1.05,1.65,0.));
#15129 = VECTOR('',#15130,1.);
#15130 = DIRECTION('',(0.,0.,1.));
#15131 = ORIENTED_EDGE('',*,*,#15132,.F.);
#15132 = EDGE_CURVE('',#15109,#15125,#15133,.T.);
#15133 = LINE('',#15134,#15135);
#15134 = CARTESIAN_POINT('',(-1.05,-1.65,5.E-02));
#15135 = VECTOR('',#15136,1.);
#15136 = DIRECTION('',(0.,1.,0.));
#15137 = PLANE('',#15138);
#15138 = AXIS2_PLACEMENT_3D('',#15139,#15140,#15141);
#15139 = CARTESIAN_POINT('',(-1.05,-1.65,0.));
#15140 = DIRECTION('',(1.,0.,0.));
#15141 = DIRECTION('',(0.,0.,1.));
#15142 = ADVANCED_FACE('',(#15143),#15159,.F.);
#15143 = FACE_BOUND('',#15144,.F.);
#15144 = EDGE_LOOP('',(#15145,#15151,#15152,#15158));
#15145 = ORIENTED_EDGE('',*,*,#15146,.F.);
#15146 = EDGE_CURVE('',#15067,#15107,#15147,.T.);
#15147 = LINE('',#15148,#15149);
#15148 = CARTESIAN_POINT('',(-2.,-1.65,0.));
#15149 = VECTOR('',#15150,1.);
#15150 = DIRECTION('',(1.,0.,0.));
#15151 = ORIENTED_EDGE('',*,*,#15066,.T.);
#15152 = ORIENTED_EDGE('',*,*,#15153,.T.);
#15153 = EDGE_CURVE('',#15069,#15109,#15154,.T.);
#15154 = LINE('',#15155,#15156);
#15155 = CARTESIAN_POINT('',(-2.,-1.65,5.E-02));
#15156 = VECTOR('',#15157,1.);
#15157 = DIRECTION('',(1.,0.,0.));
#15158 = ORIENTED_EDGE('',*,*,#15106,.F.);
#15159 = PLANE('',#15160);
#15160 = AXIS2_PLACEMENT_3D('',#15161,#15162,#15163);
#15161 = CARTESIAN_POINT('',(-2.,-1.65,0.));
#15162 = DIRECTION('',(0.,1.,0.));
#15163 = DIRECTION('',(0.,0.,1.));
#15164 = ADVANCED_FACE('',(#15165),#15181,.T.);
#15165 = FACE_BOUND('',#15166,.T.);
#15166 = EDGE_LOOP('',(#15167,#15173,#15174,#15180));
#15167 = ORIENTED_EDGE('',*,*,#15168,.F.);
#15168 = EDGE_CURVE('',#15077,#15117,#15169,.T.);
#15169 = LINE('',#15170,#15171);
#15170 = CARTESIAN_POINT('',(-2.,1.65,0.));
#15171 = VECTOR('',#15172,1.);
#15172 = DIRECTION('',(1.,0.,0.));
#15173 = ORIENTED_EDGE('',*,*,#15084,.T.);
#15174 = ORIENTED_EDGE('',*,*,#15175,.T.);
#15175 = EDGE_CURVE('',#15085,#15125,#15176,.T.);
#15176 = LINE('',#15177,#15178);
#15177 = CARTESIAN_POINT('',(-2.,1.65,5.E-02));
#15178 = VECTOR('',#15179,1.);
#15179 = DIRECTION('',(1.,0.,0.));
#15180 = ORIENTED_EDGE('',*,*,#15124,.F.);
#15181 = PLANE('',#15182);
#15182 = AXIS2_PLACEMENT_3D('',#15183,#15184,#15185);
#15183 = CARTESIAN_POINT('',(-2.,1.65,0.));
#15184 = DIRECTION('',(0.,1.,0.));
#15185 = DIRECTION('',(0.,0.,1.));
#15186 = ADVANCED_FACE('',(#15187),#15193,.F.);
#15187 = FACE_BOUND('',#15188,.F.);
#15188 = EDGE_LOOP('',(#15189,#15190,#15191,#15192));
#15189 = ORIENTED_EDGE('',*,*,#15076,.F.);
#15190 = ORIENTED_EDGE('',*,*,#15146,.T.);
#15191 = ORIENTED_EDGE('',*,*,#15116,.T.);
#15192 = ORIENTED_EDGE('',*,*,#15168,.F.);
#15193 = PLANE('',#15194);
#15194 = AXIS2_PLACEMENT_3D('',#15195,#15196,#15197);
#15195 = CARTESIAN_POINT('',(-2.,-1.65,0.));
#15196 = DIRECTION('',(0.,0.,1.));
#15197 = DIRECTION('',(1.,0.,0.));
#15198 = ADVANCED_FACE('',(#15199),#15205,.T.);
#15199 = FACE_BOUND('',#15200,.T.);
#15200 = EDGE_LOOP('',(#15201,#15202,#15203,#15204));
#15201 = ORIENTED_EDGE('',*,*,#15092,.F.);
#15202 = ORIENTED_EDGE('',*,*,#15153,.T.);
#15203 = ORIENTED_EDGE('',*,*,#15132,.T.);
#15204 = ORIENTED_EDGE('',*,*,#15175,.F.);
#15205 = PLANE('',#15206);
#15206 = AXIS2_PLACEMENT_3D('',#15207,#15208,#15209);
#15207 = CARTESIAN_POINT('',(-2.,-1.65,5.E-02));
#15208 = DIRECTION('',(0.,0.,1.));
#15209 = DIRECTION('',(1.,0.,0.));
#15210 = MANIFOLD_SOLID_BREP('',#15211);
#15211 = CLOSED_SHELL('',(#15212,#15252,#15292,#15314,#15336,#15348));
#15212 = ADVANCED_FACE('',(#15213),#15247,.F.);
#15213 = FACE_BOUND('',#15214,.F.);
#15214 = EDGE_LOOP('',(#15215,#15225,#15233,#15241));
#15215 = ORIENTED_EDGE('',*,*,#15216,.F.);
#15216 = EDGE_CURVE('',#15217,#15219,#15221,.T.);
#15217 = VERTEX_POINT('',#15218);
#15218 = CARTESIAN_POINT('',(1.05,-1.65,0.));
#15219 = VERTEX_POINT('',#15220);
#15220 = CARTESIAN_POINT('',(1.05,-1.65,5.E-02));
#15221 = LINE('',#15222,#15223);
#15222 = CARTESIAN_POINT('',(1.05,-1.65,0.));
#15223 = VECTOR('',#15224,1.);
#15224 = DIRECTION('',(0.,0.,1.));
#15225 = ORIENTED_EDGE('',*,*,#15226,.T.);
#15226 = EDGE_CURVE('',#15217,#15227,#15229,.T.);
#15227 = VERTEX_POINT('',#15228);
#15228 = CARTESIAN_POINT('',(1.05,1.65,0.));
#15229 = LINE('',#15230,#15231);
#15230 = CARTESIAN_POINT('',(1.05,-1.65,0.));
#15231 = VECTOR('',#15232,1.);
#15232 = DIRECTION('',(0.,1.,0.));
#15233 = ORIENTED_EDGE('',*,*,#15234,.T.);
#15234 = EDGE_CURVE('',#15227,#15235,#15237,.T.);
#15235 = VERTEX_POINT('',#15236);
#15236 = CARTESIAN_POINT('',(1.05,1.65,5.E-02));
#15237 = LINE('',#15238,#15239);
#15238 = CARTESIAN_POINT('',(1.05,1.65,0.));
#15239 = VECTOR('',#15240,1.);
#15240 = DIRECTION('',(0.,0.,1.));
#15241 = ORIENTED_EDGE('',*,*,#15242,.F.);
#15242 = EDGE_CURVE('',#15219,#15235,#15243,.T.);
#15243 = LINE('',#15244,#15245);
#15244 = CARTESIAN_POINT('',(1.05,-1.65,5.E-02));
#15245 = VECTOR('',#15246,1.);
#15246 = DIRECTION('',(0.,1.,0.));
#15247 = PLANE('',#15248);
#15248 = AXIS2_PLACEMENT_3D('',#15249,#15250,#15251);
#15249 = CARTESIAN_POINT('',(1.05,-1.65,0.));
#15250 = DIRECTION('',(1.,0.,0.));
#15251 = DIRECTION('',(0.,0.,1.));
#15252 = ADVANCED_FACE('',(#15253),#15287,.T.);
#15253 = FACE_BOUND('',#15254,.T.);
#15254 = EDGE_LOOP('',(#15255,#15265,#15273,#15281));
#15255 = ORIENTED_EDGE('',*,*,#15256,.F.);
#15256 = EDGE_CURVE('',#15257,#15259,#15261,.T.);
#15257 = VERTEX_POINT('',#15258);
#15258 = CARTESIAN_POINT('',(2.,-1.65,0.));
#15259 = VERTEX_POINT('',#15260);
#15260 = CARTESIAN_POINT('',(2.,-1.65,5.E-02));
#15261 = LINE('',#15262,#15263);
#15262 = CARTESIAN_POINT('',(2.,-1.65,0.));
#15263 = VECTOR('',#15264,1.);
#15264 = DIRECTION('',(0.,0.,1.));
#15265 = ORIENTED_EDGE('',*,*,#15266,.T.);
#15266 = EDGE_CURVE('',#15257,#15267,#15269,.T.);
#15267 = VERTEX_POINT('',#15268);
#15268 = CARTESIAN_POINT('',(2.,1.65,0.));
#15269 = LINE('',#15270,#15271);
#15270 = CARTESIAN_POINT('',(2.,-1.65,0.));
#15271 = VECTOR('',#15272,1.);
#15272 = DIRECTION('',(0.,1.,0.));
#15273 = ORIENTED_EDGE('',*,*,#15274,.T.);
#15274 = EDGE_CURVE('',#15267,#15275,#15277,.T.);
#15275 = VERTEX_POINT('',#15276);
#15276 = CARTESIAN_POINT('',(2.,1.65,5.E-02));
#15277 = LINE('',#15278,#15279);
#15278 = CARTESIAN_POINT('',(2.,1.65,0.));
#15279 = VECTOR('',#15280,1.);
#15280 = DIRECTION('',(0.,0.,1.));
#15281 = ORIENTED_EDGE('',*,*,#15282,.F.);
#15282 = EDGE_CURVE('',#15259,#15275,#15283,.T.);
#15283 = LINE('',#15284,#15285);
#15284 = CARTESIAN_POINT('',(2.,-1.65,5.E-02));
#15285 = VECTOR('',#15286,1.);
#15286 = DIRECTION('',(0.,1.,0.));
#15287 = PLANE('',#15288);
#15288 = AXIS2_PLACEMENT_3D('',#15289,#15290,#15291);
#15289 = CARTESIAN_POINT('',(2.,-1.65,0.));
#15290 = DIRECTION('',(1.,0.,0.));
#15291 = DIRECTION('',(0.,0.,1.));
#15292 = ADVANCED_FACE('',(#15293),#15309,.F.);
#15293 = FACE_BOUND('',#15294,.F.);
#15294 = EDGE_LOOP('',(#15295,#15301,#15302,#15308));
#15295 = ORIENTED_EDGE('',*,*,#15296,.F.);
#15296 = EDGE_CURVE('',#15217,#15257,#15297,.T.);
#15297 = LINE('',#15298,#15299);
#15298 = CARTESIAN_POINT('',(1.05,-1.65,0.));
#15299 = VECTOR('',#15300,1.);
#15300 = DIRECTION('',(1.,0.,0.));
#15301 = ORIENTED_EDGE('',*,*,#15216,.T.);
#15302 = ORIENTED_EDGE('',*,*,#15303,.T.);
#15303 = EDGE_CURVE('',#15219,#15259,#15304,.T.);
#15304 = LINE('',#15305,#15306);
#15305 = CARTESIAN_POINT('',(1.05,-1.65,5.E-02));
#15306 = VECTOR('',#15307,1.);
#15307 = DIRECTION('',(1.,0.,0.));
#15308 = ORIENTED_EDGE('',*,*,#15256,.F.);
#15309 = PLANE('',#15310);
#15310 = AXIS2_PLACEMENT_3D('',#15311,#15312,#15313);
#15311 = CARTESIAN_POINT('',(1.05,-1.65,0.));
#15312 = DIRECTION('',(0.,1.,0.));
#15313 = DIRECTION('',(0.,0.,1.));
#15314 = ADVANCED_FACE('',(#15315),#15331,.T.);
#15315 = FACE_BOUND('',#15316,.T.);
#15316 = EDGE_LOOP('',(#15317,#15323,#15324,#15330));
#15317 = ORIENTED_EDGE('',*,*,#15318,.F.);
#15318 = EDGE_CURVE('',#15227,#15267,#15319,.T.);
#15319 = LINE('',#15320,#15321);
#15320 = CARTESIAN_POINT('',(1.05,1.65,0.));
#15321 = VECTOR('',#15322,1.);
#15322 = DIRECTION('',(1.,0.,0.));
#15323 = ORIENTED_EDGE('',*,*,#15234,.T.);
#15324 = ORIENTED_EDGE('',*,*,#15325,.T.);
#15325 = EDGE_CURVE('',#15235,#15275,#15326,.T.);
#15326 = LINE('',#15327,#15328);
#15327 = CARTESIAN_POINT('',(1.05,1.65,5.E-02));
#15328 = VECTOR('',#15329,1.);
#15329 = DIRECTION('',(1.,0.,0.));
#15330 = ORIENTED_EDGE('',*,*,#15274,.F.);
#15331 = PLANE('',#15332);
#15332 = AXIS2_PLACEMENT_3D('',#15333,#15334,#15335);
#15333 = CARTESIAN_POINT('',(1.05,1.65,0.));
#15334 = DIRECTION('',(0.,1.,0.));
#15335 = DIRECTION('',(0.,0.,1.));
#15336 = ADVANCED_FACE('',(#15337),#15343,.F.);
#15337 = FACE_BOUND('',#15338,.F.);
#15338 = EDGE_LOOP('',(#15339,#15340,#15341,#15342));
#15339 = ORIENTED_EDGE('',*,*,#15226,.F.);
#15340 = ORIENTED_EDGE('',*,*,#15296,.T.);
#15341 = ORIENTED_EDGE('',*,*,#15266,.T.);
#15342 = ORIENTED_EDGE('',*,*,#15318,.F.);
#15343 = PLANE('',#15344);
#15344 = AXIS2_PLACEMENT_3D('',#15345,#15346,#15347);
#15345 = CARTESIAN_POINT('',(1.05,-1.65,0.));
#15346 = DIRECTION('',(0.,0.,1.));
#15347 = DIRECTION('',(1.,0.,0.));
#15348 = ADVANCED_FACE('',(#15349),#15355,.T.);
#15349 = FACE_BOUND('',#15350,.T.);
#15350 = EDGE_LOOP('',(#15351,#15352,#15353,#15354));
#15351 = ORIENTED_EDGE('',*,*,#15242,.F.);
#15352 = ORIENTED_EDGE('',*,*,#15303,.T.);
#15353 = ORIENTED_EDGE('',*,*,#15282,.T.);
#15354 = ORIENTED_EDGE('',*,*,#15325,.F.);
#15355 = PLANE('',#15356);
#15356 = AXIS2_PLACEMENT_3D('',#15357,#15358,#15359);
#15357 = CARTESIAN_POINT('',(1.05,-1.65,5.E-02));
#15358 = DIRECTION('',(0.,0.,1.));
#15359 = DIRECTION('',(1.,0.,0.));
#15360 = ( GEOMETRIC_REPRESENTATION_CONTEXT(3) 
GLOBAL_UNCERTAINTY_ASSIGNED_CONTEXT((#15364)) 
GLOBAL_UNIT_ASSIGNED_CONTEXT((#15361,#15362,#15363)) 
REPRESENTATION_CONTEXT('Context #1',
  '3D Context with UNIT and UNCERTAINTY') );
#15361 = ( LENGTH_UNIT() NAMED_UNIT(*) SI_UNIT(.MILLI.,.METRE.) );
#15362 = ( NAMED_UNIT(*) PLANE_ANGLE_UNIT() SI_UNIT($,.RADIAN.) );
#15363 = ( NAMED_UNIT(*) SI_UNIT($,.STERADIAN.) SOLID_ANGLE_UNIT() );
#15364 = UNCERTAINTY_MEASURE_WITH_UNIT(LENGTH_MEASURE(1.E-07),#15361,
  'distance_accuracy_value','confusion accuracy');
#15365 = CONTEXT_DEPENDENT_SHAPE_REPRESENTATION(#15366,#15368);
#15366 = ( REPRESENTATION_RELATIONSHIP('','',#14341,#14318) 
REPRESENTATION_RELATIONSHIP_WITH_TRANSFORMATION(#15367) 
SHAPE_REPRESENTATION_RELATIONSHIP() );
#15367 = ITEM_DEFINED_TRANSFORMATION('','',#11,#14319);
#15368 = PRODUCT_DEFINITION_SHAPE('Placement','Placement of an item',
  #15369);
#15369 = NEXT_ASSEMBLY_USAGE_OCCURRENCE('21','','',#14313,#14336,$);
#15370 = PRODUCT_RELATED_PRODUCT_CATEGORY('part',$,(#14338));
#15371 = SHAPE_DEFINITION_REPRESENTATION(#15372,#15378);
#15372 = PRODUCT_DEFINITION_SHAPE('','',#15373);
#15373 = PRODUCT_DEFINITION('design','',#15374,#15377);
#15374 = PRODUCT_DEFINITION_FORMATION('','',#15375);
#15375 = PRODUCT('EMI_SS_Supply_Electgpl_PCB',
  'EMI_SS_Supply_Electgpl_PCB','',(#15376));
#15376 = PRODUCT_CONTEXT('',#2,'mechanical');
#15377 = PRODUCT_DEFINITION_CONTEXT('part definition',#2,'design');
#15378 = ADVANCED_BREP_SHAPE_REPRESENTATION('',(#11,#15379),#15685);
#15379 = MANIFOLD_SOLID_BREP('',#15380);
#15380 = CLOSED_SHELL('',(#15381,#15421,#15452,#15483,#15544,#15605,
    #15617,#15634,#15651,#15668));
#15381 = ADVANCED_FACE('',(#15382),#15416,.T.);
#15382 = FACE_BOUND('',#15383,.T.);
#15383 = EDGE_LOOP('',(#15384,#15394,#15402,#15410));
#15384 = ORIENTED_EDGE('',*,*,#15385,.T.);
#15385 = EDGE_CURVE('',#15386,#15388,#15390,.T.);
#15386 = VERTEX_POINT('',#15387);
#15387 = CARTESIAN_POINT('',(43.5,-0.,0.));
#15388 = VERTEX_POINT('',#15389);
#15389 = CARTESIAN_POINT('',(43.5,0.,1.51));
#15390 = LINE('',#15391,#15392);
#15391 = CARTESIAN_POINT('',(43.5,-0.,0.));
#15392 = VECTOR('',#15393,1.);
#15393 = DIRECTION('',(0.,0.,1.));
#15394 = ORIENTED_EDGE('',*,*,#15395,.T.);
#15395 = EDGE_CURVE('',#15388,#15396,#15398,.T.);
#15396 = VERTEX_POINT('',#15397);
#15397 = CARTESIAN_POINT('',(0.,0.,1.51));
#15398 = LINE('',#15399,#15400);
#15399 = CARTESIAN_POINT('',(43.5,0.,1.51));
#15400 = VECTOR('',#15401,1.);
#15401 = DIRECTION('',(-1.,0.,0.));
#15402 = ORIENTED_EDGE('',*,*,#15403,.F.);
#15403 = EDGE_CURVE('',#15404,#15396,#15406,.T.);
#15404 = VERTEX_POINT('',#15405);
#15405 = CARTESIAN_POINT('',(0.,-0.,0.));
#15406 = LINE('',#15407,#15408);
#15407 = CARTESIAN_POINT('',(0.,-0.,0.));
#15408 = VECTOR('',#15409,1.);
#15409 = DIRECTION('',(0.,0.,1.));
#15410 = ORIENTED_EDGE('',*,*,#15411,.F.);
#15411 = EDGE_CURVE('',#15386,#15404,#15412,.T.);
#15412 = LINE('',#15413,#15414);
#15413 = CARTESIAN_POINT('',(43.5,-0.,0.));
#15414 = VECTOR('',#15415,1.);
#15415 = DIRECTION('',(-1.,0.,0.));
#15416 = PLANE('',#15417);
#15417 = AXIS2_PLACEMENT_3D('',#15418,#15419,#15420);
#15418 = CARTESIAN_POINT('',(43.5,0.,0.));
#15419 = DIRECTION('',(0.,-1.,0.));
#15420 = DIRECTION('',(-1.,0.,0.));
#15421 = ADVANCED_FACE('',(#15422),#15447,.T.);
#15422 = FACE_BOUND('',#15423,.T.);
#15423 = EDGE_LOOP('',(#15424,#15434,#15440,#15441));
#15424 = ORIENTED_EDGE('',*,*,#15425,.T.);
#15425 = EDGE_CURVE('',#15426,#15428,#15430,.T.);
#15426 = VERTEX_POINT('',#15427);
#15427 = CARTESIAN_POINT('',(43.5,21.3,0.));
#15428 = VERTEX_POINT('',#15429);
#15429 = CARTESIAN_POINT('',(43.5,21.3,1.51));
#15430 = LINE('',#15431,#15432);
#15431 = CARTESIAN_POINT('',(43.5,21.3,0.));
#15432 = VECTOR('',#15433,1.);
#15433 = DIRECTION('',(0.,0.,1.));
#15434 = ORIENTED_EDGE('',*,*,#15435,.T.);
#15435 = EDGE_CURVE('',#15428,#15388,#15436,.T.);
#15436 = LINE('',#15437,#15438);
#15437 = CARTESIAN_POINT('',(43.5,21.3,1.51));
#15438 = VECTOR('',#15439,1.);
#15439 = DIRECTION('',(0.,-1.,0.));
#15440 = ORIENTED_EDGE('',*,*,#15385,.F.);
#15441 = ORIENTED_EDGE('',*,*,#15442,.F.);
#15442 = EDGE_CURVE('',#15426,#15386,#15443,.T.);
#15443 = LINE('',#15444,#15445);
#15444 = CARTESIAN_POINT('',(43.5,21.3,0.));
#15445 = VECTOR('',#15446,1.);
#15446 = DIRECTION('',(0.,-1.,0.));
#15447 = PLANE('',#15448);
#15448 = AXIS2_PLACEMENT_3D('',#15449,#15450,#15451);
#15449 = CARTESIAN_POINT('',(43.5,21.3,0.));
#15450 = DIRECTION('',(1.,0.,-0.));
#15451 = DIRECTION('',(0.,-1.,0.));
#15452 = ADVANCED_FACE('',(#15453),#15478,.T.);
#15453 = FACE_BOUND('',#15454,.T.);
#15454 = EDGE_LOOP('',(#15455,#15456,#15464,#15472));
#15455 = ORIENTED_EDGE('',*,*,#15403,.T.);
#15456 = ORIENTED_EDGE('',*,*,#15457,.T.);
#15457 = EDGE_CURVE('',#15396,#15458,#15460,.T.);
#15458 = VERTEX_POINT('',#15459);
#15459 = CARTESIAN_POINT('',(0.,21.3,1.51));
#15460 = LINE('',#15461,#15462);
#15461 = CARTESIAN_POINT('',(0.,0.,1.51));
#15462 = VECTOR('',#15463,1.);
#15463 = DIRECTION('',(0.,1.,0.));
#15464 = ORIENTED_EDGE('',*,*,#15465,.F.);
#15465 = EDGE_CURVE('',#15466,#15458,#15468,.T.);
#15466 = VERTEX_POINT('',#15467);
#15467 = CARTESIAN_POINT('',(0.,21.3,0.));
#15468 = LINE('',#15469,#15470);
#15469 = CARTESIAN_POINT('',(0.,21.3,0.));
#15470 = VECTOR('',#15471,1.);
#15471 = DIRECTION('',(0.,0.,1.));
#15472 = ORIENTED_EDGE('',*,*,#15473,.F.);
#15473 = EDGE_CURVE('',#15404,#15466,#15474,.T.);
#15474 = LINE('',#15475,#15476);
#15475 = CARTESIAN_POINT('',(0.,-0.,0.));
#15476 = VECTOR('',#15477,1.);
#15477 = DIRECTION('',(0.,1.,0.));
#15478 = PLANE('',#15479);
#15479 = AXIS2_PLACEMENT_3D('',#15480,#15481,#15482);
#15480 = CARTESIAN_POINT('',(0.,0.,0.));
#15481 = DIRECTION('',(-1.,0.,0.));
#15482 = DIRECTION('',(0.,1.,0.));
#15483 = ADVANCED_FACE('',(#15484,#15495,#15506,#15517,#15528),#15539,
  .F.);
#15484 = FACE_BOUND('',#15485,.F.);
#15485 = EDGE_LOOP('',(#15486,#15487,#15488,#15494));
#15486 = ORIENTED_EDGE('',*,*,#15411,.F.);
#15487 = ORIENTED_EDGE('',*,*,#15442,.F.);
#15488 = ORIENTED_EDGE('',*,*,#15489,.F.);
#15489 = EDGE_CURVE('',#15466,#15426,#15490,.T.);
#15490 = LINE('',#15491,#15492);
#15491 = CARTESIAN_POINT('',(0.,21.3,0.));
#15492 = VECTOR('',#15493,1.);
#15493 = DIRECTION('',(1.,0.,0.));
#15494 = ORIENTED_EDGE('',*,*,#15473,.F.);
#15495 = FACE_BOUND('',#15496,.F.);
#15496 = EDGE_LOOP('',(#15497));
#15497 = ORIENTED_EDGE('',*,*,#15498,.T.);
#15498 = EDGE_CURVE('',#15499,#15499,#15501,.T.);
#15499 = VERTEX_POINT('',#15500);
#15500 = CARTESIAN_POINT('',(1.7,1.2,0.));
#15501 = CIRCLE('',#15502,0.5);
#15502 = AXIS2_PLACEMENT_3D('',#15503,#15504,#15505);
#15503 = CARTESIAN_POINT('',(1.7,1.7,0.));
#15504 = DIRECTION('',(-0.,0.,-1.));
#15505 = DIRECTION('',(-4.440892098501E-16,-1.,0.));
#15506 = FACE_BOUND('',#15507,.F.);
#15507 = EDGE_LOOP('',(#15508));
#15508 = ORIENTED_EDGE('',*,*,#15509,.T.);
#15509 = EDGE_CURVE('',#15510,#15510,#15512,.T.);
#15510 = VERTEX_POINT('',#15511);
#15511 = CARTESIAN_POINT('',(41.8,1.2,0.));
#15512 = CIRCLE('',#15513,0.5);
#15513 = AXIS2_PLACEMENT_3D('',#15514,#15515,#15516);
#15514 = CARTESIAN_POINT('',(41.8,1.7,0.));
#15515 = DIRECTION('',(-0.,0.,-1.));
#15516 = DIRECTION('',(-0.,-1.,0.));
#15517 = FACE_BOUND('',#15518,.F.);
#15518 = EDGE_LOOP('',(#15519));
#15519 = ORIENTED_EDGE('',*,*,#15520,.T.);
#15520 = EDGE_CURVE('',#15521,#15521,#15523,.T.);
#15521 = VERTEX_POINT('',#15522);
#15522 = CARTESIAN_POINT('',(1.7,19.1,0.));
#15523 = CIRCLE('',#15524,0.5);
#15524 = AXIS2_PLACEMENT_3D('',#15525,#15526,#15527);
#15525 = CARTESIAN_POINT('',(1.7,19.6,0.));
#15526 = DIRECTION('',(-0.,0.,-1.));
#15527 = DIRECTION('',(-4.440892098501E-16,-1.,0.));
#15528 = FACE_BOUND('',#15529,.F.);
#15529 = EDGE_LOOP('',(#15530));
#15530 = ORIENTED_EDGE('',*,*,#15531,.T.);
#15531 = EDGE_CURVE('',#15532,#15532,#15534,.T.);
#15532 = VERTEX_POINT('',#15533);
#15533 = CARTESIAN_POINT('',(41.8,19.1,0.));
#15534 = CIRCLE('',#15535,0.5);
#15535 = AXIS2_PLACEMENT_3D('',#15536,#15537,#15538);
#15536 = CARTESIAN_POINT('',(41.8,19.6,0.));
#15537 = DIRECTION('',(-0.,0.,-1.));
#15538 = DIRECTION('',(-0.,-1.,0.));
#15539 = PLANE('',#15540);
#15540 = AXIS2_PLACEMENT_3D('',#15541,#15542,#15543);
#15541 = CARTESIAN_POINT('',(0.,0.,0.));
#15542 = DIRECTION('',(0.,0.,1.));
#15543 = DIRECTION('',(1.,0.,-0.));
#15544 = ADVANCED_FACE('',(#15545,#15556,#15567,#15578,#15589),#15600,
  .T.);
#15545 = FACE_BOUND('',#15546,.T.);
#15546 = EDGE_LOOP('',(#15547,#15548,#15549,#15555));
#15547 = ORIENTED_EDGE('',*,*,#15395,.F.);
#15548 = ORIENTED_EDGE('',*,*,#15435,.F.);
#15549 = ORIENTED_EDGE('',*,*,#15550,.F.);
#15550 = EDGE_CURVE('',#15458,#15428,#15551,.T.);
#15551 = LINE('',#15552,#15553);
#15552 = CARTESIAN_POINT('',(0.,21.3,1.51));
#15553 = VECTOR('',#15554,1.);
#15554 = DIRECTION('',(1.,0.,0.));
#15555 = ORIENTED_EDGE('',*,*,#15457,.F.);
#15556 = FACE_BOUND('',#15557,.T.);
#15557 = EDGE_LOOP('',(#15558));
#15558 = ORIENTED_EDGE('',*,*,#15559,.T.);
#15559 = EDGE_CURVE('',#15560,#15560,#15562,.T.);
#15560 = VERTEX_POINT('',#15561);
#15561 = CARTESIAN_POINT('',(1.7,1.2,1.51));
#15562 = CIRCLE('',#15563,0.5);
#15563 = AXIS2_PLACEMENT_3D('',#15564,#15565,#15566);
#15564 = CARTESIAN_POINT('',(1.7,1.7,1.51));
#15565 = DIRECTION('',(-0.,0.,-1.));
#15566 = DIRECTION('',(-4.440892098501E-16,-1.,0.));
#15567 = FACE_BOUND('',#15568,.T.);
#15568 = EDGE_LOOP('',(#15569));
#15569 = ORIENTED_EDGE('',*,*,#15570,.T.);
#15570 = EDGE_CURVE('',#15571,#15571,#15573,.T.);
#15571 = VERTEX_POINT('',#15572);
#15572 = CARTESIAN_POINT('',(41.8,1.2,1.51));
#15573 = CIRCLE('',#15574,0.5);
#15574 = AXIS2_PLACEMENT_3D('',#15575,#15576,#15577);
#15575 = CARTESIAN_POINT('',(41.8,1.7,1.51));
#15576 = DIRECTION('',(-0.,0.,-1.));
#15577 = DIRECTION('',(-0.,-1.,0.));
#15578 = FACE_BOUND('',#15579,.T.);
#15579 = EDGE_LOOP('',(#15580));
#15580 = ORIENTED_EDGE('',*,*,#15581,.T.);
#15581 = EDGE_CURVE('',#15582,#15582,#15584,.T.);
#15582 = VERTEX_POINT('',#15583);
#15583 = CARTESIAN_POINT('',(1.7,19.1,1.51));
#15584 = CIRCLE('',#15585,0.5);
#15585 = AXIS2_PLACEMENT_3D('',#15586,#15587,#15588);
#15586 = CARTESIAN_POINT('',(1.7,19.6,1.51));
#15587 = DIRECTION('',(-0.,0.,-1.));
#15588 = DIRECTION('',(-4.440892098501E-16,-1.,0.));
#15589 = FACE_BOUND('',#15590,.T.);
#15590 = EDGE_LOOP('',(#15591));
#15591 = ORIENTED_EDGE('',*,*,#15592,.T.);
#15592 = EDGE_CURVE('',#15593,#15593,#15595,.T.);
#15593 = VERTEX_POINT('',#15594);
#15594 = CARTESIAN_POINT('',(41.8,19.1,1.51));
#15595 = CIRCLE('',#15596,0.5);
#15596 = AXIS2_PLACEMENT_3D('',#15597,#15598,#15599);
#15597 = CARTESIAN_POINT('',(41.8,19.6,1.51));
#15598 = DIRECTION('',(-0.,0.,-1.));
#15599 = DIRECTION('',(-0.,-1.,0.));
#15600 = PLANE('',#15601);
#15601 = AXIS2_PLACEMENT_3D('',#15602,#15603,#15604);
#15602 = CARTESIAN_POINT('',(0.,0.,1.51));
#15603 = DIRECTION('',(0.,0.,1.));
#15604 = DIRECTION('',(1.,0.,-0.));
#15605 = ADVANCED_FACE('',(#15606),#15612,.T.);
#15606 = FACE_BOUND('',#15607,.T.);
#15607 = EDGE_LOOP('',(#15608,#15609,#15610,#15611));
#15608 = ORIENTED_EDGE('',*,*,#15465,.T.);
#15609 = ORIENTED_EDGE('',*,*,#15550,.T.);
#15610 = ORIENTED_EDGE('',*,*,#15425,.F.);
#15611 = ORIENTED_EDGE('',*,*,#15489,.F.);
#15612 = PLANE('',#15613);
#15613 = AXIS2_PLACEMENT_3D('',#15614,#15615,#15616);
#15614 = CARTESIAN_POINT('',(0.,21.3,0.));
#15615 = DIRECTION('',(0.,1.,0.));
#15616 = DIRECTION('',(1.,0.,0.));
#15617 = ADVANCED_FACE('',(#15618),#15629,.F.);
#15618 = FACE_BOUND('',#15619,.T.);
#15619 = EDGE_LOOP('',(#15620,#15621,#15627,#15628));
#15620 = ORIENTED_EDGE('',*,*,#15498,.T.);
#15621 = ORIENTED_EDGE('',*,*,#15622,.T.);
#15622 = EDGE_CURVE('',#15499,#15560,#15623,.T.);
#15623 = LINE('',#15624,#15625);
#15624 = CARTESIAN_POINT('',(1.7,1.2,-4.6E-02));
#15625 = VECTOR('',#15626,1.);
#15626 = DIRECTION('',(0.,0.,1.));
#15627 = ORIENTED_EDGE('',*,*,#15559,.F.);
#15628 = ORIENTED_EDGE('',*,*,#15622,.F.);
#15629 = CYLINDRICAL_SURFACE('',#15630,0.5);
#15630 = AXIS2_PLACEMENT_3D('',#15631,#15632,#15633);
#15631 = CARTESIAN_POINT('',(1.7,1.7,-4.6E-02));
#15632 = DIRECTION('',(-0.,-0.,-1.));
#15633 = DIRECTION('',(-4.440892098501E-16,-1.,0.));
#15634 = ADVANCED_FACE('',(#15635),#15646,.F.);
#15635 = FACE_BOUND('',#15636,.T.);
#15636 = EDGE_LOOP('',(#15637,#15638,#15644,#15645));
#15637 = ORIENTED_EDGE('',*,*,#15509,.T.);
#15638 = ORIENTED_EDGE('',*,*,#15639,.T.);
#15639 = EDGE_CURVE('',#15510,#15571,#15640,.T.);
#15640 = LINE('',#15641,#15642);
#15641 = CARTESIAN_POINT('',(41.8,1.2,-4.6E-02));
#15642 = VECTOR('',#15643,1.);
#15643 = DIRECTION('',(0.,0.,1.));
#15644 = ORIENTED_EDGE('',*,*,#15570,.F.);
#15645 = ORIENTED_EDGE('',*,*,#15639,.F.);
#15646 = CYLINDRICAL_SURFACE('',#15647,0.5);
#15647 = AXIS2_PLACEMENT_3D('',#15648,#15649,#15650);
#15648 = CARTESIAN_POINT('',(41.8,1.7,-4.6E-02));
#15649 = DIRECTION('',(-0.,-0.,-1.));
#15650 = DIRECTION('',(-0.,-1.,0.));
#15651 = ADVANCED_FACE('',(#15652),#15663,.F.);
#15652 = FACE_BOUND('',#15653,.T.);
#15653 = EDGE_LOOP('',(#15654,#15655,#15661,#15662));
#15654 = ORIENTED_EDGE('',*,*,#15520,.T.);
#15655 = ORIENTED_EDGE('',*,*,#15656,.T.);
#15656 = EDGE_CURVE('',#15521,#15582,#15657,.T.);
#15657 = LINE('',#15658,#15659);
#15658 = CARTESIAN_POINT('',(1.7,19.1,-4.6E-02));
#15659 = VECTOR('',#15660,1.);
#15660 = DIRECTION('',(0.,0.,1.));
#15661 = ORIENTED_EDGE('',*,*,#15581,.F.);
#15662 = ORIENTED_EDGE('',*,*,#15656,.F.);
#15663 = CYLINDRICAL_SURFACE('',#15664,0.5);
#15664 = AXIS2_PLACEMENT_3D('',#15665,#15666,#15667);
#15665 = CARTESIAN_POINT('',(1.7,19.6,-4.6E-02));
#15666 = DIRECTION('',(-0.,-0.,-1.));
#15667 = DIRECTION('',(-4.440892098501E-16,-1.,0.));
#15668 = ADVANCED_FACE('',(#15669),#15680,.F.);
#15669 = FACE_BOUND('',#15670,.T.);
#15670 = EDGE_LOOP('',(#15671,#15672,#15678,#15679));
#15671 = ORIENTED_EDGE('',*,*,#15531,.T.);
#15672 = ORIENTED_EDGE('',*,*,#15673,.T.);
#15673 = EDGE_CURVE('',#15532,#15593,#15674,.T.);
#15674 = LINE('',#15675,#15676);
#15675 = CARTESIAN_POINT('',(41.8,19.1,-4.6E-02));
#15676 = VECTOR('',#15677,1.);
#15677 = DIRECTION('',(0.,0.,1.));
#15678 = ORIENTED_EDGE('',*,*,#15592,.F.);
#15679 = ORIENTED_EDGE('',*,*,#15673,.F.);
#15680 = CYLINDRICAL_SURFACE('',#15681,0.5);
#15681 = AXIS2_PLACEMENT_3D('',#15682,#15683,#15684);
#15682 = CARTESIAN_POINT('',(41.8,19.6,-4.6E-02));
#15683 = DIRECTION('',(-0.,-0.,-1.));
#15684 = DIRECTION('',(-0.,-1.,0.));
#15685 = ( GEOMETRIC_REPRESENTATION_CONTEXT(3) 
GLOBAL_UNCERTAINTY_ASSIGNED_CONTEXT((#15689)) 
GLOBAL_UNIT_ASSIGNED_CONTEXT((#15686,#15687,#15688)) 
REPRESENTATION_CONTEXT('Context #1',
  '3D Context with UNIT and UNCERTAINTY') );
#15686 = ( LENGTH_UNIT() NAMED_UNIT(*) SI_UNIT(.MILLI.,.METRE.) );
#15687 = ( NAMED_UNIT(*) PLANE_ANGLE_UNIT() SI_UNIT($,.RADIAN.) );
#15688 = ( NAMED_UNIT(*) SI_UNIT($,.STERADIAN.) SOLID_ANGLE_UNIT() );
#15689 = UNCERTAINTY_MEASURE_WITH_UNIT(LENGTH_MEASURE(1.E-07),#15686,
  'distance_accuracy_value','confusion accuracy');
#15690 = CONTEXT_DEPENDENT_SHAPE_REPRESENTATION(#15691,#15693);
#15691 = ( REPRESENTATION_RELATIONSHIP('','',#15378,#10) 
REPRESENTATION_RELATIONSHIP_WITH_TRANSFORMATION(#15692) 
SHAPE_REPRESENTATION_RELATIONSHIP() );
#15692 = ITEM_DEFINED_TRANSFORMATION('','',#11,#99);
#15693 = PRODUCT_DEFINITION_SHAPE('Placement','Placement of an item',
  #15694);
#15694 = NEXT_ASSEMBLY_USAGE_OCCURRENCE('23','=>[0:1:1:11]','',#5,#15373
  ,$);
#15695 = PRODUCT_RELATED_PRODUCT_CATEGORY('part',$,(#15375));
#15696 = MECHANICAL_DESIGN_GEOMETRIC_PRESENTATION_REPRESENTATION('',(
    #15697,#15705,#15712,#15719,#15726,#15733,#15740,#15747,#15754,
    #15761,#15768,#15776,#15783,#15790,#15797,#15804,#15811,#15818,
    #15825,#15832,#15839,#15846,#15853,#15860,#15867,#15874,#15881,
    #15888),#971);
#15697 = STYLED_ITEM('color',(#15698),#119);
#15698 = PRESENTATION_STYLE_ASSIGNMENT((#15699));
#15699 = SURFACE_STYLE_USAGE(.BOTH.,#15700);
#15700 = SURFACE_SIDE_STYLE('',(#15701));
#15701 = SURFACE_STYLE_FILL_AREA(#15702);
#15702 = FILL_AREA_STYLE('',(#15703));
#15703 = FILL_AREA_STYLE_COLOUR('',#15704);
#15704 = COLOUR_RGB('',0.823999987314,0.819999987296,0.781000009244);
#15705 = STYLED_ITEM('color',(#15706),#195);
#15706 = PRESENTATION_STYLE_ASSIGNMENT((#15707));
#15707 = SURFACE_STYLE_USAGE(.BOTH.,#15708);
#15708 = SURFACE_SIDE_STYLE('',(#15709));
#15709 = SURFACE_STYLE_FILL_AREA(#15710);
#15710 = FILL_AREA_STYLE('',(#15711));
#15711 = FILL_AREA_STYLE_COLOUR('',#15704);
#15712 = STYLED_ITEM('color',(#15713),#226);
#15713 = PRESENTATION_STYLE_ASSIGNMENT((#15714));
#15714 = SURFACE_STYLE_USAGE(.BOTH.,#15715);
#15715 = SURFACE_SIDE_STYLE('',(#15716));
#15716 = SURFACE_STYLE_FILL_AREA(#15717);
#15717 = FILL_AREA_STYLE('',(#15718));
#15718 = FILL_AREA_STYLE_COLOUR('',#15704);
#15719 = STYLED_ITEM('color',(#15720),#251);
#15720 = PRESENTATION_STYLE_ASSIGNMENT((#15721));
#15721 = SURFACE_STYLE_USAGE(.BOTH.,#15722);
#15722 = SURFACE_SIDE_STYLE('',(#15723));
#15723 = SURFACE_STYLE_FILL_AREA(#15724);
#15724 = FILL_AREA_STYLE('',(#15725));
#15725 = FILL_AREA_STYLE_COLOUR('',#15704);
#15726 = STYLED_ITEM('color',(#15727),#276);
#15727 = PRESENTATION_STYLE_ASSIGNMENT((#15728));
#15728 = SURFACE_STYLE_USAGE(.BOTH.,#15729);
#15729 = SURFACE_SIDE_STYLE('',(#15730));
#15730 = SURFACE_STYLE_FILL_AREA(#15731);
#15731 = FILL_AREA_STYLE('',(#15732));
#15732 = FILL_AREA_STYLE_COLOUR('',#15704);
#15733 = STYLED_ITEM('color',(#15734),#300);
#15734 = PRESENTATION_STYLE_ASSIGNMENT((#15735));
#15735 = SURFACE_STYLE_USAGE(.BOTH.,#15736);
#15736 = SURFACE_SIDE_STYLE('',(#15737));
#15737 = SURFACE_STYLE_FILL_AREA(#15738);
#15738 = FILL_AREA_STYLE('',(#15739));
#15739 = FILL_AREA_STYLE_COLOUR('',#15704);
#15740 = STYLED_ITEM('color',(#15741),#324);
#15741 = PRESENTATION_STYLE_ASSIGNMENT((#15742));
#15742 = SURFACE_STYLE_USAGE(.BOTH.,#15743);
#15743 = SURFACE_SIDE_STYLE('',(#15744));
#15744 = SURFACE_STYLE_FILL_AREA(#15745);
#15745 = FILL_AREA_STYLE('',(#15746));
#15746 = FILL_AREA_STYLE_COLOUR('',#15704);
#15747 = STYLED_ITEM('color',(#15748),#349);
#15748 = PRESENTATION_STYLE_ASSIGNMENT((#15749));
#15749 = SURFACE_STYLE_USAGE(.BOTH.,#15750);
#15750 = SURFACE_SIDE_STYLE('',(#15751));
#15751 = SURFACE_STYLE_FILL_AREA(#15752);
#15752 = FILL_AREA_STYLE('',(#15753));
#15753 = FILL_AREA_STYLE_COLOUR('',#15704);
#15754 = STYLED_ITEM('color',(#15755),#374);
#15755 = PRESENTATION_STYLE_ASSIGNMENT((#15756));
#15756 = SURFACE_STYLE_USAGE(.BOTH.,#15757);
#15757 = SURFACE_SIDE_STYLE('',(#15758));
#15758 = SURFACE_STYLE_FILL_AREA(#15759);
#15759 = FILL_AREA_STYLE('',(#15760));
#15760 = FILL_AREA_STYLE_COLOUR('',#15704);
#15761 = STYLED_ITEM('color',(#15762),#391);
#15762 = PRESENTATION_STYLE_ASSIGNMENT((#15763));
#15763 = SURFACE_STYLE_USAGE(.BOTH.,#15764);
#15764 = SURFACE_SIDE_STYLE('',(#15765));
#15765 = SURFACE_STYLE_FILL_AREA(#15766);
#15766 = FILL_AREA_STYLE('',(#15767));
#15767 = FILL_AREA_STYLE_COLOUR('',#15704);
#15768 = STYLED_ITEM('color',(#15769),#477);
#15769 = PRESENTATION_STYLE_ASSIGNMENT((#15770));
#15770 = SURFACE_STYLE_USAGE(.BOTH.,#15771);
#15771 = SURFACE_SIDE_STYLE('',(#15772));
#15772 = SURFACE_STYLE_FILL_AREA(#15773);
#15773 = FILL_AREA_STYLE('',(#15774));
#15774 = FILL_AREA_STYLE_COLOUR('',#15775);
#15775 = COLOUR_RGB('',0.379000005575,0.270000008848,0.214999999939);
#15776 = STYLED_ITEM('color',(#15777),#509);
#15777 = PRESENTATION_STYLE_ASSIGNMENT((#15778));
#15778 = SURFACE_STYLE_USAGE(.BOTH.,#15779);
#15779 = SURFACE_SIDE_STYLE('',(#15780));
#15780 = SURFACE_STYLE_FILL_AREA(#15781);
#15781 = FILL_AREA_STYLE('',(#15782));
#15782 = FILL_AREA_STYLE_COLOUR('',#15775);
#15783 = STYLED_ITEM('color',(#15784),#533);
#15784 = PRESENTATION_STYLE_ASSIGNMENT((#15785));
#15785 = SURFACE_STYLE_USAGE(.BOTH.,#15786);
#15786 = SURFACE_SIDE_STYLE('',(#15787));
#15787 = SURFACE_STYLE_FILL_AREA(#15788);
#15788 = FILL_AREA_STYLE('',(#15789));
#15789 = FILL_AREA_STYLE_COLOUR('',#15775);
#15790 = STYLED_ITEM('color',(#15791),#558);
#15791 = PRESENTATION_STYLE_ASSIGNMENT((#15792));
#15792 = SURFACE_STYLE_USAGE(.BOTH.,#15793);
#15793 = SURFACE_SIDE_STYLE('',(#15794));
#15794 = SURFACE_STYLE_FILL_AREA(#15795);
#15795 = FILL_AREA_STYLE('',(#15796));
#15796 = FILL_AREA_STYLE_COLOUR('',#15775);
#15797 = STYLED_ITEM('color',(#15798),#582);
#15798 = PRESENTATION_STYLE_ASSIGNMENT((#15799));
#15799 = SURFACE_STYLE_USAGE(.BOTH.,#15800);
#15800 = SURFACE_SIDE_STYLE('',(#15801));
#15801 = SURFACE_STYLE_FILL_AREA(#15802);
#15802 = FILL_AREA_STYLE('',(#15803));
#15803 = FILL_AREA_STYLE_COLOUR('',#15775);
#15804 = STYLED_ITEM('color',(#15805),#607);
#15805 = PRESENTATION_STYLE_ASSIGNMENT((#15806));
#15806 = SURFACE_STYLE_USAGE(.BOTH.,#15807);
#15807 = SURFACE_SIDE_STYLE('',(#15808));
#15808 = SURFACE_STYLE_FILL_AREA(#15809);
#15809 = FILL_AREA_STYLE('',(#15810));
#15810 = FILL_AREA_STYLE_COLOUR('',#15775);
#15811 = STYLED_ITEM('color',(#15812),#631);
#15812 = PRESENTATION_STYLE_ASSIGNMENT((#15813));
#15813 = SURFACE_STYLE_USAGE(.BOTH.,#15814);
#15814 = SURFACE_SIDE_STYLE('',(#15815));
#15815 = SURFACE_STYLE_FILL_AREA(#15816);
#15816 = FILL_AREA_STYLE('',(#15817));
#15817 = FILL_AREA_STYLE_COLOUR('',#15775);
#15818 = STYLED_ITEM('color',(#15819),#656);
#15819 = PRESENTATION_STYLE_ASSIGNMENT((#15820));
#15820 = SURFACE_STYLE_USAGE(.BOTH.,#15821);
#15821 = SURFACE_SIDE_STYLE('',(#15822));
#15822 = SURFACE_STYLE_FILL_AREA(#15823);
#15823 = FILL_AREA_STYLE('',(#15824));
#15824 = FILL_AREA_STYLE_COLOUR('',#15775);
#15825 = STYLED_ITEM('color',(#15826),#673);
#15826 = PRESENTATION_STYLE_ASSIGNMENT((#15827));
#15827 = SURFACE_STYLE_USAGE(.BOTH.,#15828);
#15828 = SURFACE_SIDE_STYLE('',(#15829));
#15829 = SURFACE_STYLE_FILL_AREA(#15830);
#15830 = FILL_AREA_STYLE('',(#15831));
#15831 = FILL_AREA_STYLE_COLOUR('',#15704);
#15832 = STYLED_ITEM('color',(#15833),#759);
#15833 = PRESENTATION_STYLE_ASSIGNMENT((#15834));
#15834 = SURFACE_STYLE_USAGE(.BOTH.,#15835);
#15835 = SURFACE_SIDE_STYLE('',(#15836));
#15836 = SURFACE_STYLE_FILL_AREA(#15837);
#15837 = FILL_AREA_STYLE('',(#15838));
#15838 = FILL_AREA_STYLE_COLOUR('',#15704);
#15839 = STYLED_ITEM('color',(#15840),#790);
#15840 = PRESENTATION_STYLE_ASSIGNMENT((#15841));
#15841 = SURFACE_STYLE_USAGE(.BOTH.,#15842);
#15842 = SURFACE_SIDE_STYLE('',(#15843));
#15843 = SURFACE_STYLE_FILL_AREA(#15844);
#15844 = FILL_AREA_STYLE('',(#15845));
#15845 = FILL_AREA_STYLE_COLOUR('',#15704);
#15846 = STYLED_ITEM('color',(#15847),#815);
#15847 = PRESENTATION_STYLE_ASSIGNMENT((#15848));
#15848 = SURFACE_STYLE_USAGE(.BOTH.,#15849);
#15849 = SURFACE_SIDE_STYLE('',(#15850));
#15850 = SURFACE_STYLE_FILL_AREA(#15851);
#15851 = FILL_AREA_STYLE('',(#15852));
#15852 = FILL_AREA_STYLE_COLOUR('',#15704);
#15853 = STYLED_ITEM('color',(#15854),#840);
#15854 = PRESENTATION_STYLE_ASSIGNMENT((#15855));
#15855 = SURFACE_STYLE_USAGE(.BOTH.,#15856);
#15856 = SURFACE_SIDE_STYLE('',(#15857));
#15857 = SURFACE_STYLE_FILL_AREA(#15858);
#15858 = FILL_AREA_STYLE('',(#15859));
#15859 = FILL_AREA_STYLE_COLOUR('',#15704);
#15860 = STYLED_ITEM('color',(#15861),#864);
#15861 = PRESENTATION_STYLE_ASSIGNMENT((#15862));
#15862 = SURFACE_STYLE_USAGE(.BOTH.,#15863);
#15863 = SURFACE_SIDE_STYLE('',(#15864));
#15864 = SURFACE_STYLE_FILL_AREA(#15865);
#15865 = FILL_AREA_STYLE('',(#15866));
#15866 = FILL_AREA_STYLE_COLOUR('',#15704);
#15867 = STYLED_ITEM('color',(#15868),#888);
#15868 = PRESENTATION_STYLE_ASSIGNMENT((#15869));
#15869 = SURFACE_STYLE_USAGE(.BOTH.,#15870);
#15870 = SURFACE_SIDE_STYLE('',(#15871));
#15871 = SURFACE_STYLE_FILL_AREA(#15872);
#15872 = FILL_AREA_STYLE('',(#15873));
#15873 = FILL_AREA_STYLE_COLOUR('',#15704);
#15874 = STYLED_ITEM('color',(#15875),#913);
#15875 = PRESENTATION_STYLE_ASSIGNMENT((#15876));
#15876 = SURFACE_STYLE_USAGE(.BOTH.,#15877);
#15877 = SURFACE_SIDE_STYLE('',(#15878));
#15878 = SURFACE_STYLE_FILL_AREA(#15879);
#15879 = FILL_AREA_STYLE('',(#15880));
#15880 = FILL_AREA_STYLE_COLOUR('',#15704);
#15881 = STYLED_ITEM('color',(#15882),#938);
#15882 = PRESENTATION_STYLE_ASSIGNMENT((#15883));
#15883 = SURFACE_STYLE_USAGE(.BOTH.,#15884);
#15884 = SURFACE_SIDE_STYLE('',(#15885));
#15885 = SURFACE_STYLE_FILL_AREA(#15886);
#15886 = FILL_AREA_STYLE('',(#15887));
#15887 = FILL_AREA_STYLE_COLOUR('',#15704);
#15888 = STYLED_ITEM('color',(#15889),#955);
#15889 = PRESENTATION_STYLE_ASSIGNMENT((#15890));
#15890 = SURFACE_STYLE_USAGE(.BOTH.,#15891);
#15891 = SURFACE_SIDE_STYLE('',(#15892));
#15892 = SURFACE_STYLE_FILL_AREA(#15893);
#15893 = FILL_AREA_STYLE('',(#15894));
#15894 = FILL_AREA_STYLE_COLOUR('',#15704);
#15895 = MECHANICAL_DESIGN_GEOMETRIC_PRESENTATION_REPRESENTATION('',(
    #15896,#15903,#15910,#15917,#15924,#15931,#15938,#15945,#15952,
    #15959,#15966,#15973,#15980,#15987,#15994,#16002,#16009,#16016,
    #16023,#16030,#16037,#16045,#16052,#16059,#16066,#16073,#16080,
    #16087,#16094,#16101,#16108,#16115,#16122,#16129,#16136,#16143,
    #16150,#16157,#16164,#16171,#16178,#16185,#16192,#16199,#16206,
    #16213,#16220,#16227,#16234,#16241,#16248,#16255,#16262,#16269,
    #16276,#16283,#16290,#16297,#16304,#16311,#16318,#16325,#16332,
    #16339,#16346,#16353,#16360,#16367,#16374,#16381,#16388,#16395,
    #16402,#16409,#16416,#16423,#16430,#16437,#16444,#16451,#16458,
    #16465,#16472,#16479,#16486,#16493,#16500,#16507,#16514,#16521,
    #16528,#16535,#16542,#16549,#16556,#16563,#16570,#16577,#16584,
    #16591,#16598,#16605,#16612,#16619,#16626,#16633,#16640,#16647,
    #16654,#16661,#16668,#16675,#16682,#16689,#16696,#16703,#16710,
    #16717,#16724,#16731,#16738,#16745,#16752,#16759,#16766,#16773,
    #16780,#16787,#16794,#16801,#16808,#16815,#16822,#16829,#16836,
    #16843,#16850,#16857,#16864,#16871,#16878,#16885,#16892,#16899,
    #16906,#16913,#16920,#16927,#16934,#16941,#16948,#16955,#16962,
    #16969,#16976,#16983,#16990,#16997,#17004,#17011,#17018,#17025,
    #17032,#17039,#17046,#17053,#17060,#17067,#17074,#17081,#17088,
    #17095,#17102,#17109,#17116,#17123),#13467);
#15896 = STYLED_ITEM('color',(#15897),#8707);
#15897 = PRESENTATION_STYLE_ASSIGNMENT((#15898));
#15898 = SURFACE_STYLE_USAGE(.BOTH.,#15899);
#15899 = SURFACE_SIDE_STYLE('',(#15900));
#15900 = SURFACE_STYLE_FILL_AREA(#15901);
#15901 = FILL_AREA_STYLE('',(#15902));
#15902 = FILL_AREA_STYLE_COLOUR('',#15704);
#15903 = STYLED_ITEM('color',(#15904),#8743);
#15904 = PRESENTATION_STYLE_ASSIGNMENT((#15905));
#15905 = SURFACE_STYLE_USAGE(.BOTH.,#15906);
#15906 = SURFACE_SIDE_STYLE('',(#15907));
#15907 = SURFACE_STYLE_FILL_AREA(#15908);
#15908 = FILL_AREA_STYLE('',(#15909));
#15909 = FILL_AREA_STYLE_COLOUR('',#15704);
#15910 = STYLED_ITEM('color',(#15911),#8775);
#15911 = PRESENTATION_STYLE_ASSIGNMENT((#15912));
#15912 = SURFACE_STYLE_USAGE(.BOTH.,#15913);
#15913 = SURFACE_SIDE_STYLE('',(#15914));
#15914 = SURFACE_STYLE_FILL_AREA(#15915);
#15915 = FILL_AREA_STYLE('',(#15916));
#15916 = FILL_AREA_STYLE_COLOUR('',#15704);
#15917 = STYLED_ITEM('color',(#15918),#8807);
#15918 = PRESENTATION_STYLE_ASSIGNMENT((#15919));
#15919 = SURFACE_STYLE_USAGE(.BOTH.,#15920);
#15920 = SURFACE_SIDE_STYLE('',(#15921));
#15921 = SURFACE_STYLE_FILL_AREA(#15922);
#15922 = FILL_AREA_STYLE('',(#15923));
#15923 = FILL_AREA_STYLE_COLOUR('',#15704);
#15924 = STYLED_ITEM('color',(#15925),#9051);
#15925 = PRESENTATION_STYLE_ASSIGNMENT((#15926));
#15926 = SURFACE_STYLE_USAGE(.BOTH.,#15927);
#15927 = SURFACE_SIDE_STYLE('',(#15928));
#15928 = SURFACE_STYLE_FILL_AREA(#15929);
#15929 = FILL_AREA_STYLE('',(#15930));
#15930 = FILL_AREA_STYLE_COLOUR('',#15704);
#15931 = STYLED_ITEM('color',(#15932),#9072);
#15932 = PRESENTATION_STYLE_ASSIGNMENT((#15933));
#15933 = SURFACE_STYLE_USAGE(.BOTH.,#15934);
#15934 = SURFACE_SIDE_STYLE('',(#15935));
#15935 = SURFACE_STYLE_FILL_AREA(#15936);
#15936 = FILL_AREA_STYLE('',(#15937));
#15937 = FILL_AREA_STYLE_COLOUR('',#15704);
#15938 = STYLED_ITEM('color',(#15939),#9097);
#15939 = PRESENTATION_STYLE_ASSIGNMENT((#15940));
#15940 = SURFACE_STYLE_USAGE(.BOTH.,#15941);
#15941 = SURFACE_SIDE_STYLE('',(#15942));
#15942 = SURFACE_STYLE_FILL_AREA(#15943);
#15943 = FILL_AREA_STYLE('',(#15944));
#15944 = FILL_AREA_STYLE_COLOUR('',#15704);
#15945 = STYLED_ITEM('color',(#15946),#9125);
#15946 = PRESENTATION_STYLE_ASSIGNMENT((#15947));
#15947 = SURFACE_STYLE_USAGE(.BOTH.,#15948);
#15948 = SURFACE_SIDE_STYLE('',(#15949));
#15949 = SURFACE_STYLE_FILL_AREA(#15950);
#15950 = FILL_AREA_STYLE('',(#15951));
#15951 = FILL_AREA_STYLE_COLOUR('',#15704);
#15952 = STYLED_ITEM('color',(#15953),#9150);
#15953 = PRESENTATION_STYLE_ASSIGNMENT((#15954));
#15954 = SURFACE_STYLE_USAGE(.BOTH.,#15955);
#15955 = SURFACE_SIDE_STYLE('',(#15956));
#15956 = SURFACE_STYLE_FILL_AREA(#15957);
#15957 = FILL_AREA_STYLE('',(#15958));
#15958 = FILL_AREA_STYLE_COLOUR('',#15704);
#15959 = STYLED_ITEM('color',(#15960),#9178);
#15960 = PRESENTATION_STYLE_ASSIGNMENT((#15961));
#15961 = SURFACE_STYLE_USAGE(.BOTH.,#15962);
#15962 = SURFACE_SIDE_STYLE('',(#15963));
#15963 = SURFACE_STYLE_FILL_AREA(#15964);
#15964 = FILL_AREA_STYLE('',(#15965));
#15965 = FILL_AREA_STYLE_COLOUR('',#15704);
#15966 = STYLED_ITEM('color',(#15967),#9200);
#15967 = PRESENTATION_STYLE_ASSIGNMENT((#15968));
#15968 = SURFACE_STYLE_USAGE(.BOTH.,#15969);
#15969 = SURFACE_SIDE_STYLE('',(#15970));
#15970 = SURFACE_STYLE_FILL_AREA(#15971);
#15971 = FILL_AREA_STYLE('',(#15972));
#15972 = FILL_AREA_STYLE_COLOUR('',#15704);
#15973 = STYLED_ITEM('color',(#15974),#9222);
#15974 = PRESENTATION_STYLE_ASSIGNMENT((#15975));
#15975 = SURFACE_STYLE_USAGE(.BOTH.,#15976);
#15976 = SURFACE_SIDE_STYLE('',(#15977));
#15977 = SURFACE_STYLE_FILL_AREA(#15978);
#15978 = FILL_AREA_STYLE('',(#15979));
#15979 = FILL_AREA_STYLE_COLOUR('',#15704);
#15980 = STYLED_ITEM('color',(#15981),#9254);
#15981 = PRESENTATION_STYLE_ASSIGNMENT((#15982));
#15982 = SURFACE_STYLE_USAGE(.BOTH.,#15983);
#15983 = SURFACE_SIDE_STYLE('',(#15984));
#15984 = SURFACE_STYLE_FILL_AREA(#15985);
#15985 = FILL_AREA_STYLE('',(#15986));
#15986 = FILL_AREA_STYLE_COLOUR('',#15704);
#15987 = STYLED_ITEM('color',(#15988),#9276);
#15988 = PRESENTATION_STYLE_ASSIGNMENT((#15989));
#15989 = SURFACE_STYLE_USAGE(.BOTH.,#15990);
#15990 = SURFACE_SIDE_STYLE('',(#15991));
#15991 = SURFACE_STYLE_FILL_AREA(#15992);
#15992 = FILL_AREA_STYLE('',(#15993));
#15993 = FILL_AREA_STYLE_COLOUR('',#15704);
#15994 = STYLED_ITEM('color',(#15995),#9308);
#15995 = PRESENTATION_STYLE_ASSIGNMENT((#15996));
#15996 = SURFACE_STYLE_USAGE(.BOTH.,#15997);
#15997 = SURFACE_SIDE_STYLE('',(#15998));
#15998 = SURFACE_STYLE_FILL_AREA(#15999);
#15999 = FILL_AREA_STYLE('',(#16000));
#16000 = FILL_AREA_STYLE_COLOUR('',#16001);
#16001 = COLOUR_RGB('',0.147999998088,0.144999993226,0.144999993226);
#16002 = STYLED_ITEM('color',(#16003),#9336);
#16003 = PRESENTATION_STYLE_ASSIGNMENT((#16004));
#16004 = SURFACE_STYLE_USAGE(.BOTH.,#16005);
#16005 = SURFACE_SIDE_STYLE('',(#16006));
#16006 = SURFACE_STYLE_FILL_AREA(#16007);
#16007 = FILL_AREA_STYLE('',(#16008));
#16008 = FILL_AREA_STYLE_COLOUR('',#16001);
#16009 = STYLED_ITEM('color',(#16010),#9358);
#16010 = PRESENTATION_STYLE_ASSIGNMENT((#16011));
#16011 = SURFACE_STYLE_USAGE(.BOTH.,#16012);
#16012 = SURFACE_SIDE_STYLE('',(#16013));
#16013 = SURFACE_STYLE_FILL_AREA(#16014);
#16014 = FILL_AREA_STYLE('',(#16015));
#16015 = FILL_AREA_STYLE_COLOUR('',#16001);
#16016 = STYLED_ITEM('color',(#16017),#9380);
#16017 = PRESENTATION_STYLE_ASSIGNMENT((#16018));
#16018 = SURFACE_STYLE_USAGE(.BOTH.,#16019);
#16019 = SURFACE_SIDE_STYLE('',(#16020));
#16020 = SURFACE_STYLE_FILL_AREA(#16021);
#16021 = FILL_AREA_STYLE('',(#16022));
#16022 = FILL_AREA_STYLE_COLOUR('',#16001);
#16023 = STYLED_ITEM('color',(#16024),#9396);
#16024 = PRESENTATION_STYLE_ASSIGNMENT((#16025));
#16025 = SURFACE_STYLE_USAGE(.BOTH.,#16026);
#16026 = SURFACE_SIDE_STYLE('',(#16027));
#16027 = SURFACE_STYLE_FILL_AREA(#16028);
#16028 = FILL_AREA_STYLE('',(#16029));
#16029 = FILL_AREA_STYLE_COLOUR('',#15704);
#16030 = STYLED_ITEM('color',(#16031),#9427);
#16031 = PRESENTATION_STYLE_ASSIGNMENT((#16032));
#16032 = SURFACE_STYLE_USAGE(.BOTH.,#16033);
#16033 = SURFACE_SIDE_STYLE('',(#16034));
#16034 = SURFACE_STYLE_FILL_AREA(#16035);
#16035 = FILL_AREA_STYLE('',(#16036));
#16036 = FILL_AREA_STYLE_COLOUR('',#15704);
#16037 = STYLED_ITEM('color',(#16038),#9452);
#16038 = PRESENTATION_STYLE_ASSIGNMENT((#16039));
#16039 = SURFACE_STYLE_USAGE(.BOTH.,#16040);
#16040 = SURFACE_SIDE_STYLE('',(#16041));
#16041 = SURFACE_STYLE_FILL_AREA(#16042);
#16042 = FILL_AREA_STYLE('',(#16043));
#16043 = FILL_AREA_STYLE_COLOUR('',#16044);
#16044 = COLOUR_RGB('',0.883000012551,0.711000022565,0.492000011028);
#16045 = STYLED_ITEM('color',(#16046),#9466);
#16046 = PRESENTATION_STYLE_ASSIGNMENT((#16047));
#16047 = SURFACE_STYLE_USAGE(.BOTH.,#16048);
#16048 = SURFACE_SIDE_STYLE('',(#16049));
#16049 = SURFACE_STYLE_FILL_AREA(#16050);
#16050 = FILL_AREA_STYLE('',(#16051));
#16051 = FILL_AREA_STYLE_COLOUR('',#16044);
#16052 = STYLED_ITEM('color',(#16053),#9480);
#16053 = PRESENTATION_STYLE_ASSIGNMENT((#16054));
#16054 = SURFACE_STYLE_USAGE(.BOTH.,#16055);
#16055 = SURFACE_SIDE_STYLE('',(#16056));
#16056 = SURFACE_STYLE_FILL_AREA(#16057);
#16057 = FILL_AREA_STYLE('',(#16058));
#16058 = FILL_AREA_STYLE_COLOUR('',#15704);
#16059 = STYLED_ITEM('color',(#16060),#9511);
#16060 = PRESENTATION_STYLE_ASSIGNMENT((#16061));
#16061 = SURFACE_STYLE_USAGE(.BOTH.,#16062);
#16062 = SURFACE_SIDE_STYLE('',(#16063));
#16063 = SURFACE_STYLE_FILL_AREA(#16064);
#16064 = FILL_AREA_STYLE('',(#16065));
#16065 = FILL_AREA_STYLE_COLOUR('',#16001);
#16066 = STYLED_ITEM('color',(#16067),#9539);
#16067 = PRESENTATION_STYLE_ASSIGNMENT((#16068));
#16068 = SURFACE_STYLE_USAGE(.BOTH.,#16069);
#16069 = SURFACE_SIDE_STYLE('',(#16070));
#16070 = SURFACE_STYLE_FILL_AREA(#16071);
#16071 = FILL_AREA_STYLE('',(#16072));
#16072 = FILL_AREA_STYLE_COLOUR('',#16001);
#16073 = STYLED_ITEM('color',(#16074),#9561);
#16074 = PRESENTATION_STYLE_ASSIGNMENT((#16075));
#16075 = SURFACE_STYLE_USAGE(.BOTH.,#16076);
#16076 = SURFACE_SIDE_STYLE('',(#16077));
#16077 = SURFACE_STYLE_FILL_AREA(#16078);
#16078 = FILL_AREA_STYLE('',(#16079));
#16079 = FILL_AREA_STYLE_COLOUR('',#16001);
#16080 = STYLED_ITEM('color',(#16081),#9583);
#16081 = PRESENTATION_STYLE_ASSIGNMENT((#16082));
#16082 = SURFACE_STYLE_USAGE(.BOTH.,#16083);
#16083 = SURFACE_SIDE_STYLE('',(#16084));
#16084 = SURFACE_STYLE_FILL_AREA(#16085);
#16085 = FILL_AREA_STYLE('',(#16086));
#16086 = FILL_AREA_STYLE_COLOUR('',#16001);
#16087 = STYLED_ITEM('color',(#16088),#9599);
#16088 = PRESENTATION_STYLE_ASSIGNMENT((#16089));
#16089 = SURFACE_STYLE_USAGE(.BOTH.,#16090);
#16090 = SURFACE_SIDE_STYLE('',(#16091));
#16091 = SURFACE_STYLE_FILL_AREA(#16092);
#16092 = FILL_AREA_STYLE('',(#16093));
#16093 = FILL_AREA_STYLE_COLOUR('',#16001);
#16094 = STYLED_ITEM('color',(#16095),#9627);
#16095 = PRESENTATION_STYLE_ASSIGNMENT((#16096));
#16096 = SURFACE_STYLE_USAGE(.BOTH.,#16097);
#16097 = SURFACE_SIDE_STYLE('',(#16098));
#16098 = SURFACE_STYLE_FILL_AREA(#16099);
#16099 = FILL_AREA_STYLE('',(#16100));
#16100 = FILL_AREA_STYLE_COLOUR('',#16001);
#16101 = STYLED_ITEM('color',(#16102),#9649);
#16102 = PRESENTATION_STYLE_ASSIGNMENT((#16103));
#16103 = SURFACE_STYLE_USAGE(.BOTH.,#16104);
#16104 = SURFACE_SIDE_STYLE('',(#16105));
#16105 = SURFACE_STYLE_FILL_AREA(#16106);
#16106 = FILL_AREA_STYLE('',(#16107));
#16107 = FILL_AREA_STYLE_COLOUR('',#16001);
#16108 = STYLED_ITEM('color',(#16109),#9671);
#16109 = PRESENTATION_STYLE_ASSIGNMENT((#16110));
#16110 = SURFACE_STYLE_USAGE(.BOTH.,#16111);
#16111 = SURFACE_SIDE_STYLE('',(#16112));
#16112 = SURFACE_STYLE_FILL_AREA(#16113);
#16113 = FILL_AREA_STYLE('',(#16114));
#16114 = FILL_AREA_STYLE_COLOUR('',#16001);
#16115 = STYLED_ITEM('color',(#16116),#9687);
#16116 = PRESENTATION_STYLE_ASSIGNMENT((#16117));
#16117 = SURFACE_STYLE_USAGE(.BOTH.,#16118);
#16118 = SURFACE_SIDE_STYLE('',(#16119));
#16119 = SURFACE_STYLE_FILL_AREA(#16120);
#16120 = FILL_AREA_STYLE('',(#16121));
#16121 = FILL_AREA_STYLE_COLOUR('',#16001);
#16122 = STYLED_ITEM('color',(#16123),#9715);
#16123 = PRESENTATION_STYLE_ASSIGNMENT((#16124));
#16124 = SURFACE_STYLE_USAGE(.BOTH.,#16125);
#16125 = SURFACE_SIDE_STYLE('',(#16126));
#16126 = SURFACE_STYLE_FILL_AREA(#16127);
#16127 = FILL_AREA_STYLE('',(#16128));
#16128 = FILL_AREA_STYLE_COLOUR('',#16001);
#16129 = STYLED_ITEM('color',(#16130),#9737);
#16130 = PRESENTATION_STYLE_ASSIGNMENT((#16131));
#16131 = SURFACE_STYLE_USAGE(.BOTH.,#16132);
#16132 = SURFACE_SIDE_STYLE('',(#16133));
#16133 = SURFACE_STYLE_FILL_AREA(#16134);
#16134 = FILL_AREA_STYLE('',(#16135));
#16135 = FILL_AREA_STYLE_COLOUR('',#16001);
#16136 = STYLED_ITEM('color',(#16137),#9759);
#16137 = PRESENTATION_STYLE_ASSIGNMENT((#16138));
#16138 = SURFACE_STYLE_USAGE(.BOTH.,#16139);
#16139 = SURFACE_SIDE_STYLE('',(#16140));
#16140 = SURFACE_STYLE_FILL_AREA(#16141);
#16141 = FILL_AREA_STYLE('',(#16142));
#16142 = FILL_AREA_STYLE_COLOUR('',#16001);
#16143 = STYLED_ITEM('color',(#16144),#9775);
#16144 = PRESENTATION_STYLE_ASSIGNMENT((#16145));
#16145 = SURFACE_STYLE_USAGE(.BOTH.,#16146);
#16146 = SURFACE_SIDE_STYLE('',(#16147));
#16147 = SURFACE_STYLE_FILL_AREA(#16148);
#16148 = FILL_AREA_STYLE('',(#16149));
#16149 = FILL_AREA_STYLE_COLOUR('',#15704);
#16150 = STYLED_ITEM('color',(#16151),#9794);
#16151 = PRESENTATION_STYLE_ASSIGNMENT((#16152));
#16152 = SURFACE_STYLE_USAGE(.BOTH.,#16153);
#16153 = SURFACE_SIDE_STYLE('',(#16154));
#16154 = SURFACE_STYLE_FILL_AREA(#16155);
#16155 = FILL_AREA_STYLE('',(#16156));
#16156 = FILL_AREA_STYLE_COLOUR('',#15704);
#16157 = STYLED_ITEM('color',(#16158),#9816);
#16158 = PRESENTATION_STYLE_ASSIGNMENT((#16159));
#16159 = SURFACE_STYLE_USAGE(.BOTH.,#16160);
#16160 = SURFACE_SIDE_STYLE('',(#16161));
#16161 = SURFACE_STYLE_FILL_AREA(#16162);
#16162 = FILL_AREA_STYLE('',(#16163));
#16163 = FILL_AREA_STYLE_COLOUR('',#15704);
#16164 = STYLED_ITEM('color',(#16165),#9841);
#16165 = PRESENTATION_STYLE_ASSIGNMENT((#16166));
#16166 = SURFACE_STYLE_USAGE(.BOTH.,#16167);
#16167 = SURFACE_SIDE_STYLE('',(#16168));
#16168 = SURFACE_STYLE_FILL_AREA(#16169);
#16169 = FILL_AREA_STYLE('',(#16170));
#16170 = FILL_AREA_STYLE_COLOUR('',#15704);
#16171 = STYLED_ITEM('color',(#16172),#9869);
#16172 = PRESENTATION_STYLE_ASSIGNMENT((#16173));
#16173 = SURFACE_STYLE_USAGE(.BOTH.,#16174);
#16174 = SURFACE_SIDE_STYLE('',(#16175));
#16175 = SURFACE_STYLE_FILL_AREA(#16176);
#16176 = FILL_AREA_STYLE('',(#16177));
#16177 = FILL_AREA_STYLE_COLOUR('',#15704);
#16178 = STYLED_ITEM('color',(#16179),#9894);
#16179 = PRESENTATION_STYLE_ASSIGNMENT((#16180));
#16180 = SURFACE_STYLE_USAGE(.BOTH.,#16181);
#16181 = SURFACE_SIDE_STYLE('',(#16182));
#16182 = SURFACE_STYLE_FILL_AREA(#16183);
#16183 = FILL_AREA_STYLE('',(#16184));
#16184 = FILL_AREA_STYLE_COLOUR('',#15704);
#16185 = STYLED_ITEM('color',(#16186),#9916);
#16186 = PRESENTATION_STYLE_ASSIGNMENT((#16187));
#16187 = SURFACE_STYLE_USAGE(.BOTH.,#16188);
#16188 = SURFACE_SIDE_STYLE('',(#16189));
#16189 = SURFACE_STYLE_FILL_AREA(#16190);
#16190 = FILL_AREA_STYLE('',(#16191));
#16191 = FILL_AREA_STYLE_COLOUR('',#15704);
#16192 = STYLED_ITEM('color',(#16193),#9958);
#16193 = PRESENTATION_STYLE_ASSIGNMENT((#16194));
#16194 = SURFACE_STYLE_USAGE(.BOTH.,#16195);
#16195 = SURFACE_SIDE_STYLE('',(#16196));
#16196 = SURFACE_STYLE_FILL_AREA(#16197);
#16197 = FILL_AREA_STYLE('',(#16198));
#16198 = FILL_AREA_STYLE_COLOUR('',#15704);
#16199 = STYLED_ITEM('color',(#16200),#9983);
#16200 = PRESENTATION_STYLE_ASSIGNMENT((#16201));
#16201 = SURFACE_STYLE_USAGE(.BOTH.,#16202);
#16202 = SURFACE_SIDE_STYLE('',(#16203));
#16203 = SURFACE_STYLE_FILL_AREA(#16204);
#16204 = FILL_AREA_STYLE('',(#16205));
#16205 = FILL_AREA_STYLE_COLOUR('',#15704);
#16206 = STYLED_ITEM('color',(#16207),#10008);
#16207 = PRESENTATION_STYLE_ASSIGNMENT((#16208));
#16208 = SURFACE_STYLE_USAGE(.BOTH.,#16209);
#16209 = SURFACE_SIDE_STYLE('',(#16210));
#16210 = SURFACE_STYLE_FILL_AREA(#16211);
#16211 = FILL_AREA_STYLE('',(#16212));
#16212 = FILL_AREA_STYLE_COLOUR('',#15704);
#16213 = STYLED_ITEM('color',(#16214),#10036);
#16214 = PRESENTATION_STYLE_ASSIGNMENT((#16215));
#16215 = SURFACE_STYLE_USAGE(.BOTH.,#16216);
#16216 = SURFACE_SIDE_STYLE('',(#16217));
#16217 = SURFACE_STYLE_FILL_AREA(#16218);
#16218 = FILL_AREA_STYLE('',(#16219));
#16219 = FILL_AREA_STYLE_COLOUR('',#15704);
#16220 = STYLED_ITEM('color',(#16221),#10061);
#16221 = PRESENTATION_STYLE_ASSIGNMENT((#16222));
#16222 = SURFACE_STYLE_USAGE(.BOTH.,#16223);
#16223 = SURFACE_SIDE_STYLE('',(#16224));
#16224 = SURFACE_STYLE_FILL_AREA(#16225);
#16225 = FILL_AREA_STYLE('',(#16226));
#16226 = FILL_AREA_STYLE_COLOUR('',#15704);
#16227 = STYLED_ITEM('color',(#16228),#10086);
#16228 = PRESENTATION_STYLE_ASSIGNMENT((#16229));
#16229 = SURFACE_STYLE_USAGE(.BOTH.,#16230);
#16230 = SURFACE_SIDE_STYLE('',(#16231));
#16231 = SURFACE_STYLE_FILL_AREA(#16232);
#16232 = FILL_AREA_STYLE('',(#16233));
#16233 = FILL_AREA_STYLE_COLOUR('',#15704);
#16234 = STYLED_ITEM('color',(#16235),#10114);
#16235 = PRESENTATION_STYLE_ASSIGNMENT((#16236));
#16236 = SURFACE_STYLE_USAGE(.BOTH.,#16237);
#16237 = SURFACE_SIDE_STYLE('',(#16238));
#16238 = SURFACE_STYLE_FILL_AREA(#16239);
#16239 = FILL_AREA_STYLE('',(#16240));
#16240 = FILL_AREA_STYLE_COLOUR('',#16001);
#16241 = STYLED_ITEM('color',(#16242),#10126);
#16242 = PRESENTATION_STYLE_ASSIGNMENT((#16243));
#16243 = SURFACE_STYLE_USAGE(.BOTH.,#16244);
#16244 = SURFACE_SIDE_STYLE('',(#16245));
#16245 = SURFACE_STYLE_FILL_AREA(#16246);
#16246 = FILL_AREA_STYLE('',(#16247));
#16247 = FILL_AREA_STYLE_COLOUR('',#16044);
#16248 = STYLED_ITEM('color',(#16249),#10156);
#16249 = PRESENTATION_STYLE_ASSIGNMENT((#16250));
#16250 = SURFACE_STYLE_USAGE(.BOTH.,#16251);
#16251 = SURFACE_SIDE_STYLE('',(#16252));
#16252 = SURFACE_STYLE_FILL_AREA(#16253);
#16253 = FILL_AREA_STYLE('',(#16254));
#16254 = FILL_AREA_STYLE_COLOUR('',#16044);
#16255 = STYLED_ITEM('color',(#16256),#10181);
#16256 = PRESENTATION_STYLE_ASSIGNMENT((#16257));
#16257 = SURFACE_STYLE_USAGE(.BOTH.,#16258);
#16258 = SURFACE_SIDE_STYLE('',(#16259));
#16259 = SURFACE_STYLE_FILL_AREA(#16260);
#16260 = FILL_AREA_STYLE('',(#16261));
#16261 = FILL_AREA_STYLE_COLOUR('',#16044);
#16262 = STYLED_ITEM('color',(#16263),#10206);
#16263 = PRESENTATION_STYLE_ASSIGNMENT((#16264));
#16264 = SURFACE_STYLE_USAGE(.BOTH.,#16265);
#16265 = SURFACE_SIDE_STYLE('',(#16266));
#16266 = SURFACE_STYLE_FILL_AREA(#16267);
#16267 = FILL_AREA_STYLE('',(#16268));
#16268 = FILL_AREA_STYLE_COLOUR('',#16044);
#16269 = STYLED_ITEM('color',(#16270),#10230);
#16270 = PRESENTATION_STYLE_ASSIGNMENT((#16271));
#16271 = SURFACE_STYLE_USAGE(.BOTH.,#16272);
#16272 = SURFACE_SIDE_STYLE('',(#16273));
#16273 = SURFACE_STYLE_FILL_AREA(#16274);
#16274 = FILL_AREA_STYLE('',(#16275));
#16275 = FILL_AREA_STYLE_COLOUR('',#16044);
#16276 = STYLED_ITEM('color',(#16277),#10257);
#16277 = PRESENTATION_STYLE_ASSIGNMENT((#16278));
#16278 = SURFACE_STYLE_USAGE(.BOTH.,#16279);
#16279 = SURFACE_SIDE_STYLE('',(#16280));
#16280 = SURFACE_STYLE_FILL_AREA(#16281);
#16281 = FILL_AREA_STYLE('',(#16282));
#16282 = FILL_AREA_STYLE_COLOUR('',#16001);
#16283 = STYLED_ITEM('color',(#16284),#10269);
#16284 = PRESENTATION_STYLE_ASSIGNMENT((#16285));
#16285 = SURFACE_STYLE_USAGE(.BOTH.,#16286);
#16286 = SURFACE_SIDE_STYLE('',(#16287));
#16287 = SURFACE_STYLE_FILL_AREA(#16288);
#16288 = FILL_AREA_STYLE('',(#16289));
#16289 = FILL_AREA_STYLE_COLOUR('',#16001);
#16290 = STYLED_ITEM('color',(#16291),#10281);
#16291 = PRESENTATION_STYLE_ASSIGNMENT((#16292));
#16292 = SURFACE_STYLE_USAGE(.BOTH.,#16293);
#16293 = SURFACE_SIDE_STYLE('',(#16294));
#16294 = SURFACE_STYLE_FILL_AREA(#16295);
#16295 = FILL_AREA_STYLE('',(#16296));
#16296 = FILL_AREA_STYLE_COLOUR('',#16001);
#16297 = STYLED_ITEM('color',(#16298),#10293);
#16298 = PRESENTATION_STYLE_ASSIGNMENT((#16299));
#16299 = SURFACE_STYLE_USAGE(.BOTH.,#16300);
#16300 = SURFACE_SIDE_STYLE('',(#16301));
#16301 = SURFACE_STYLE_FILL_AREA(#16302);
#16302 = FILL_AREA_STYLE('',(#16303));
#16303 = FILL_AREA_STYLE_COLOUR('',#15704);
#16304 = STYLED_ITEM('color',(#16305),#10312);
#16305 = PRESENTATION_STYLE_ASSIGNMENT((#16306));
#16306 = SURFACE_STYLE_USAGE(.BOTH.,#16307);
#16307 = SURFACE_SIDE_STYLE('',(#16308));
#16308 = SURFACE_STYLE_FILL_AREA(#16309);
#16309 = FILL_AREA_STYLE('',(#16310));
#16310 = FILL_AREA_STYLE_COLOUR('',#16044);
#16311 = STYLED_ITEM('color',(#16312),#10364);
#16312 = PRESENTATION_STYLE_ASSIGNMENT((#16313));
#16313 = SURFACE_STYLE_USAGE(.BOTH.,#16314);
#16314 = SURFACE_SIDE_STYLE('',(#16315));
#16315 = SURFACE_STYLE_FILL_AREA(#16316);
#16316 = FILL_AREA_STYLE('',(#16317));
#16317 = FILL_AREA_STYLE_COLOUR('',#15704);
#16318 = STYLED_ITEM('color',(#16319),#10386);
#16319 = PRESENTATION_STYLE_ASSIGNMENT((#16320));
#16320 = SURFACE_STYLE_USAGE(.BOTH.,#16321);
#16321 = SURFACE_SIDE_STYLE('',(#16322));
#16322 = SURFACE_STYLE_FILL_AREA(#16323);
#16323 = FILL_AREA_STYLE('',(#16324));
#16324 = FILL_AREA_STYLE_COLOUR('',#15704);
#16325 = STYLED_ITEM('color',(#16326),#10407);
#16326 = PRESENTATION_STYLE_ASSIGNMENT((#16327));
#16327 = SURFACE_STYLE_USAGE(.BOTH.,#16328);
#16328 = SURFACE_SIDE_STYLE('',(#16329));
#16329 = SURFACE_STYLE_FILL_AREA(#16330);
#16330 = FILL_AREA_STYLE('',(#16331));
#16331 = FILL_AREA_STYLE_COLOUR('',#16044);
#16332 = STYLED_ITEM('color',(#16333),#10461);
#16333 = PRESENTATION_STYLE_ASSIGNMENT((#16334));
#16334 = SURFACE_STYLE_USAGE(.BOTH.,#16335);
#16335 = SURFACE_SIDE_STYLE('',(#16336));
#16336 = SURFACE_STYLE_FILL_AREA(#16337);
#16337 = FILL_AREA_STYLE('',(#16338));
#16338 = FILL_AREA_STYLE_COLOUR('',#15704);
#16339 = STYLED_ITEM('color',(#16340),#10482);
#16340 = PRESENTATION_STYLE_ASSIGNMENT((#16341));
#16341 = SURFACE_STYLE_USAGE(.BOTH.,#16342);
#16342 = SURFACE_SIDE_STYLE('',(#16343));
#16343 = SURFACE_STYLE_FILL_AREA(#16344);
#16344 = FILL_AREA_STYLE('',(#16345));
#16345 = FILL_AREA_STYLE_COLOUR('',#15704);
#16346 = STYLED_ITEM('color',(#16347),#10504);
#16347 = PRESENTATION_STYLE_ASSIGNMENT((#16348));
#16348 = SURFACE_STYLE_USAGE(.BOTH.,#16349);
#16349 = SURFACE_SIDE_STYLE('',(#16350));
#16350 = SURFACE_STYLE_FILL_AREA(#16351);
#16351 = FILL_AREA_STYLE('',(#16352));
#16352 = FILL_AREA_STYLE_COLOUR('',#16044);
#16353 = STYLED_ITEM('color',(#16354),#10526);
#16354 = PRESENTATION_STYLE_ASSIGNMENT((#16355));
#16355 = SURFACE_STYLE_USAGE(.BOTH.,#16356);
#16356 = SURFACE_SIDE_STYLE('',(#16357));
#16357 = SURFACE_STYLE_FILL_AREA(#16358);
#16358 = FILL_AREA_STYLE('',(#16359));
#16359 = FILL_AREA_STYLE_COLOUR('',#15704);
#16360 = STYLED_ITEM('color',(#16361),#10554);
#16361 = PRESENTATION_STYLE_ASSIGNMENT((#16362));
#16362 = SURFACE_STYLE_USAGE(.BOTH.,#16363);
#16363 = SURFACE_SIDE_STYLE('',(#16364));
#16364 = SURFACE_STYLE_FILL_AREA(#16365);
#16365 = FILL_AREA_STYLE('',(#16366));
#16366 = FILL_AREA_STYLE_COLOUR('',#16044);
#16367 = STYLED_ITEM('color',(#16368),#10619);
#16368 = PRESENTATION_STYLE_ASSIGNMENT((#16369));
#16369 = SURFACE_STYLE_USAGE(.BOTH.,#16370);
#16370 = SURFACE_SIDE_STYLE('',(#16371));
#16371 = SURFACE_STYLE_FILL_AREA(#16372);
#16372 = FILL_AREA_STYLE('',(#16373));
#16373 = FILL_AREA_STYLE_COLOUR('',#15704);
#16374 = STYLED_ITEM('color',(#16375),#10642);
#16375 = PRESENTATION_STYLE_ASSIGNMENT((#16376));
#16376 = SURFACE_STYLE_USAGE(.BOTH.,#16377);
#16377 = SURFACE_SIDE_STYLE('',(#16378));
#16378 = SURFACE_STYLE_FILL_AREA(#16379);
#16379 = FILL_AREA_STYLE('',(#16380));
#16380 = FILL_AREA_STYLE_COLOUR('',#15704);
#16381 = STYLED_ITEM('color',(#16382),#10664);
#16382 = PRESENTATION_STYLE_ASSIGNMENT((#16383));
#16383 = SURFACE_STYLE_USAGE(.BOTH.,#16384);
#16384 = SURFACE_SIDE_STYLE('',(#16385));
#16385 = SURFACE_STYLE_FILL_AREA(#16386);
#16386 = FILL_AREA_STYLE('',(#16387));
#16387 = FILL_AREA_STYLE_COLOUR('',#15704);
#16388 = STYLED_ITEM('color',(#16389),#10686);
#16389 = PRESENTATION_STYLE_ASSIGNMENT((#16390));
#16390 = SURFACE_STYLE_USAGE(.BOTH.,#16391);
#16391 = SURFACE_SIDE_STYLE('',(#16392));
#16392 = SURFACE_STYLE_FILL_AREA(#16393);
#16393 = FILL_AREA_STYLE('',(#16394));
#16394 = FILL_AREA_STYLE_COLOUR('',#15704);
#16395 = STYLED_ITEM('color',(#16396),#10708);
#16396 = PRESENTATION_STYLE_ASSIGNMENT((#16397));
#16397 = SURFACE_STYLE_USAGE(.BOTH.,#16398);
#16398 = SURFACE_SIDE_STYLE('',(#16399));
#16399 = SURFACE_STYLE_FILL_AREA(#16400);
#16400 = FILL_AREA_STYLE('',(#16401));
#16401 = FILL_AREA_STYLE_COLOUR('',#16044);
#16402 = STYLED_ITEM('color',(#16403),#10796);
#16403 = PRESENTATION_STYLE_ASSIGNMENT((#16404));
#16404 = SURFACE_STYLE_USAGE(.BOTH.,#16405);
#16405 = SURFACE_SIDE_STYLE('',(#16406));
#16406 = SURFACE_STYLE_FILL_AREA(#16407);
#16407 = FILL_AREA_STYLE('',(#16408));
#16408 = FILL_AREA_STYLE_COLOUR('',#15704);
#16409 = STYLED_ITEM('color',(#16410),#10817);
#16410 = PRESENTATION_STYLE_ASSIGNMENT((#16411));
#16411 = SURFACE_STYLE_USAGE(.BOTH.,#16412);
#16412 = SURFACE_SIDE_STYLE('',(#16413));
#16413 = SURFACE_STYLE_FILL_AREA(#16414);
#16414 = FILL_AREA_STYLE('',(#16415));
#16415 = FILL_AREA_STYLE_COLOUR('',#15704);
#16416 = STYLED_ITEM('color',(#16417),#10839);
#16417 = PRESENTATION_STYLE_ASSIGNMENT((#16418));
#16418 = SURFACE_STYLE_USAGE(.BOTH.,#16419);
#16419 = SURFACE_SIDE_STYLE('',(#16420));
#16420 = SURFACE_STYLE_FILL_AREA(#16421);
#16421 = FILL_AREA_STYLE('',(#16422));
#16422 = FILL_AREA_STYLE_COLOUR('',#16044);
#16423 = STYLED_ITEM('color',(#16424),#10867);
#16424 = PRESENTATION_STYLE_ASSIGNMENT((#16425));
#16425 = SURFACE_STYLE_USAGE(.BOTH.,#16426);
#16426 = SURFACE_SIDE_STYLE('',(#16427));
#16427 = SURFACE_STYLE_FILL_AREA(#16428);
#16428 = FILL_AREA_STYLE('',(#16429));
#16429 = FILL_AREA_STYLE_COLOUR('',#16044);
#16430 = STYLED_ITEM('color',(#16431),#10881);
#16431 = PRESENTATION_STYLE_ASSIGNMENT((#16432));
#16432 = SURFACE_STYLE_USAGE(.BOTH.,#16433);
#16433 = SURFACE_SIDE_STYLE('',(#16434));
#16434 = SURFACE_STYLE_FILL_AREA(#16435);
#16435 = FILL_AREA_STYLE('',(#16436));
#16436 = FILL_AREA_STYLE_COLOUR('',#16044);
#16437 = STYLED_ITEM('color',(#16438),#10892);
#16438 = PRESENTATION_STYLE_ASSIGNMENT((#16439));
#16439 = SURFACE_STYLE_USAGE(.BOTH.,#16440);
#16440 = SURFACE_SIDE_STYLE('',(#16441));
#16441 = SURFACE_STYLE_FILL_AREA(#16442);
#16442 = FILL_AREA_STYLE('',(#16443));
#16443 = FILL_AREA_STYLE_COLOUR('',#15704);
#16444 = STYLED_ITEM('color',(#16445),#10908);
#16445 = PRESENTATION_STYLE_ASSIGNMENT((#16446));
#16446 = SURFACE_STYLE_USAGE(.BOTH.,#16447);
#16447 = SURFACE_SIDE_STYLE('',(#16448));
#16448 = SURFACE_STYLE_FILL_AREA(#16449);
#16449 = FILL_AREA_STYLE('',(#16450));
#16450 = FILL_AREA_STYLE_COLOUR('',#15704);
#16451 = STYLED_ITEM('color',(#16452),#10940);
#16452 = PRESENTATION_STYLE_ASSIGNMENT((#16453));
#16453 = SURFACE_STYLE_USAGE(.BOTH.,#16454);
#16454 = SURFACE_SIDE_STYLE('',(#16455));
#16455 = SURFACE_STYLE_FILL_AREA(#16456);
#16456 = FILL_AREA_STYLE('',(#16457));
#16457 = FILL_AREA_STYLE_COLOUR('',#15704);
#16458 = STYLED_ITEM('color',(#16459),#11007);
#16459 = PRESENTATION_STYLE_ASSIGNMENT((#16460));
#16460 = SURFACE_STYLE_USAGE(.BOTH.,#16461);
#16461 = SURFACE_SIDE_STYLE('',(#16462));
#16462 = SURFACE_STYLE_FILL_AREA(#16463);
#16463 = FILL_AREA_STYLE('',(#16464));
#16464 = FILL_AREA_STYLE_COLOUR('',#15704);
#16465 = STYLED_ITEM('color',(#16466),#11074);
#16466 = PRESENTATION_STYLE_ASSIGNMENT((#16467));
#16467 = SURFACE_STYLE_USAGE(.BOTH.,#16468);
#16468 = SURFACE_SIDE_STYLE('',(#16469));
#16469 = SURFACE_STYLE_FILL_AREA(#16470);
#16470 = FILL_AREA_STYLE('',(#16471));
#16471 = FILL_AREA_STYLE_COLOUR('',#15704);
#16472 = STYLED_ITEM('color',(#16473),#11090);
#16473 = PRESENTATION_STYLE_ASSIGNMENT((#16474));
#16474 = SURFACE_STYLE_USAGE(.BOTH.,#16475);
#16475 = SURFACE_SIDE_STYLE('',(#16476));
#16476 = SURFACE_STYLE_FILL_AREA(#16477);
#16477 = FILL_AREA_STYLE('',(#16478));
#16478 = FILL_AREA_STYLE_COLOUR('',#15704);
#16479 = STYLED_ITEM('color',(#16480),#11109);
#16480 = PRESENTATION_STYLE_ASSIGNMENT((#16481));
#16481 = SURFACE_STYLE_USAGE(.BOTH.,#16482);
#16482 = SURFACE_SIDE_STYLE('',(#16483));
#16483 = SURFACE_STYLE_FILL_AREA(#16484);
#16484 = FILL_AREA_STYLE('',(#16485));
#16485 = FILL_AREA_STYLE_COLOUR('',#16044);
#16486 = STYLED_ITEM('color',(#16487),#11182);
#16487 = PRESENTATION_STYLE_ASSIGNMENT((#16488));
#16488 = SURFACE_STYLE_USAGE(.BOTH.,#16489);
#16489 = SURFACE_SIDE_STYLE('',(#16490));
#16490 = SURFACE_STYLE_FILL_AREA(#16491);
#16491 = FILL_AREA_STYLE('',(#16492));
#16492 = FILL_AREA_STYLE_COLOUR('',#16044);
#16493 = STYLED_ITEM('color',(#16494),#11198);
#16494 = PRESENTATION_STYLE_ASSIGNMENT((#16495));
#16495 = SURFACE_STYLE_USAGE(.BOTH.,#16496);
#16496 = SURFACE_SIDE_STYLE('',(#16497));
#16497 = SURFACE_STYLE_FILL_AREA(#16498);
#16498 = FILL_AREA_STYLE('',(#16499));
#16499 = FILL_AREA_STYLE_COLOUR('',#16044);
#16500 = STYLED_ITEM('color',(#16501),#11214);
#16501 = PRESENTATION_STYLE_ASSIGNMENT((#16502));
#16502 = SURFACE_STYLE_USAGE(.BOTH.,#16503);
#16503 = SURFACE_SIDE_STYLE('',(#16504));
#16504 = SURFACE_STYLE_FILL_AREA(#16505);
#16505 = FILL_AREA_STYLE('',(#16506));
#16506 = FILL_AREA_STYLE_COLOUR('',#15704);
#16507 = STYLED_ITEM('color',(#16508),#11233);
#16508 = PRESENTATION_STYLE_ASSIGNMENT((#16509));
#16509 = SURFACE_STYLE_USAGE(.BOTH.,#16510);
#16510 = SURFACE_SIDE_STYLE('',(#16511));
#16511 = SURFACE_STYLE_FILL_AREA(#16512);
#16512 = FILL_AREA_STYLE('',(#16513));
#16513 = FILL_AREA_STYLE_COLOUR('',#15704);
#16514 = STYLED_ITEM('color',(#16515),#11261);
#16515 = PRESENTATION_STYLE_ASSIGNMENT((#16516));
#16516 = SURFACE_STYLE_USAGE(.BOTH.,#16517);
#16517 = SURFACE_SIDE_STYLE('',(#16518));
#16518 = SURFACE_STYLE_FILL_AREA(#16519);
#16519 = FILL_AREA_STYLE('',(#16520));
#16520 = FILL_AREA_STYLE_COLOUR('',#16044);
#16521 = STYLED_ITEM('color',(#16522),#11311);
#16522 = PRESENTATION_STYLE_ASSIGNMENT((#16523));
#16523 = SURFACE_STYLE_USAGE(.BOTH.,#16524);
#16524 = SURFACE_SIDE_STYLE('',(#16525));
#16525 = SURFACE_STYLE_FILL_AREA(#16526);
#16526 = FILL_AREA_STYLE('',(#16527));
#16527 = FILL_AREA_STYLE_COLOUR('',#15704);
#16528 = STYLED_ITEM('color',(#16529),#11327);
#16529 = PRESENTATION_STYLE_ASSIGNMENT((#16530));
#16530 = SURFACE_STYLE_USAGE(.BOTH.,#16531);
#16531 = SURFACE_SIDE_STYLE('',(#16532));
#16532 = SURFACE_STYLE_FILL_AREA(#16533);
#16533 = FILL_AREA_STYLE('',(#16534));
#16534 = FILL_AREA_STYLE_COLOUR('',#16044);
#16535 = STYLED_ITEM('color',(#16536),#11356);
#16536 = PRESENTATION_STYLE_ASSIGNMENT((#16537));
#16537 = SURFACE_STYLE_USAGE(.BOTH.,#16538);
#16538 = SURFACE_SIDE_STYLE('',(#16539));
#16539 = SURFACE_STYLE_FILL_AREA(#16540);
#16540 = FILL_AREA_STYLE('',(#16541));
#16541 = FILL_AREA_STYLE_COLOUR('',#16044);
#16542 = STYLED_ITEM('color',(#16543),#11381);
#16543 = PRESENTATION_STYLE_ASSIGNMENT((#16544));
#16544 = SURFACE_STYLE_USAGE(.BOTH.,#16545);
#16545 = SURFACE_SIDE_STYLE('',(#16546));
#16546 = SURFACE_STYLE_FILL_AREA(#16547);
#16547 = FILL_AREA_STYLE('',(#16548));
#16548 = FILL_AREA_STYLE_COLOUR('',#16044);
#16549 = STYLED_ITEM('color',(#16550),#11410);
#16550 = PRESENTATION_STYLE_ASSIGNMENT((#16551));
#16551 = SURFACE_STYLE_USAGE(.BOTH.,#16552);
#16552 = SURFACE_SIDE_STYLE('',(#16553));
#16553 = SURFACE_STYLE_FILL_AREA(#16554);
#16554 = FILL_AREA_STYLE('',(#16555));
#16555 = FILL_AREA_STYLE_COLOUR('',#16044);
#16556 = STYLED_ITEM('color',(#16557),#11448);
#16557 = PRESENTATION_STYLE_ASSIGNMENT((#16558));
#16558 = SURFACE_STYLE_USAGE(.BOTH.,#16559);
#16559 = SURFACE_SIDE_STYLE('',(#16560));
#16560 = SURFACE_STYLE_FILL_AREA(#16561);
#16561 = FILL_AREA_STYLE('',(#16562));
#16562 = FILL_AREA_STYLE_COLOUR('',#16044);
#16563 = STYLED_ITEM('color',(#16564),#11464);
#16564 = PRESENTATION_STYLE_ASSIGNMENT((#16565));
#16565 = SURFACE_STYLE_USAGE(.BOTH.,#16566);
#16566 = SURFACE_SIDE_STYLE('',(#16567));
#16567 = SURFACE_STYLE_FILL_AREA(#16568);
#16568 = FILL_AREA_STYLE('',(#16569));
#16569 = FILL_AREA_STYLE_COLOUR('',#15704);
#16570 = STYLED_ITEM('color',(#16571),#11480);
#16571 = PRESENTATION_STYLE_ASSIGNMENT((#16572));
#16572 = SURFACE_STYLE_USAGE(.BOTH.,#16573);
#16573 = SURFACE_SIDE_STYLE('',(#16574));
#16574 = SURFACE_STYLE_FILL_AREA(#16575);
#16575 = FILL_AREA_STYLE('',(#16576));
#16576 = FILL_AREA_STYLE_COLOUR('',#15704);
#16577 = STYLED_ITEM('color',(#16578),#11508);
#16578 = PRESENTATION_STYLE_ASSIGNMENT((#16579));
#16579 = SURFACE_STYLE_USAGE(.BOTH.,#16580);
#16580 = SURFACE_SIDE_STYLE('',(#16581));
#16581 = SURFACE_STYLE_FILL_AREA(#16582);
#16582 = FILL_AREA_STYLE('',(#16583));
#16583 = FILL_AREA_STYLE_COLOUR('',#15704);
#16584 = STYLED_ITEM('color',(#16585),#11527);
#16585 = PRESENTATION_STYLE_ASSIGNMENT((#16586));
#16586 = SURFACE_STYLE_USAGE(.BOTH.,#16587);
#16587 = SURFACE_SIDE_STYLE('',(#16588));
#16588 = SURFACE_STYLE_FILL_AREA(#16589);
#16589 = FILL_AREA_STYLE('',(#16590));
#16590 = FILL_AREA_STYLE_COLOUR('',#15704);
#16591 = STYLED_ITEM('color',(#16592),#11543);
#16592 = PRESENTATION_STYLE_ASSIGNMENT((#16593));
#16593 = SURFACE_STYLE_USAGE(.BOTH.,#16594);
#16594 = SURFACE_SIDE_STYLE('',(#16595));
#16595 = SURFACE_STYLE_FILL_AREA(#16596);
#16596 = FILL_AREA_STYLE('',(#16597));
#16597 = FILL_AREA_STYLE_COLOUR('',#15704);
#16598 = STYLED_ITEM('color',(#16599),#11617);
#16599 = PRESENTATION_STYLE_ASSIGNMENT((#16600));
#16600 = SURFACE_STYLE_USAGE(.BOTH.,#16601);
#16601 = SURFACE_SIDE_STYLE('',(#16602));
#16602 = SURFACE_STYLE_FILL_AREA(#16603);
#16603 = FILL_AREA_STYLE('',(#16604));
#16604 = FILL_AREA_STYLE_COLOUR('',#15704);
#16605 = STYLED_ITEM('color',(#16606),#11639);
#16606 = PRESENTATION_STYLE_ASSIGNMENT((#16607));
#16607 = SURFACE_STYLE_USAGE(.BOTH.,#16608);
#16608 = SURFACE_SIDE_STYLE('',(#16609));
#16609 = SURFACE_STYLE_FILL_AREA(#16610);
#16610 = FILL_AREA_STYLE('',(#16611));
#16611 = FILL_AREA_STYLE_COLOUR('',#15704);
#16612 = STYLED_ITEM('color',(#16613),#11664);
#16613 = PRESENTATION_STYLE_ASSIGNMENT((#16614));
#16614 = SURFACE_STYLE_USAGE(.BOTH.,#16615);
#16615 = SURFACE_SIDE_STYLE('',(#16616));
#16616 = SURFACE_STYLE_FILL_AREA(#16617);
#16617 = FILL_AREA_STYLE('',(#16618));
#16618 = FILL_AREA_STYLE_COLOUR('',#15704);
#16619 = STYLED_ITEM('color',(#16620),#11725);
#16620 = PRESENTATION_STYLE_ASSIGNMENT((#16621));
#16621 = SURFACE_STYLE_USAGE(.BOTH.,#16622);
#16622 = SURFACE_SIDE_STYLE('',(#16623));
#16623 = SURFACE_STYLE_FILL_AREA(#16624);
#16624 = FILL_AREA_STYLE('',(#16625));
#16625 = FILL_AREA_STYLE_COLOUR('',#15704);
#16626 = STYLED_ITEM('color',(#16627),#11799);
#16627 = PRESENTATION_STYLE_ASSIGNMENT((#16628));
#16628 = SURFACE_STYLE_USAGE(.BOTH.,#16629);
#16629 = SURFACE_SIDE_STYLE('',(#16630));
#16630 = SURFACE_STYLE_FILL_AREA(#16631);
#16631 = FILL_AREA_STYLE('',(#16632));
#16632 = FILL_AREA_STYLE_COLOUR('',#15704);
#16633 = STYLED_ITEM('color',(#16634),#11821);
#16634 = PRESENTATION_STYLE_ASSIGNMENT((#16635));
#16635 = SURFACE_STYLE_USAGE(.BOTH.,#16636);
#16636 = SURFACE_SIDE_STYLE('',(#16637));
#16637 = SURFACE_STYLE_FILL_AREA(#16638);
#16638 = FILL_AREA_STYLE('',(#16639));
#16639 = FILL_AREA_STYLE_COLOUR('',#15704);
#16640 = STYLED_ITEM('color',(#16641),#11846);
#16641 = PRESENTATION_STYLE_ASSIGNMENT((#16642));
#16642 = SURFACE_STYLE_USAGE(.BOTH.,#16643);
#16643 = SURFACE_SIDE_STYLE('',(#16644));
#16644 = SURFACE_STYLE_FILL_AREA(#16645);
#16645 = FILL_AREA_STYLE('',(#16646));
#16646 = FILL_AREA_STYLE_COLOUR('',#15704);
#16647 = STYLED_ITEM('color',(#16648),#11907);
#16648 = PRESENTATION_STYLE_ASSIGNMENT((#16649));
#16649 = SURFACE_STYLE_USAGE(.BOTH.,#16650);
#16650 = SURFACE_SIDE_STYLE('',(#16651));
#16651 = SURFACE_STYLE_FILL_AREA(#16652);
#16652 = FILL_AREA_STYLE('',(#16653));
#16653 = FILL_AREA_STYLE_COLOUR('',#15704);
#16654 = STYLED_ITEM('color',(#16655),#11935);
#16655 = PRESENTATION_STYLE_ASSIGNMENT((#16656));
#16656 = SURFACE_STYLE_USAGE(.BOTH.,#16657);
#16657 = SURFACE_SIDE_STYLE('',(#16658));
#16658 = SURFACE_STYLE_FILL_AREA(#16659);
#16659 = FILL_AREA_STYLE('',(#16660));
#16660 = FILL_AREA_STYLE_COLOUR('',#16044);
#16661 = STYLED_ITEM('color',(#16662),#11991);
#16662 = PRESENTATION_STYLE_ASSIGNMENT((#16663));
#16663 = SURFACE_STYLE_USAGE(.BOTH.,#16664);
#16664 = SURFACE_SIDE_STYLE('',(#16665));
#16665 = SURFACE_STYLE_FILL_AREA(#16666);
#16666 = FILL_AREA_STYLE('',(#16667));
#16667 = FILL_AREA_STYLE_COLOUR('',#15704);
#16668 = STYLED_ITEM('color',(#16669),#12005);
#16669 = PRESENTATION_STYLE_ASSIGNMENT((#16670));
#16670 = SURFACE_STYLE_USAGE(.BOTH.,#16671);
#16671 = SURFACE_SIDE_STYLE('',(#16672));
#16672 = SURFACE_STYLE_FILL_AREA(#16673);
#16673 = FILL_AREA_STYLE('',(#16674));
#16674 = FILL_AREA_STYLE_COLOUR('',#15704);
#16675 = STYLED_ITEM('color',(#16676),#12021);
#16676 = PRESENTATION_STYLE_ASSIGNMENT((#16677));
#16677 = SURFACE_STYLE_USAGE(.BOTH.,#16678);
#16678 = SURFACE_SIDE_STYLE('',(#16679));
#16679 = SURFACE_STYLE_FILL_AREA(#16680);
#16680 = FILL_AREA_STYLE('',(#16681));
#16681 = FILL_AREA_STYLE_COLOUR('',#15704);
#16682 = STYLED_ITEM('color',(#16683),#12083);
#16683 = PRESENTATION_STYLE_ASSIGNMENT((#16684));
#16684 = SURFACE_STYLE_USAGE(.BOTH.,#16685);
#16685 = SURFACE_SIDE_STYLE('',(#16686));
#16686 = SURFACE_STYLE_FILL_AREA(#16687);
#16687 = FILL_AREA_STYLE('',(#16688));
#16688 = FILL_AREA_STYLE_COLOUR('',#15704);
#16689 = STYLED_ITEM('color',(#16690),#12105);
#16690 = PRESENTATION_STYLE_ASSIGNMENT((#16691));
#16691 = SURFACE_STYLE_USAGE(.BOTH.,#16692);
#16692 = SURFACE_SIDE_STYLE('',(#16693));
#16693 = SURFACE_STYLE_FILL_AREA(#16694);
#16694 = FILL_AREA_STYLE('',(#16695));
#16695 = FILL_AREA_STYLE_COLOUR('',#15704);
#16696 = STYLED_ITEM('color',(#16697),#12141);
#16697 = PRESENTATION_STYLE_ASSIGNMENT((#16698));
#16698 = SURFACE_STYLE_USAGE(.BOTH.,#16699);
#16699 = SURFACE_SIDE_STYLE('',(#16700));
#16700 = SURFACE_STYLE_FILL_AREA(#16701);
#16701 = FILL_AREA_STYLE('',(#16702));
#16702 = FILL_AREA_STYLE_COLOUR('',#15704);
#16703 = STYLED_ITEM('color',(#16704),#12157);
#16704 = PRESENTATION_STYLE_ASSIGNMENT((#16705));
#16705 = SURFACE_STYLE_USAGE(.BOTH.,#16706);
#16706 = SURFACE_SIDE_STYLE('',(#16707));
#16707 = SURFACE_STYLE_FILL_AREA(#16708);
#16708 = FILL_AREA_STYLE('',(#16709));
#16709 = FILL_AREA_STYLE_COLOUR('',#15704);
#16710 = STYLED_ITEM('color',(#16711),#12171);
#16711 = PRESENTATION_STYLE_ASSIGNMENT((#16712));
#16712 = SURFACE_STYLE_USAGE(.BOTH.,#16713);
#16713 = SURFACE_SIDE_STYLE('',(#16714));
#16714 = SURFACE_STYLE_FILL_AREA(#16715);
#16715 = FILL_AREA_STYLE('',(#16716));
#16716 = FILL_AREA_STYLE_COLOUR('',#15704);
#16717 = STYLED_ITEM('color',(#16718),#12185);
#16718 = PRESENTATION_STYLE_ASSIGNMENT((#16719));
#16719 = SURFACE_STYLE_USAGE(.BOTH.,#16720);
#16720 = SURFACE_SIDE_STYLE('',(#16721));
#16721 = SURFACE_STYLE_FILL_AREA(#16722);
#16722 = FILL_AREA_STYLE('',(#16723));
#16723 = FILL_AREA_STYLE_COLOUR('',#16044);
#16724 = STYLED_ITEM('color',(#16725),#12221);
#16725 = PRESENTATION_STYLE_ASSIGNMENT((#16726));
#16726 = SURFACE_STYLE_USAGE(.BOTH.,#16727);
#16727 = SURFACE_SIDE_STYLE('',(#16728));
#16728 = SURFACE_STYLE_FILL_AREA(#16729);
#16729 = FILL_AREA_STYLE('',(#16730));
#16730 = FILL_AREA_STYLE_COLOUR('',#16044);
#16731 = STYLED_ITEM('color',(#16732),#12246);
#16732 = PRESENTATION_STYLE_ASSIGNMENT((#16733));
#16733 = SURFACE_STYLE_USAGE(.BOTH.,#16734);
#16734 = SURFACE_SIDE_STYLE('',(#16735));
#16735 = SURFACE_STYLE_FILL_AREA(#16736);
#16736 = FILL_AREA_STYLE('',(#16737));
#16737 = FILL_AREA_STYLE_COLOUR('',#16044);
#16738 = STYLED_ITEM('color',(#16739),#12275);
#16739 = PRESENTATION_STYLE_ASSIGNMENT((#16740));
#16740 = SURFACE_STYLE_USAGE(.BOTH.,#16741);
#16741 = SURFACE_SIDE_STYLE('',(#16742));
#16742 = SURFACE_STYLE_FILL_AREA(#16743);
#16743 = FILL_AREA_STYLE('',(#16744));
#16744 = FILL_AREA_STYLE_COLOUR('',#16044);
#16745 = STYLED_ITEM('color',(#16746),#12291);
#16746 = PRESENTATION_STYLE_ASSIGNMENT((#16747));
#16747 = SURFACE_STYLE_USAGE(.BOTH.,#16748);
#16748 = SURFACE_SIDE_STYLE('',(#16749));
#16749 = SURFACE_STYLE_FILL_AREA(#16750);
#16750 = FILL_AREA_STYLE('',(#16751));
#16751 = FILL_AREA_STYLE_COLOUR('',#15704);
#16752 = STYLED_ITEM('color',(#16753),#12305);
#16753 = PRESENTATION_STYLE_ASSIGNMENT((#16754));
#16754 = SURFACE_STYLE_USAGE(.BOTH.,#16755);
#16755 = SURFACE_SIDE_STYLE('',(#16756));
#16756 = SURFACE_STYLE_FILL_AREA(#16757);
#16757 = FILL_AREA_STYLE('',(#16758));
#16758 = FILL_AREA_STYLE_COLOUR('',#15704);
#16759 = STYLED_ITEM('color',(#16760),#12327);
#16760 = PRESENTATION_STYLE_ASSIGNMENT((#16761));
#16761 = SURFACE_STYLE_USAGE(.BOTH.,#16762);
#16762 = SURFACE_SIDE_STYLE('',(#16763));
#16763 = SURFACE_STYLE_FILL_AREA(#16764);
#16764 = FILL_AREA_STYLE('',(#16765));
#16765 = FILL_AREA_STYLE_COLOUR('',#15704);
#16766 = STYLED_ITEM('color',(#16767),#12343);
#16767 = PRESENTATION_STYLE_ASSIGNMENT((#16768));
#16768 = SURFACE_STYLE_USAGE(.BOTH.,#16769);
#16769 = SURFACE_SIDE_STYLE('',(#16770));
#16770 = SURFACE_STYLE_FILL_AREA(#16771);
#16771 = FILL_AREA_STYLE('',(#16772));
#16772 = FILL_AREA_STYLE_COLOUR('',#16044);
#16773 = STYLED_ITEM('color',(#16774),#12369);
#16774 = PRESENTATION_STYLE_ASSIGNMENT((#16775));
#16775 = SURFACE_STYLE_USAGE(.BOTH.,#16776);
#16776 = SURFACE_SIDE_STYLE('',(#16777));
#16777 = SURFACE_STYLE_FILL_AREA(#16778);
#16778 = FILL_AREA_STYLE('',(#16779));
#16779 = FILL_AREA_STYLE_COLOUR('',#15704);
#16780 = STYLED_ITEM('color',(#16781),#12381);
#16781 = PRESENTATION_STYLE_ASSIGNMENT((#16782));
#16782 = SURFACE_STYLE_USAGE(.BOTH.,#16783);
#16783 = SURFACE_SIDE_STYLE('',(#16784));
#16784 = SURFACE_STYLE_FILL_AREA(#16785);
#16785 = FILL_AREA_STYLE('',(#16786));
#16786 = FILL_AREA_STYLE_COLOUR('',#16044);
#16787 = STYLED_ITEM('color',(#16788),#12419);
#16788 = PRESENTATION_STYLE_ASSIGNMENT((#16789));
#16789 = SURFACE_STYLE_USAGE(.BOTH.,#16790);
#16790 = SURFACE_SIDE_STYLE('',(#16791));
#16791 = SURFACE_STYLE_FILL_AREA(#16792);
#16792 = FILL_AREA_STYLE('',(#16793));
#16793 = FILL_AREA_STYLE_COLOUR('',#16044);
#16794 = STYLED_ITEM('color',(#16795),#12435);
#16795 = PRESENTATION_STYLE_ASSIGNMENT((#16796));
#16796 = SURFACE_STYLE_USAGE(.BOTH.,#16797);
#16797 = SURFACE_SIDE_STYLE('',(#16798));
#16798 = SURFACE_STYLE_FILL_AREA(#16799);
#16799 = FILL_AREA_STYLE('',(#16800));
#16800 = FILL_AREA_STYLE_COLOUR('',#16044);
#16801 = STYLED_ITEM('color',(#16802),#12453);
#16802 = PRESENTATION_STYLE_ASSIGNMENT((#16803));
#16803 = SURFACE_STYLE_USAGE(.BOTH.,#16804);
#16804 = SURFACE_SIDE_STYLE('',(#16805));
#16805 = SURFACE_STYLE_FILL_AREA(#16806);
#16806 = FILL_AREA_STYLE('',(#16807));
#16807 = FILL_AREA_STYLE_COLOUR('',#16044);
#16808 = STYLED_ITEM('color',(#16809),#12469);
#16809 = PRESENTATION_STYLE_ASSIGNMENT((#16810));
#16810 = SURFACE_STYLE_USAGE(.BOTH.,#16811);
#16811 = SURFACE_SIDE_STYLE('',(#16812));
#16812 = SURFACE_STYLE_FILL_AREA(#16813);
#16813 = FILL_AREA_STYLE('',(#16814));
#16814 = FILL_AREA_STYLE_COLOUR('',#16044);
#16815 = STYLED_ITEM('color',(#16816),#12483);
#16816 = PRESENTATION_STYLE_ASSIGNMENT((#16817));
#16817 = SURFACE_STYLE_USAGE(.BOTH.,#16818);
#16818 = SURFACE_SIDE_STYLE('',(#16819));
#16819 = SURFACE_STYLE_FILL_AREA(#16820);
#16820 = FILL_AREA_STYLE('',(#16821));
#16821 = FILL_AREA_STYLE_COLOUR('',#15704);
#16822 = STYLED_ITEM('color',(#16823),#12505);
#16823 = PRESENTATION_STYLE_ASSIGNMENT((#16824));
#16824 = SURFACE_STYLE_USAGE(.BOTH.,#16825);
#16825 = SURFACE_SIDE_STYLE('',(#16826));
#16826 = SURFACE_STYLE_FILL_AREA(#16827);
#16827 = FILL_AREA_STYLE('',(#16828));
#16828 = FILL_AREA_STYLE_COLOUR('',#15704);
#16829 = STYLED_ITEM('color',(#16830),#12521);
#16830 = PRESENTATION_STYLE_ASSIGNMENT((#16831));
#16831 = SURFACE_STYLE_USAGE(.BOTH.,#16832);
#16832 = SURFACE_SIDE_STYLE('',(#16833));
#16833 = SURFACE_STYLE_FILL_AREA(#16834);
#16834 = FILL_AREA_STYLE('',(#16835));
#16835 = FILL_AREA_STYLE_COLOUR('',#15704);
#16836 = STYLED_ITEM('color',(#16837),#12535);
#16837 = PRESENTATION_STYLE_ASSIGNMENT((#16838));
#16838 = SURFACE_STYLE_USAGE(.BOTH.,#16839);
#16839 = SURFACE_SIDE_STYLE('',(#16840));
#16840 = SURFACE_STYLE_FILL_AREA(#16841);
#16841 = FILL_AREA_STYLE('',(#16842));
#16842 = FILL_AREA_STYLE_COLOUR('',#15704);
#16843 = STYLED_ITEM('color',(#16844),#12597);
#16844 = PRESENTATION_STYLE_ASSIGNMENT((#16845));
#16845 = SURFACE_STYLE_USAGE(.BOTH.,#16846);
#16846 = SURFACE_SIDE_STYLE('',(#16847));
#16847 = SURFACE_STYLE_FILL_AREA(#16848);
#16848 = FILL_AREA_STYLE('',(#16849));
#16849 = FILL_AREA_STYLE_COLOUR('',#15704);
#16850 = STYLED_ITEM('color',(#16851),#12619);
#16851 = PRESENTATION_STYLE_ASSIGNMENT((#16852));
#16852 = SURFACE_STYLE_USAGE(.BOTH.,#16853);
#16853 = SURFACE_SIDE_STYLE('',(#16854));
#16854 = SURFACE_STYLE_FILL_AREA(#16855);
#16855 = FILL_AREA_STYLE('',(#16856));
#16856 = FILL_AREA_STYLE_COLOUR('',#15704);
#16857 = STYLED_ITEM('color',(#16858),#12655);
#16858 = PRESENTATION_STYLE_ASSIGNMENT((#16859));
#16859 = SURFACE_STYLE_USAGE(.BOTH.,#16860);
#16860 = SURFACE_SIDE_STYLE('',(#16861));
#16861 = SURFACE_STYLE_FILL_AREA(#16862);
#16862 = FILL_AREA_STYLE('',(#16863));
#16863 = FILL_AREA_STYLE_COLOUR('',#15704);
#16864 = STYLED_ITEM('color',(#16865),#12671);
#16865 = PRESENTATION_STYLE_ASSIGNMENT((#16866));
#16866 = SURFACE_STYLE_USAGE(.BOTH.,#16867);
#16867 = SURFACE_SIDE_STYLE('',(#16868));
#16868 = SURFACE_STYLE_FILL_AREA(#16869);
#16869 = FILL_AREA_STYLE('',(#16870));
#16870 = FILL_AREA_STYLE_COLOUR('',#15704);
#16871 = STYLED_ITEM('color',(#16872),#12689);
#16872 = PRESENTATION_STYLE_ASSIGNMENT((#16873));
#16873 = SURFACE_STYLE_USAGE(.BOTH.,#16874);
#16874 = SURFACE_SIDE_STYLE('',(#16875));
#16875 = SURFACE_STYLE_FILL_AREA(#16876);
#16876 = FILL_AREA_STYLE('',(#16877));
#16877 = FILL_AREA_STYLE_COLOUR('',#15704);
#16878 = STYLED_ITEM('color',(#16879),#12703);
#16879 = PRESENTATION_STYLE_ASSIGNMENT((#16880));
#16880 = SURFACE_STYLE_USAGE(.BOTH.,#16881);
#16881 = SURFACE_SIDE_STYLE('',(#16882));
#16882 = SURFACE_STYLE_FILL_AREA(#16883);
#16883 = FILL_AREA_STYLE('',(#16884));
#16884 = FILL_AREA_STYLE_COLOUR('',#15704);
#16885 = STYLED_ITEM('color',(#16886),#12715);
#16886 = PRESENTATION_STYLE_ASSIGNMENT((#16887));
#16887 = SURFACE_STYLE_USAGE(.BOTH.,#16888);
#16888 = SURFACE_SIDE_STYLE('',(#16889));
#16889 = SURFACE_STYLE_FILL_AREA(#16890);
#16890 = FILL_AREA_STYLE('',(#16891));
#16891 = FILL_AREA_STYLE_COLOUR('',#15704);
#16892 = STYLED_ITEM('color',(#16893),#12777);
#16893 = PRESENTATION_STYLE_ASSIGNMENT((#16894));
#16894 = SURFACE_STYLE_USAGE(.BOTH.,#16895);
#16895 = SURFACE_SIDE_STYLE('',(#16896));
#16896 = SURFACE_STYLE_FILL_AREA(#16897);
#16897 = FILL_AREA_STYLE('',(#16898));
#16898 = FILL_AREA_STYLE_COLOUR('',#15704);
#16899 = STYLED_ITEM('color',(#16900),#12799);
#16900 = PRESENTATION_STYLE_ASSIGNMENT((#16901));
#16901 = SURFACE_STYLE_USAGE(.BOTH.,#16902);
#16902 = SURFACE_SIDE_STYLE('',(#16903));
#16903 = SURFACE_STYLE_FILL_AREA(#16904);
#16904 = FILL_AREA_STYLE('',(#16905));
#16905 = FILL_AREA_STYLE_COLOUR('',#15704);
#16906 = STYLED_ITEM('color',(#16907),#12835);
#16907 = PRESENTATION_STYLE_ASSIGNMENT((#16908));
#16908 = SURFACE_STYLE_USAGE(.BOTH.,#16909);
#16909 = SURFACE_SIDE_STYLE('',(#16910));
#16910 = SURFACE_STYLE_FILL_AREA(#16911);
#16911 = FILL_AREA_STYLE('',(#16912));
#16912 = FILL_AREA_STYLE_COLOUR('',#15704);
#16913 = STYLED_ITEM('color',(#16914),#12851);
#16914 = PRESENTATION_STYLE_ASSIGNMENT((#16915));
#16915 = SURFACE_STYLE_USAGE(.BOTH.,#16916);
#16916 = SURFACE_SIDE_STYLE('',(#16917));
#16917 = SURFACE_STYLE_FILL_AREA(#16918);
#16918 = FILL_AREA_STYLE('',(#16919));
#16919 = FILL_AREA_STYLE_COLOUR('',#15704);
#16920 = STYLED_ITEM('color',(#16921),#12869);
#16921 = PRESENTATION_STYLE_ASSIGNMENT((#16922));
#16922 = SURFACE_STYLE_USAGE(.BOTH.,#16923);
#16923 = SURFACE_SIDE_STYLE('',(#16924));
#16924 = SURFACE_STYLE_FILL_AREA(#16925);
#16925 = FILL_AREA_STYLE('',(#16926));
#16926 = FILL_AREA_STYLE_COLOUR('',#15704);
#16927 = STYLED_ITEM('color',(#16928),#12883);
#16928 = PRESENTATION_STYLE_ASSIGNMENT((#16929));
#16929 = SURFACE_STYLE_USAGE(.BOTH.,#16930);
#16930 = SURFACE_SIDE_STYLE('',(#16931));
#16931 = SURFACE_STYLE_FILL_AREA(#16932);
#16932 = FILL_AREA_STYLE('',(#16933));
#16933 = FILL_AREA_STYLE_COLOUR('',#15704);
#16934 = STYLED_ITEM('color',(#16935),#12895);
#16935 = PRESENTATION_STYLE_ASSIGNMENT((#16936));
#16936 = SURFACE_STYLE_USAGE(.BOTH.,#16937);
#16937 = SURFACE_SIDE_STYLE('',(#16938));
#16938 = SURFACE_STYLE_FILL_AREA(#16939);
#16939 = FILL_AREA_STYLE('',(#16940));
#16940 = FILL_AREA_STYLE_COLOUR('',#15704);
#16941 = STYLED_ITEM('color',(#16942),#12917);
#16942 = PRESENTATION_STYLE_ASSIGNMENT((#16943));
#16943 = SURFACE_STYLE_USAGE(.BOTH.,#16944);
#16944 = SURFACE_SIDE_STYLE('',(#16945));
#16945 = SURFACE_STYLE_FILL_AREA(#16946);
#16946 = FILL_AREA_STYLE('',(#16947));
#16947 = FILL_AREA_STYLE_COLOUR('',#15704);
#16948 = STYLED_ITEM('color',(#16949),#12933);
#16949 = PRESENTATION_STYLE_ASSIGNMENT((#16950));
#16950 = SURFACE_STYLE_USAGE(.BOTH.,#16951);
#16951 = SURFACE_SIDE_STYLE('',(#16952));
#16952 = SURFACE_STYLE_FILL_AREA(#16953);
#16953 = FILL_AREA_STYLE('',(#16954));
#16954 = FILL_AREA_STYLE_COLOUR('',#16044);
#16955 = STYLED_ITEM('color',(#16956),#12959);
#16956 = PRESENTATION_STYLE_ASSIGNMENT((#16957));
#16957 = SURFACE_STYLE_USAGE(.BOTH.,#16958);
#16958 = SURFACE_SIDE_STYLE('',(#16959));
#16959 = SURFACE_STYLE_FILL_AREA(#16960);
#16960 = FILL_AREA_STYLE('',(#16961));
#16961 = FILL_AREA_STYLE_COLOUR('',#16044);
#16962 = STYLED_ITEM('color',(#16963),#12997);
#16963 = PRESENTATION_STYLE_ASSIGNMENT((#16964));
#16964 = SURFACE_STYLE_USAGE(.BOTH.,#16965);
#16965 = SURFACE_SIDE_STYLE('',(#16966));
#16966 = SURFACE_STYLE_FILL_AREA(#16967);
#16967 = FILL_AREA_STYLE('',(#16968));
#16968 = FILL_AREA_STYLE_COLOUR('',#15704);
#16969 = STYLED_ITEM('color',(#16970),#13009);
#16970 = PRESENTATION_STYLE_ASSIGNMENT((#16971));
#16971 = SURFACE_STYLE_USAGE(.BOTH.,#16972);
#16972 = SURFACE_SIDE_STYLE('',(#16973));
#16973 = SURFACE_STYLE_FILL_AREA(#16974);
#16974 = FILL_AREA_STYLE('',(#16975));
#16975 = FILL_AREA_STYLE_COLOUR('',#16044);
#16976 = STYLED_ITEM('color',(#16977),#13029);
#16977 = PRESENTATION_STYLE_ASSIGNMENT((#16978));
#16978 = SURFACE_STYLE_USAGE(.BOTH.,#16979);
#16979 = SURFACE_SIDE_STYLE('',(#16980));
#16980 = SURFACE_STYLE_FILL_AREA(#16981);
#16981 = FILL_AREA_STYLE('',(#16982));
#16982 = FILL_AREA_STYLE_COLOUR('',#15704);
#16983 = STYLED_ITEM('color',(#16984),#13041);
#16984 = PRESENTATION_STYLE_ASSIGNMENT((#16985));
#16985 = SURFACE_STYLE_USAGE(.BOTH.,#16986);
#16986 = SURFACE_SIDE_STYLE('',(#16987));
#16987 = SURFACE_STYLE_FILL_AREA(#16988);
#16988 = FILL_AREA_STYLE('',(#16989));
#16989 = FILL_AREA_STYLE_COLOUR('',#15704);
#16990 = STYLED_ITEM('color',(#16991),#13063);
#16991 = PRESENTATION_STYLE_ASSIGNMENT((#16992));
#16992 = SURFACE_STYLE_USAGE(.BOTH.,#16993);
#16993 = SURFACE_SIDE_STYLE('',(#16994));
#16994 = SURFACE_STYLE_FILL_AREA(#16995);
#16995 = FILL_AREA_STYLE('',(#16996));
#16996 = FILL_AREA_STYLE_COLOUR('',#15704);
#16997 = STYLED_ITEM('color',(#16998),#13085);
#16998 = PRESENTATION_STYLE_ASSIGNMENT((#16999));
#16999 = SURFACE_STYLE_USAGE(.BOTH.,#17000);
#17000 = SURFACE_SIDE_STYLE('',(#17001));
#17001 = SURFACE_STYLE_FILL_AREA(#17002);
#17002 = FILL_AREA_STYLE('',(#17003));
#17003 = FILL_AREA_STYLE_COLOUR('',#15704);
#17004 = STYLED_ITEM('color',(#17005),#13097);
#17005 = PRESENTATION_STYLE_ASSIGNMENT((#17006));
#17006 = SURFACE_STYLE_USAGE(.BOTH.,#17007);
#17007 = SURFACE_SIDE_STYLE('',(#17008));
#17008 = SURFACE_STYLE_FILL_AREA(#17009);
#17009 = FILL_AREA_STYLE('',(#17010));
#17010 = FILL_AREA_STYLE_COLOUR('',#15704);
#17011 = STYLED_ITEM('color',(#17012),#13113);
#17012 = PRESENTATION_STYLE_ASSIGNMENT((#17013));
#17013 = SURFACE_STYLE_USAGE(.BOTH.,#17014);
#17014 = SURFACE_SIDE_STYLE('',(#17015));
#17015 = SURFACE_STYLE_FILL_AREA(#17016);
#17016 = FILL_AREA_STYLE('',(#17017));
#17017 = FILL_AREA_STYLE_COLOUR('',#15704);
#17018 = STYLED_ITEM('color',(#17019),#13155);
#17019 = PRESENTATION_STYLE_ASSIGNMENT((#17020));
#17020 = SURFACE_STYLE_USAGE(.BOTH.,#17021);
#17021 = SURFACE_SIDE_STYLE('',(#17022));
#17022 = SURFACE_STYLE_FILL_AREA(#17023);
#17023 = FILL_AREA_STYLE('',(#17024));
#17024 = FILL_AREA_STYLE_COLOUR('',#16044);
#17025 = STYLED_ITEM('color',(#17026),#13173);
#17026 = PRESENTATION_STYLE_ASSIGNMENT((#17027));
#17027 = SURFACE_STYLE_USAGE(.BOTH.,#17028);
#17028 = SURFACE_SIDE_STYLE('',(#17029));
#17029 = SURFACE_STYLE_FILL_AREA(#17030);
#17030 = FILL_AREA_STYLE('',(#17031));
#17031 = FILL_AREA_STYLE_COLOUR('',#16044);
#17032 = STYLED_ITEM('color',(#17033),#13189);
#17033 = PRESENTATION_STYLE_ASSIGNMENT((#17034));
#17034 = SURFACE_STYLE_USAGE(.BOTH.,#17035);
#17035 = SURFACE_SIDE_STYLE('',(#17036));
#17036 = SURFACE_STYLE_FILL_AREA(#17037);
#17037 = FILL_AREA_STYLE('',(#17038));
#17038 = FILL_AREA_STYLE_COLOUR('',#16044);
#17039 = STYLED_ITEM('color',(#17040),#13203);
#17040 = PRESENTATION_STYLE_ASSIGNMENT((#17041));
#17041 = SURFACE_STYLE_USAGE(.BOTH.,#17042);
#17042 = SURFACE_SIDE_STYLE('',(#17043));
#17043 = SURFACE_STYLE_FILL_AREA(#17044);
#17044 = FILL_AREA_STYLE('',(#17045));
#17045 = FILL_AREA_STYLE_COLOUR('',#15704);
#17046 = STYLED_ITEM('color',(#17047),#13225);
#17047 = PRESENTATION_STYLE_ASSIGNMENT((#17048));
#17048 = SURFACE_STYLE_USAGE(.BOTH.,#17049);
#17049 = SURFACE_SIDE_STYLE('',(#17050));
#17050 = SURFACE_STYLE_FILL_AREA(#17051);
#17051 = FILL_AREA_STYLE('',(#17052));
#17052 = FILL_AREA_STYLE_COLOUR('',#15704);
#17053 = STYLED_ITEM('color',(#17054),#13247);
#17054 = PRESENTATION_STYLE_ASSIGNMENT((#17055));
#17055 = SURFACE_STYLE_USAGE(.BOTH.,#17056);
#17056 = SURFACE_SIDE_STYLE('',(#17057));
#17057 = SURFACE_STYLE_FILL_AREA(#17058);
#17058 = FILL_AREA_STYLE('',(#17059));
#17059 = FILL_AREA_STYLE_COLOUR('',#15704);
#17060 = STYLED_ITEM('color',(#17061),#13263);
#17061 = PRESENTATION_STYLE_ASSIGNMENT((#17062));
#17062 = SURFACE_STYLE_USAGE(.BOTH.,#17063);
#17063 = SURFACE_SIDE_STYLE('',(#17064));
#17064 = SURFACE_STYLE_FILL_AREA(#17065);
#17065 = FILL_AREA_STYLE('',(#17066));
#17066 = FILL_AREA_STYLE_COLOUR('',#15704);
#17067 = STYLED_ITEM('color',(#17068),#13275);
#17068 = PRESENTATION_STYLE_ASSIGNMENT((#17069));
#17069 = SURFACE_STYLE_USAGE(.BOTH.,#17070);
#17070 = SURFACE_SIDE_STYLE('',(#17071));
#17071 = SURFACE_STYLE_FILL_AREA(#17072);
#17072 = FILL_AREA_STYLE('',(#17073));
#17073 = FILL_AREA_STYLE_COLOUR('',#15704);
#17074 = STYLED_ITEM('color',(#17075),#13317);
#17075 = PRESENTATION_STYLE_ASSIGNMENT((#17076));
#17076 = SURFACE_STYLE_USAGE(.BOTH.,#17077);
#17077 = SURFACE_SIDE_STYLE('',(#17078));
#17078 = SURFACE_STYLE_FILL_AREA(#17079);
#17079 = FILL_AREA_STYLE('',(#17080));
#17080 = FILL_AREA_STYLE_COLOUR('',#15704);
#17081 = STYLED_ITEM('color',(#17082),#13339);
#17082 = PRESENTATION_STYLE_ASSIGNMENT((#17083));
#17083 = SURFACE_STYLE_USAGE(.BOTH.,#17084);
#17084 = SURFACE_SIDE_STYLE('',(#17085));
#17085 = SURFACE_STYLE_FILL_AREA(#17086);
#17086 = FILL_AREA_STYLE('',(#17087));
#17087 = FILL_AREA_STYLE_COLOUR('',#15704);
#17088 = STYLED_ITEM('color',(#17089),#13361);
#17089 = PRESENTATION_STYLE_ASSIGNMENT((#17090));
#17090 = SURFACE_STYLE_USAGE(.BOTH.,#17091);
#17091 = SURFACE_SIDE_STYLE('',(#17092));
#17092 = SURFACE_STYLE_FILL_AREA(#17093);
#17093 = FILL_AREA_STYLE('',(#17094));
#17094 = FILL_AREA_STYLE_COLOUR('',#15704);
#17095 = STYLED_ITEM('color',(#17096),#13377);
#17096 = PRESENTATION_STYLE_ASSIGNMENT((#17097));
#17097 = SURFACE_STYLE_USAGE(.BOTH.,#17098);
#17098 = SURFACE_SIDE_STYLE('',(#17099));
#17099 = SURFACE_STYLE_FILL_AREA(#17100);
#17100 = FILL_AREA_STYLE('',(#17101));
#17101 = FILL_AREA_STYLE_COLOUR('',#15704);
#17102 = STYLED_ITEM('color',(#17103),#13389);
#17103 = PRESENTATION_STYLE_ASSIGNMENT((#17104));
#17104 = SURFACE_STYLE_USAGE(.BOTH.,#17105);
#17105 = SURFACE_SIDE_STYLE('',(#17106));
#17106 = SURFACE_STYLE_FILL_AREA(#17107);
#17107 = FILL_AREA_STYLE('',(#17108));
#17108 = FILL_AREA_STYLE_COLOUR('',#15704);
#17109 = STYLED_ITEM('color',(#17110),#13431);
#17110 = PRESENTATION_STYLE_ASSIGNMENT((#17111));
#17111 = SURFACE_STYLE_USAGE(.BOTH.,#17112);
#17112 = SURFACE_SIDE_STYLE('',(#17113));
#17113 = SURFACE_STYLE_FILL_AREA(#17114);
#17114 = FILL_AREA_STYLE('',(#17115));
#17115 = FILL_AREA_STYLE_COLOUR('',#15704);
#17116 = STYLED_ITEM('color',(#17117),#13443);
#17117 = PRESENTATION_STYLE_ASSIGNMENT((#17118));
#17118 = SURFACE_STYLE_USAGE(.BOTH.,#17119);
#17119 = SURFACE_SIDE_STYLE('',(#17120));
#17120 = SURFACE_STYLE_FILL_AREA(#17121);
#17121 = FILL_AREA_STYLE('',(#17122));
#17122 = FILL_AREA_STYLE_COLOUR('',#15704);
#17123 = STYLED_ITEM('color',(#17124),#13455);
#17124 = PRESENTATION_STYLE_ASSIGNMENT((#17125));
#17125 = SURFACE_STYLE_USAGE(.BOTH.,#17126);
#17126 = SURFACE_SIDE_STYLE('',(#17127));
#17127 = SURFACE_STYLE_FILL_AREA(#17128);
#17128 = FILL_AREA_STYLE('',(#17129));
#17129 = FILL_AREA_STYLE_COLOUR('',#15704);
#17130 = MECHANICAL_DESIGN_GEOMETRIC_PRESENTATION_REPRESENTATION('',(
    #17131,#17138,#17145,#17152,#17159,#17166,#17173,#17180,#17187,
    #17194,#17201,#17208,#17215,#17222,#17229,#17236,#17243,#17250,
    #17257,#17264,#17271,#17278,#17285,#17292,#17299,#17306,#17313,
    #17320),#1844);
#17131 = STYLED_ITEM('color',(#17132),#992);
#17132 = PRESENTATION_STYLE_ASSIGNMENT((#17133));
#17133 = SURFACE_STYLE_USAGE(.BOTH.,#17134);
#17134 = SURFACE_SIDE_STYLE('',(#17135));
#17135 = SURFACE_STYLE_FILL_AREA(#17136);
#17136 = FILL_AREA_STYLE('',(#17137));
#17137 = FILL_AREA_STYLE_COLOUR('',#15704);
#17138 = STYLED_ITEM('color',(#17139),#1068);
#17139 = PRESENTATION_STYLE_ASSIGNMENT((#17140));
#17140 = SURFACE_STYLE_USAGE(.BOTH.,#17141);
#17141 = SURFACE_SIDE_STYLE('',(#17142));
#17142 = SURFACE_STYLE_FILL_AREA(#17143);
#17143 = FILL_AREA_STYLE('',(#17144));
#17144 = FILL_AREA_STYLE_COLOUR('',#15704);
#17145 = STYLED_ITEM('color',(#17146),#1099);
#17146 = PRESENTATION_STYLE_ASSIGNMENT((#17147));
#17147 = SURFACE_STYLE_USAGE(.BOTH.,#17148);
#17148 = SURFACE_SIDE_STYLE('',(#17149));
#17149 = SURFACE_STYLE_FILL_AREA(#17150);
#17150 = FILL_AREA_STYLE('',(#17151));
#17151 = FILL_AREA_STYLE_COLOUR('',#15704);
#17152 = STYLED_ITEM('color',(#17153),#1124);
#17153 = PRESENTATION_STYLE_ASSIGNMENT((#17154));
#17154 = SURFACE_STYLE_USAGE(.BOTH.,#17155);
#17155 = SURFACE_SIDE_STYLE('',(#17156));
#17156 = SURFACE_STYLE_FILL_AREA(#17157);
#17157 = FILL_AREA_STYLE('',(#17158));
#17158 = FILL_AREA_STYLE_COLOUR('',#15704);
#17159 = STYLED_ITEM('color',(#17160),#1149);
#17160 = PRESENTATION_STYLE_ASSIGNMENT((#17161));
#17161 = SURFACE_STYLE_USAGE(.BOTH.,#17162);
#17162 = SURFACE_SIDE_STYLE('',(#17163));
#17163 = SURFACE_STYLE_FILL_AREA(#17164);
#17164 = FILL_AREA_STYLE('',(#17165));
#17165 = FILL_AREA_STYLE_COLOUR('',#15704);
#17166 = STYLED_ITEM('color',(#17167),#1173);
#17167 = PRESENTATION_STYLE_ASSIGNMENT((#17168));
#17168 = SURFACE_STYLE_USAGE(.BOTH.,#17169);
#17169 = SURFACE_SIDE_STYLE('',(#17170));
#17170 = SURFACE_STYLE_FILL_AREA(#17171);
#17171 = FILL_AREA_STYLE('',(#17172));
#17172 = FILL_AREA_STYLE_COLOUR('',#15704);
#17173 = STYLED_ITEM('color',(#17174),#1197);
#17174 = PRESENTATION_STYLE_ASSIGNMENT((#17175));
#17175 = SURFACE_STYLE_USAGE(.BOTH.,#17176);
#17176 = SURFACE_SIDE_STYLE('',(#17177));
#17177 = SURFACE_STYLE_FILL_AREA(#17178);
#17178 = FILL_AREA_STYLE('',(#17179));
#17179 = FILL_AREA_STYLE_COLOUR('',#15704);
#17180 = STYLED_ITEM('color',(#17181),#1222);
#17181 = PRESENTATION_STYLE_ASSIGNMENT((#17182));
#17182 = SURFACE_STYLE_USAGE(.BOTH.,#17183);
#17183 = SURFACE_SIDE_STYLE('',(#17184));
#17184 = SURFACE_STYLE_FILL_AREA(#17185);
#17185 = FILL_AREA_STYLE('',(#17186));
#17186 = FILL_AREA_STYLE_COLOUR('',#15704);
#17187 = STYLED_ITEM('color',(#17188),#1247);
#17188 = PRESENTATION_STYLE_ASSIGNMENT((#17189));
#17189 = SURFACE_STYLE_USAGE(.BOTH.,#17190);
#17190 = SURFACE_SIDE_STYLE('',(#17191));
#17191 = SURFACE_STYLE_FILL_AREA(#17192);
#17192 = FILL_AREA_STYLE('',(#17193));
#17193 = FILL_AREA_STYLE_COLOUR('',#15704);
#17194 = STYLED_ITEM('color',(#17195),#1264);
#17195 = PRESENTATION_STYLE_ASSIGNMENT((#17196));
#17196 = SURFACE_STYLE_USAGE(.BOTH.,#17197);
#17197 = SURFACE_SIDE_STYLE('',(#17198));
#17198 = SURFACE_STYLE_FILL_AREA(#17199);
#17199 = FILL_AREA_STYLE('',(#17200));
#17200 = FILL_AREA_STYLE_COLOUR('',#15704);
#17201 = STYLED_ITEM('color',(#17202),#1350);
#17202 = PRESENTATION_STYLE_ASSIGNMENT((#17203));
#17203 = SURFACE_STYLE_USAGE(.BOTH.,#17204);
#17204 = SURFACE_SIDE_STYLE('',(#17205));
#17205 = SURFACE_STYLE_FILL_AREA(#17206);
#17206 = FILL_AREA_STYLE('',(#17207));
#17207 = FILL_AREA_STYLE_COLOUR('',#15775);
#17208 = STYLED_ITEM('color',(#17209),#1382);
#17209 = PRESENTATION_STYLE_ASSIGNMENT((#17210));
#17210 = SURFACE_STYLE_USAGE(.BOTH.,#17211);
#17211 = SURFACE_SIDE_STYLE('',(#17212));
#17212 = SURFACE_STYLE_FILL_AREA(#17213);
#17213 = FILL_AREA_STYLE('',(#17214));
#17214 = FILL_AREA_STYLE_COLOUR('',#15775);
#17215 = STYLED_ITEM('color',(#17216),#1406);
#17216 = PRESENTATION_STYLE_ASSIGNMENT((#17217));
#17217 = SURFACE_STYLE_USAGE(.BOTH.,#17218);
#17218 = SURFACE_SIDE_STYLE('',(#17219));
#17219 = SURFACE_STYLE_FILL_AREA(#17220);
#17220 = FILL_AREA_STYLE('',(#17221));
#17221 = FILL_AREA_STYLE_COLOUR('',#15775);
#17222 = STYLED_ITEM('color',(#17223),#1431);
#17223 = PRESENTATION_STYLE_ASSIGNMENT((#17224));
#17224 = SURFACE_STYLE_USAGE(.BOTH.,#17225);
#17225 = SURFACE_SIDE_STYLE('',(#17226));
#17226 = SURFACE_STYLE_FILL_AREA(#17227);
#17227 = FILL_AREA_STYLE('',(#17228));
#17228 = FILL_AREA_STYLE_COLOUR('',#15775);
#17229 = STYLED_ITEM('color',(#17230),#1455);
#17230 = PRESENTATION_STYLE_ASSIGNMENT((#17231));
#17231 = SURFACE_STYLE_USAGE(.BOTH.,#17232);
#17232 = SURFACE_SIDE_STYLE('',(#17233));
#17233 = SURFACE_STYLE_FILL_AREA(#17234);
#17234 = FILL_AREA_STYLE('',(#17235));
#17235 = FILL_AREA_STYLE_COLOUR('',#15775);
#17236 = STYLED_ITEM('color',(#17237),#1480);
#17237 = PRESENTATION_STYLE_ASSIGNMENT((#17238));
#17238 = SURFACE_STYLE_USAGE(.BOTH.,#17239);
#17239 = SURFACE_SIDE_STYLE('',(#17240));
#17240 = SURFACE_STYLE_FILL_AREA(#17241);
#17241 = FILL_AREA_STYLE('',(#17242));
#17242 = FILL_AREA_STYLE_COLOUR('',#15775);
#17243 = STYLED_ITEM('color',(#17244),#1504);
#17244 = PRESENTATION_STYLE_ASSIGNMENT((#17245));
#17245 = SURFACE_STYLE_USAGE(.BOTH.,#17246);
#17246 = SURFACE_SIDE_STYLE('',(#17247));
#17247 = SURFACE_STYLE_FILL_AREA(#17248);
#17248 = FILL_AREA_STYLE('',(#17249));
#17249 = FILL_AREA_STYLE_COLOUR('',#15775);
#17250 = STYLED_ITEM('color',(#17251),#1529);
#17251 = PRESENTATION_STYLE_ASSIGNMENT((#17252));
#17252 = SURFACE_STYLE_USAGE(.BOTH.,#17253);
#17253 = SURFACE_SIDE_STYLE('',(#17254));
#17254 = SURFACE_STYLE_FILL_AREA(#17255);
#17255 = FILL_AREA_STYLE('',(#17256));
#17256 = FILL_AREA_STYLE_COLOUR('',#15775);
#17257 = STYLED_ITEM('color',(#17258),#1546);
#17258 = PRESENTATION_STYLE_ASSIGNMENT((#17259));
#17259 = SURFACE_STYLE_USAGE(.BOTH.,#17260);
#17260 = SURFACE_SIDE_STYLE('',(#17261));
#17261 = SURFACE_STYLE_FILL_AREA(#17262);
#17262 = FILL_AREA_STYLE('',(#17263));
#17263 = FILL_AREA_STYLE_COLOUR('',#15704);
#17264 = STYLED_ITEM('color',(#17265),#1632);
#17265 = PRESENTATION_STYLE_ASSIGNMENT((#17266));
#17266 = SURFACE_STYLE_USAGE(.BOTH.,#17267);
#17267 = SURFACE_SIDE_STYLE('',(#17268));
#17268 = SURFACE_STYLE_FILL_AREA(#17269);
#17269 = FILL_AREA_STYLE('',(#17270));
#17270 = FILL_AREA_STYLE_COLOUR('',#15704);
#17271 = STYLED_ITEM('color',(#17272),#1663);
#17272 = PRESENTATION_STYLE_ASSIGNMENT((#17273));
#17273 = SURFACE_STYLE_USAGE(.BOTH.,#17274);
#17274 = SURFACE_SIDE_STYLE('',(#17275));
#17275 = SURFACE_STYLE_FILL_AREA(#17276);
#17276 = FILL_AREA_STYLE('',(#17277));
#17277 = FILL_AREA_STYLE_COLOUR('',#15704);
#17278 = STYLED_ITEM('color',(#17279),#1688);
#17279 = PRESENTATION_STYLE_ASSIGNMENT((#17280));
#17280 = SURFACE_STYLE_USAGE(.BOTH.,#17281);
#17281 = SURFACE_SIDE_STYLE('',(#17282));
#17282 = SURFACE_STYLE_FILL_AREA(#17283);
#17283 = FILL_AREA_STYLE('',(#17284));
#17284 = FILL_AREA_STYLE_COLOUR('',#15704);
#17285 = STYLED_ITEM('color',(#17286),#1713);
#17286 = PRESENTATION_STYLE_ASSIGNMENT((#17287));
#17287 = SURFACE_STYLE_USAGE(.BOTH.,#17288);
#17288 = SURFACE_SIDE_STYLE('',(#17289));
#17289 = SURFACE_STYLE_FILL_AREA(#17290);
#17290 = FILL_AREA_STYLE('',(#17291));
#17291 = FILL_AREA_STYLE_COLOUR('',#15704);
#17292 = STYLED_ITEM('color',(#17293),#1737);
#17293 = PRESENTATION_STYLE_ASSIGNMENT((#17294));
#17294 = SURFACE_STYLE_USAGE(.BOTH.,#17295);
#17295 = SURFACE_SIDE_STYLE('',(#17296));
#17296 = SURFACE_STYLE_FILL_AREA(#17297);
#17297 = FILL_AREA_STYLE('',(#17298));
#17298 = FILL_AREA_STYLE_COLOUR('',#15704);
#17299 = STYLED_ITEM('color',(#17300),#1761);
#17300 = PRESENTATION_STYLE_ASSIGNMENT((#17301));
#17301 = SURFACE_STYLE_USAGE(.BOTH.,#17302);
#17302 = SURFACE_SIDE_STYLE('',(#17303));
#17303 = SURFACE_STYLE_FILL_AREA(#17304);
#17304 = FILL_AREA_STYLE('',(#17305));
#17305 = FILL_AREA_STYLE_COLOUR('',#15704);
#17306 = STYLED_ITEM('color',(#17307),#1786);
#17307 = PRESENTATION_STYLE_ASSIGNMENT((#17308));
#17308 = SURFACE_STYLE_USAGE(.BOTH.,#17309);
#17309 = SURFACE_SIDE_STYLE('',(#17310));
#17310 = SURFACE_STYLE_FILL_AREA(#17311);
#17311 = FILL_AREA_STYLE('',(#17312));
#17312 = FILL_AREA_STYLE_COLOUR('',#15704);
#17313 = STYLED_ITEM('color',(#17314),#1811);
#17314 = PRESENTATION_STYLE_ASSIGNMENT((#17315));
#17315 = SURFACE_STYLE_USAGE(.BOTH.,#17316);
#17316 = SURFACE_SIDE_STYLE('',(#17317));
#17317 = SURFACE_STYLE_FILL_AREA(#17318);
#17318 = FILL_AREA_STYLE('',(#17319));
#17319 = FILL_AREA_STYLE_COLOUR('',#15704);
#17320 = STYLED_ITEM('color',(#17321),#1828);
#17321 = PRESENTATION_STYLE_ASSIGNMENT((#17322));
#17322 = SURFACE_STYLE_USAGE(.BOTH.,#17323);
#17323 = SURFACE_SIDE_STYLE('',(#17324));
#17324 = SURFACE_STYLE_FILL_AREA(#17325);
#17325 = FILL_AREA_STYLE('',(#17326));
#17326 = FILL_AREA_STYLE_COLOUR('',#15704);
#17327 = MECHANICAL_DESIGN_GEOMETRIC_PRESENTATION_REPRESENTATION('',(
    #17328,#17338,#17347,#17356,#17365,#17374,#17383,#17392,#17401,
    #17410,#17419,#17428,#17437,#17446,#17455,#17464),#8686);
#17328 = STYLED_ITEM('color',(#17329),#8208);
#17329 = PRESENTATION_STYLE_ASSIGNMENT((#17330,#17336));
#17330 = SURFACE_STYLE_USAGE(.BOTH.,#17331);
#17331 = SURFACE_SIDE_STYLE('',(#17332));
#17332 = SURFACE_STYLE_FILL_AREA(#17333);
#17333 = FILL_AREA_STYLE('',(#17334));
#17334 = FILL_AREA_STYLE_COLOUR('',#17335);
#17335 = COLOUR_RGB('',0.250000000672,0.261999998232,0.280999994281);
#17336 = CURVE_STYLE('',#17337,POSITIVE_LENGTH_MEASURE(0.1),#17335);
#17337 = DRAUGHTING_PRE_DEFINED_CURVE_FONT('continuous');
#17338 = STYLED_ITEM('color',(#17339),#8280);
#17339 = PRESENTATION_STYLE_ASSIGNMENT((#17340,#17345));
#17340 = SURFACE_STYLE_USAGE(.BOTH.,#17341);
#17341 = SURFACE_SIDE_STYLE('',(#17342));
#17342 = SURFACE_STYLE_FILL_AREA(#17343);
#17343 = FILL_AREA_STYLE('',(#17344));
#17344 = FILL_AREA_STYLE_COLOUR('',#17335);
#17345 = CURVE_STYLE('',#17346,POSITIVE_LENGTH_MEASURE(0.1),#17335);
#17346 = DRAUGHTING_PRE_DEFINED_CURVE_FONT('continuous');
#17347 = STYLED_ITEM('color',(#17348),#8311);
#17348 = PRESENTATION_STYLE_ASSIGNMENT((#17349,#17354));
#17349 = SURFACE_STYLE_USAGE(.BOTH.,#17350);
#17350 = SURFACE_SIDE_STYLE('',(#17351));
#17351 = SURFACE_STYLE_FILL_AREA(#17352);
#17352 = FILL_AREA_STYLE('',(#17353));
#17353 = FILL_AREA_STYLE_COLOUR('',#17335);
#17354 = CURVE_STYLE('',#17355,POSITIVE_LENGTH_MEASURE(0.1),#17335);
#17355 = DRAUGHTING_PRE_DEFINED_CURVE_FONT('continuous');
#17356 = STYLED_ITEM('color',(#17357),#8335);
#17357 = PRESENTATION_STYLE_ASSIGNMENT((#17358,#17363));
#17358 = SURFACE_STYLE_USAGE(.BOTH.,#17359);
#17359 = SURFACE_SIDE_STYLE('',(#17360));
#17360 = SURFACE_STYLE_FILL_AREA(#17361);
#17361 = FILL_AREA_STYLE('',(#17362));
#17362 = FILL_AREA_STYLE_COLOUR('',#17335);
#17363 = CURVE_STYLE('',#17364,POSITIVE_LENGTH_MEASURE(0.1),#17335);
#17364 = DRAUGHTING_PRE_DEFINED_CURVE_FONT('continuous');
#17365 = STYLED_ITEM('color',(#17366),#8414);
#17366 = PRESENTATION_STYLE_ASSIGNMENT((#17367,#17372));
#17367 = SURFACE_STYLE_USAGE(.BOTH.,#17368);
#17368 = SURFACE_SIDE_STYLE('',(#17369));
#17369 = SURFACE_STYLE_FILL_AREA(#17370);
#17370 = FILL_AREA_STYLE('',(#17371));
#17371 = FILL_AREA_STYLE_COLOUR('',#15704);
#17372 = CURVE_STYLE('',#17373,POSITIVE_LENGTH_MEASURE(0.1),#15704);
#17373 = DRAUGHTING_PRE_DEFINED_CURVE_FONT('continuous');
#17374 = STYLED_ITEM('color',(#17375),#8445);
#17375 = PRESENTATION_STYLE_ASSIGNMENT((#17376,#17381));
#17376 = SURFACE_STYLE_USAGE(.BOTH.,#17377);
#17377 = SURFACE_SIDE_STYLE('',(#17378));
#17378 = SURFACE_STYLE_FILL_AREA(#17379);
#17379 = FILL_AREA_STYLE('',(#17380));
#17380 = FILL_AREA_STYLE_COLOUR('',#15704);
#17381 = CURVE_STYLE('',#17382,POSITIVE_LENGTH_MEASURE(0.1),#15704);
#17382 = DRAUGHTING_PRE_DEFINED_CURVE_FONT('continuous');
#17383 = STYLED_ITEM('color',(#17384),#8469);
#17384 = PRESENTATION_STYLE_ASSIGNMENT((#17385,#17390));
#17385 = SURFACE_STYLE_USAGE(.BOTH.,#17386);
#17386 = SURFACE_SIDE_STYLE('',(#17387));
#17387 = SURFACE_STYLE_FILL_AREA(#17388);
#17388 = FILL_AREA_STYLE('',(#17389));
#17389 = FILL_AREA_STYLE_COLOUR('',#15704);
#17390 = CURVE_STYLE('',#17391,POSITIVE_LENGTH_MEASURE(0.1),#15704);
#17391 = DRAUGHTING_PRE_DEFINED_CURVE_FONT('continuous');
#17392 = STYLED_ITEM('color',(#17393),#8493);
#17393 = PRESENTATION_STYLE_ASSIGNMENT((#17394,#17399));
#17394 = SURFACE_STYLE_USAGE(.BOTH.,#17395);
#17395 = SURFACE_SIDE_STYLE('',(#17396));
#17396 = SURFACE_STYLE_FILL_AREA(#17397);
#17397 = FILL_AREA_STYLE('',(#17398));
#17398 = FILL_AREA_STYLE_COLOUR('',#17335);
#17399 = CURVE_STYLE('',#17400,POSITIVE_LENGTH_MEASURE(0.1),#17335);
#17400 = DRAUGHTING_PRE_DEFINED_CURVE_FONT('continuous');
#17401 = STYLED_ITEM('color',(#17402),#8510);
#17402 = PRESENTATION_STYLE_ASSIGNMENT((#17403,#17408));
#17403 = SURFACE_STYLE_USAGE(.BOTH.,#17404);
#17404 = SURFACE_SIDE_STYLE('',(#17405));
#17405 = SURFACE_STYLE_FILL_AREA(#17406);
#17406 = FILL_AREA_STYLE('',(#17407));
#17407 = FILL_AREA_STYLE_COLOUR('',#17335);
#17408 = CURVE_STYLE('',#17409,POSITIVE_LENGTH_MEASURE(0.1),#17335);
#17409 = DRAUGHTING_PRE_DEFINED_CURVE_FONT('continuous');
#17410 = STYLED_ITEM('color',(#17411),#8545);
#17411 = PRESENTATION_STYLE_ASSIGNMENT((#17412,#17417));
#17412 = SURFACE_STYLE_USAGE(.BOTH.,#17413);
#17413 = SURFACE_SIDE_STYLE('',(#17414));
#17414 = SURFACE_STYLE_FILL_AREA(#17415);
#17415 = FILL_AREA_STYLE('',(#17416));
#17416 = FILL_AREA_STYLE_COLOUR('',#15704);
#17417 = CURVE_STYLE('',#17418,POSITIVE_LENGTH_MEASURE(0.1),#15704);
#17418 = DRAUGHTING_PRE_DEFINED_CURVE_FONT('continuous');
#17419 = STYLED_ITEM('color',(#17420),#8564);
#17420 = PRESENTATION_STYLE_ASSIGNMENT((#17421,#17426));
#17421 = SURFACE_STYLE_USAGE(.BOTH.,#17422);
#17422 = SURFACE_SIDE_STYLE('',(#17423));
#17423 = SURFACE_STYLE_FILL_AREA(#17424);
#17424 = FILL_AREA_STYLE('',(#17425));
#17425 = FILL_AREA_STYLE_COLOUR('',#15704);
#17426 = CURVE_STYLE('',#17427,POSITIVE_LENGTH_MEASURE(0.1),#15704);
#17427 = DRAUGHTING_PRE_DEFINED_CURVE_FONT('continuous');
#17428 = STYLED_ITEM('color',(#17429),#8597);
#17429 = PRESENTATION_STYLE_ASSIGNMENT((#17430,#17435));
#17430 = SURFACE_STYLE_USAGE(.BOTH.,#17431);
#17431 = SURFACE_SIDE_STYLE('',(#17432));
#17432 = SURFACE_STYLE_FILL_AREA(#17433);
#17433 = FILL_AREA_STYLE('',(#17434));
#17434 = FILL_AREA_STYLE_COLOUR('',#15704);
#17435 = CURVE_STYLE('',#17436,POSITIVE_LENGTH_MEASURE(0.1),#15704);
#17436 = DRAUGHTING_PRE_DEFINED_CURVE_FONT('continuous');
#17437 = STYLED_ITEM('color',(#17438),#8609);
#17438 = PRESENTATION_STYLE_ASSIGNMENT((#17439,#17444));
#17439 = SURFACE_STYLE_USAGE(.BOTH.,#17440);
#17440 = SURFACE_SIDE_STYLE('',(#17441));
#17441 = SURFACE_STYLE_FILL_AREA(#17442);
#17442 = FILL_AREA_STYLE('',(#17443));
#17443 = FILL_AREA_STYLE_COLOUR('',#15704);
#17444 = CURVE_STYLE('',#17445,POSITIVE_LENGTH_MEASURE(0.1),#15704);
#17445 = DRAUGHTING_PRE_DEFINED_CURVE_FONT('continuous');
#17446 = STYLED_ITEM('color',(#17447),#8633);
#17447 = PRESENTATION_STYLE_ASSIGNMENT((#17448,#17453));
#17448 = SURFACE_STYLE_USAGE(.BOTH.,#17449);
#17449 = SURFACE_SIDE_STYLE('',(#17450));
#17450 = SURFACE_STYLE_FILL_AREA(#17451);
#17451 = FILL_AREA_STYLE('',(#17452));
#17452 = FILL_AREA_STYLE_COLOUR('',#15704);
#17453 = CURVE_STYLE('',#17454,POSITIVE_LENGTH_MEASURE(0.1),#15704);
#17454 = DRAUGHTING_PRE_DEFINED_CURVE_FONT('continuous');
#17455 = STYLED_ITEM('color',(#17456),#8657);
#17456 = PRESENTATION_STYLE_ASSIGNMENT((#17457,#17462));
#17457 = SURFACE_STYLE_USAGE(.BOTH.,#17458);
#17458 = SURFACE_SIDE_STYLE('',(#17459));
#17459 = SURFACE_STYLE_FILL_AREA(#17460);
#17460 = FILL_AREA_STYLE('',(#17461));
#17461 = FILL_AREA_STYLE_COLOUR('',#15704);
#17462 = CURVE_STYLE('',#17463,POSITIVE_LENGTH_MEASURE(0.1),#15704);
#17463 = DRAUGHTING_PRE_DEFINED_CURVE_FONT('continuous');
#17464 = STYLED_ITEM('color',(#17465),#8674);
#17465 = PRESENTATION_STYLE_ASSIGNMENT((#17466,#17471));
#17466 = SURFACE_STYLE_USAGE(.BOTH.,#17467);
#17467 = SURFACE_SIDE_STYLE('',(#17468));
#17468 = SURFACE_STYLE_FILL_AREA(#17469);
#17469 = FILL_AREA_STYLE('',(#17470));
#17470 = FILL_AREA_STYLE_COLOUR('',#15704);
#17471 = CURVE_STYLE('',#17472,POSITIVE_LENGTH_MEASURE(0.1),#15704);
#17472 = DRAUGHTING_PRE_DEFINED_CURVE_FONT('continuous');
#17473 = MECHANICAL_DESIGN_GEOMETRIC_PRESENTATION_REPRESENTATION('',(
    #17474),#15685);
#17474 = STYLED_ITEM('color',(#17475),#15379);
#17475 = PRESENTATION_STYLE_ASSIGNMENT((#17476));
#17476 = SURFACE_STYLE_USAGE(.BOTH.,#17477);
#17477 = SURFACE_SIDE_STYLE('',(#17478));
#17478 = SURFACE_STYLE_FILL_AREA(#17479);
#17479 = FILL_AREA_STYLE('',(#17480));
#17480 = FILL_AREA_STYLE_COLOUR('',#17481);
#17481 = COLOUR_RGB('',0.313304153717,0.484529207832,0.410020903123);
#17482 = MECHANICAL_DESIGN_GEOMETRIC_PRESENTATION_REPRESENTATION('',(
    #17483,#17493,#17502,#17511,#17520,#17529,#17538,#17547,#17556,
    #17565,#17574,#17583,#17592,#17601,#17610,#17619,#17628,#17637,
    #17646,#17655,#17664,#17673,#17682,#17691,#17700,#17709,#17718,
    #17727),#14300);
#17483 = STYLED_ITEM('color',(#17484),#13518);
#17484 = PRESENTATION_STYLE_ASSIGNMENT((#17485,#17491));
#17485 = SURFACE_STYLE_USAGE(.BOTH.,#17486);
#17486 = SURFACE_SIDE_STYLE('',(#17487));
#17487 = SURFACE_STYLE_FILL_AREA(#17488);
#17488 = FILL_AREA_STYLE('',(#17489));
#17489 = FILL_AREA_STYLE_COLOUR('',#17490);
#17490 = COLOUR_RGB('',0.147999998088,0.145000001626,0.145000001626);
#17491 = CURVE_STYLE('',#17492,POSITIVE_LENGTH_MEASURE(0.1),#17490);
#17492 = DRAUGHTING_PRE_DEFINED_CURVE_FONT('continuous');
#17493 = STYLED_ITEM('color',(#17494),#13590);
#17494 = PRESENTATION_STYLE_ASSIGNMENT((#17495,#17500));
#17495 = SURFACE_STYLE_USAGE(.BOTH.,#17496);
#17496 = SURFACE_SIDE_STYLE('',(#17497));
#17497 = SURFACE_STYLE_FILL_AREA(#17498);
#17498 = FILL_AREA_STYLE('',(#17499));
#17499 = FILL_AREA_STYLE_COLOUR('',#17490);
#17500 = CURVE_STYLE('',#17501,POSITIVE_LENGTH_MEASURE(0.1),#17490);
#17501 = DRAUGHTING_PRE_DEFINED_CURVE_FONT('continuous');
#17502 = STYLED_ITEM('color',(#17503),#13623);
#17503 = PRESENTATION_STYLE_ASSIGNMENT((#17504,#17509));
#17504 = SURFACE_STYLE_USAGE(.BOTH.,#17505);
#17505 = SURFACE_SIDE_STYLE('',(#17506));
#17506 = SURFACE_STYLE_FILL_AREA(#17507);
#17507 = FILL_AREA_STYLE('',(#17508));
#17508 = FILL_AREA_STYLE_COLOUR('',#17490);
#17509 = CURVE_STYLE('',#17510,POSITIVE_LENGTH_MEASURE(0.1),#17490);
#17510 = DRAUGHTING_PRE_DEFINED_CURVE_FONT('continuous');
#17511 = STYLED_ITEM('color',(#17512),#13656);
#17512 = PRESENTATION_STYLE_ASSIGNMENT((#17513,#17518));
#17513 = SURFACE_STYLE_USAGE(.BOTH.,#17514);
#17514 = SURFACE_SIDE_STYLE('',(#17515));
#17515 = SURFACE_STYLE_FILL_AREA(#17516);
#17516 = FILL_AREA_STYLE('',(#17517));
#17517 = FILL_AREA_STYLE_COLOUR('',#17490);
#17518 = CURVE_STYLE('',#17519,POSITIVE_LENGTH_MEASURE(0.1),#17490);
#17519 = DRAUGHTING_PRE_DEFINED_CURVE_FONT('continuous');
#17520 = STYLED_ITEM('color',(#17521),#13770);
#17521 = PRESENTATION_STYLE_ASSIGNMENT((#17522,#17527));
#17522 = SURFACE_STYLE_USAGE(.BOTH.,#17523);
#17523 = SURFACE_SIDE_STYLE('',(#17524));
#17524 = SURFACE_STYLE_FILL_AREA(#17525);
#17525 = FILL_AREA_STYLE('',(#17526));
#17526 = FILL_AREA_STYLE_COLOUR('',#15704);
#17527 = CURVE_STYLE('',#17528,POSITIVE_LENGTH_MEASURE(0.1),#15704);
#17528 = DRAUGHTING_PRE_DEFINED_CURVE_FONT('continuous');
#17529 = STYLED_ITEM('color',(#17530),#13801);
#17530 = PRESENTATION_STYLE_ASSIGNMENT((#17531,#17536));
#17531 = SURFACE_STYLE_USAGE(.BOTH.,#17532);
#17532 = SURFACE_SIDE_STYLE('',(#17533));
#17533 = SURFACE_STYLE_FILL_AREA(#17534);
#17534 = FILL_AREA_STYLE('',(#17535));
#17535 = FILL_AREA_STYLE_COLOUR('',#15704);
#17536 = CURVE_STYLE('',#17537,POSITIVE_LENGTH_MEASURE(0.1),#15704);
#17537 = DRAUGHTING_PRE_DEFINED_CURVE_FONT('continuous');
#17538 = STYLED_ITEM('color',(#17539),#13825);
#17539 = PRESENTATION_STYLE_ASSIGNMENT((#17540,#17545));
#17540 = SURFACE_STYLE_USAGE(.BOTH.,#17541);
#17541 = SURFACE_SIDE_STYLE('',(#17542));
#17542 = SURFACE_STYLE_FILL_AREA(#17543);
#17543 = FILL_AREA_STYLE('',(#17544));
#17544 = FILL_AREA_STYLE_COLOUR('',#15704);
#17545 = CURVE_STYLE('',#17546,POSITIVE_LENGTH_MEASURE(0.1),#15704);
#17546 = DRAUGHTING_PRE_DEFINED_CURVE_FONT('continuous');
#17547 = STYLED_ITEM('color',(#17548),#13849);
#17548 = PRESENTATION_STYLE_ASSIGNMENT((#17549,#17554));
#17549 = SURFACE_STYLE_USAGE(.BOTH.,#17550);
#17550 = SURFACE_SIDE_STYLE('',(#17551));
#17551 = SURFACE_STYLE_FILL_AREA(#17552);
#17552 = FILL_AREA_STYLE('',(#17553));
#17553 = FILL_AREA_STYLE_COLOUR('',#17490);
#17554 = CURVE_STYLE('',#17555,POSITIVE_LENGTH_MEASURE(0.1),#17490);
#17555 = DRAUGHTING_PRE_DEFINED_CURVE_FONT('continuous');
#17556 = STYLED_ITEM('color',(#17557),#13874);
#17557 = PRESENTATION_STYLE_ASSIGNMENT((#17558,#17563));
#17558 = SURFACE_STYLE_USAGE(.BOTH.,#17559);
#17559 = SURFACE_SIDE_STYLE('',(#17560));
#17560 = SURFACE_STYLE_FILL_AREA(#17561);
#17561 = FILL_AREA_STYLE('',(#17562));
#17562 = FILL_AREA_STYLE_COLOUR('',#17490);
#17563 = CURVE_STYLE('',#17564,POSITIVE_LENGTH_MEASURE(0.1),#17490);
#17564 = DRAUGHTING_PRE_DEFINED_CURVE_FONT('continuous');
#17565 = STYLED_ITEM('color',(#17566),#13891);
#17566 = PRESENTATION_STYLE_ASSIGNMENT((#17567,#17572));
#17567 = SURFACE_STYLE_USAGE(.BOTH.,#17568);
#17568 = SURFACE_SIDE_STYLE('',(#17569));
#17569 = SURFACE_STYLE_FILL_AREA(#17570);
#17570 = FILL_AREA_STYLE('',(#17571));
#17571 = FILL_AREA_STYLE_COLOUR('',#17490);
#17572 = CURVE_STYLE('',#17573,POSITIVE_LENGTH_MEASURE(0.1),#17490);
#17573 = DRAUGHTING_PRE_DEFINED_CURVE_FONT('continuous');
#17574 = STYLED_ITEM('color',(#17575),#13922);
#17575 = PRESENTATION_STYLE_ASSIGNMENT((#17576,#17581));
#17576 = SURFACE_STYLE_USAGE(.BOTH.,#17577);
#17577 = SURFACE_SIDE_STYLE('',(#17578));
#17578 = SURFACE_STYLE_FILL_AREA(#17579);
#17579 = FILL_AREA_STYLE('',(#17580));
#17580 = FILL_AREA_STYLE_COLOUR('',#17490);
#17581 = CURVE_STYLE('',#17582,POSITIVE_LENGTH_MEASURE(0.1),#17490);
#17582 = DRAUGHTING_PRE_DEFINED_CURVE_FONT('continuous');
#17583 = STYLED_ITEM('color',(#17584),#13939);
#17584 = PRESENTATION_STYLE_ASSIGNMENT((#17585,#17590));
#17585 = SURFACE_STYLE_USAGE(.BOTH.,#17586);
#17586 = SURFACE_SIDE_STYLE('',(#17587));
#17587 = SURFACE_STYLE_FILL_AREA(#17588);
#17588 = FILL_AREA_STYLE('',(#17589));
#17589 = FILL_AREA_STYLE_COLOUR('',#17490);
#17590 = CURVE_STYLE('',#17591,POSITIVE_LENGTH_MEASURE(0.1),#17490);
#17591 = DRAUGHTING_PRE_DEFINED_CURVE_FONT('continuous');
#17592 = STYLED_ITEM('color',(#17593),#13963);
#17593 = PRESENTATION_STYLE_ASSIGNMENT((#17594,#17599));
#17594 = SURFACE_STYLE_USAGE(.BOTH.,#17595);
#17595 = SURFACE_SIDE_STYLE('',(#17596));
#17596 = SURFACE_STYLE_FILL_AREA(#17597);
#17597 = FILL_AREA_STYLE('',(#17598));
#17598 = FILL_AREA_STYLE_COLOUR('',#15704);
#17599 = CURVE_STYLE('',#17600,POSITIVE_LENGTH_MEASURE(0.1),#15704);
#17600 = DRAUGHTING_PRE_DEFINED_CURVE_FONT('continuous');
#17601 = STYLED_ITEM('color',(#17602),#13982);
#17602 = PRESENTATION_STYLE_ASSIGNMENT((#17603,#17608));
#17603 = SURFACE_STYLE_USAGE(.BOTH.,#17604);
#17604 = SURFACE_SIDE_STYLE('',(#17605));
#17605 = SURFACE_STYLE_FILL_AREA(#17606);
#17606 = FILL_AREA_STYLE('',(#17607));
#17607 = FILL_AREA_STYLE_COLOUR('',#17490);
#17608 = CURVE_STYLE('',#17609,POSITIVE_LENGTH_MEASURE(0.1),#17490);
#17609 = DRAUGHTING_PRE_DEFINED_CURVE_FONT('continuous');
#17610 = STYLED_ITEM('color',(#17611),#14007);
#17611 = PRESENTATION_STYLE_ASSIGNMENT((#17612,#17617));
#17612 = SURFACE_STYLE_USAGE(.BOTH.,#17613);
#17613 = SURFACE_SIDE_STYLE('',(#17614));
#17614 = SURFACE_STYLE_FILL_AREA(#17615);
#17615 = FILL_AREA_STYLE('',(#17616));
#17616 = FILL_AREA_STYLE_COLOUR('',#17490);
#17617 = CURVE_STYLE('',#17618,POSITIVE_LENGTH_MEASURE(0.1),#17490);
#17618 = DRAUGHTING_PRE_DEFINED_CURVE_FONT('continuous');
#17619 = STYLED_ITEM('color',(#17620),#14054);
#17620 = PRESENTATION_STYLE_ASSIGNMENT((#17621,#17626));
#17621 = SURFACE_STYLE_USAGE(.BOTH.,#17622);
#17622 = SURFACE_SIDE_STYLE('',(#17623));
#17623 = SURFACE_STYLE_FILL_AREA(#17624);
#17624 = FILL_AREA_STYLE('',(#17625));
#17625 = FILL_AREA_STYLE_COLOUR('',#15704);
#17626 = CURVE_STYLE('',#17627,POSITIVE_LENGTH_MEASURE(0.1),#15704);
#17627 = DRAUGHTING_PRE_DEFINED_CURVE_FONT('continuous');
#17628 = STYLED_ITEM('color',(#17629),#14087);
#17629 = PRESENTATION_STYLE_ASSIGNMENT((#17630,#17635));
#17630 = SURFACE_STYLE_USAGE(.BOTH.,#17631);
#17631 = SURFACE_SIDE_STYLE('',(#17632));
#17632 = SURFACE_STYLE_FILL_AREA(#17633);
#17633 = FILL_AREA_STYLE('',(#17634));
#17634 = FILL_AREA_STYLE_COLOUR('',#17490);
#17635 = CURVE_STYLE('',#17636,POSITIVE_LENGTH_MEASURE(0.1),#17490);
#17636 = DRAUGHTING_PRE_DEFINED_CURVE_FONT('continuous');
#17637 = STYLED_ITEM('color',(#17638),#14112);
#17638 = PRESENTATION_STYLE_ASSIGNMENT((#17639,#17644));
#17639 = SURFACE_STYLE_USAGE(.BOTH.,#17640);
#17640 = SURFACE_SIDE_STYLE('',(#17641));
#17641 = SURFACE_STYLE_FILL_AREA(#17642);
#17642 = FILL_AREA_STYLE('',(#17643));
#17643 = FILL_AREA_STYLE_COLOUR('',#17490);
#17644 = CURVE_STYLE('',#17645,POSITIVE_LENGTH_MEASURE(0.1),#17490);
#17645 = DRAUGHTING_PRE_DEFINED_CURVE_FONT('continuous');
#17646 = STYLED_ITEM('color',(#17647),#14129);
#17647 = PRESENTATION_STYLE_ASSIGNMENT((#17648,#17653));
#17648 = SURFACE_STYLE_USAGE(.BOTH.,#17649);
#17649 = SURFACE_SIDE_STYLE('',(#17650));
#17650 = SURFACE_STYLE_FILL_AREA(#17651);
#17651 = FILL_AREA_STYLE('',(#17652));
#17652 = FILL_AREA_STYLE_COLOUR('',#15704);
#17653 = CURVE_STYLE('',#17654,POSITIVE_LENGTH_MEASURE(0.1),#15704);
#17654 = DRAUGHTING_PRE_DEFINED_CURVE_FONT('continuous');
#17655 = STYLED_ITEM('color',(#17656),#14141);
#17656 = PRESENTATION_STYLE_ASSIGNMENT((#17657,#17662));
#17657 = SURFACE_STYLE_USAGE(.BOTH.,#17658);
#17658 = SURFACE_SIDE_STYLE('',(#17659));
#17659 = SURFACE_STYLE_FILL_AREA(#17660);
#17660 = FILL_AREA_STYLE('',(#17661));
#17661 = FILL_AREA_STYLE_COLOUR('',#17490);
#17662 = CURVE_STYLE('',#17663,POSITIVE_LENGTH_MEASURE(0.1),#17490);
#17663 = DRAUGHTING_PRE_DEFINED_CURVE_FONT('continuous');
#17664 = STYLED_ITEM('color',(#17665),#14159);
#17665 = PRESENTATION_STYLE_ASSIGNMENT((#17666,#17671));
#17666 = SURFACE_STYLE_USAGE(.BOTH.,#17667);
#17667 = SURFACE_SIDE_STYLE('',(#17668));
#17668 = SURFACE_STYLE_FILL_AREA(#17669);
#17669 = FILL_AREA_STYLE('',(#17670));
#17670 = FILL_AREA_STYLE_COLOUR('',#17490);
#17671 = CURVE_STYLE('',#17672,POSITIVE_LENGTH_MEASURE(0.1),#17490);
#17672 = DRAUGHTING_PRE_DEFINED_CURVE_FONT('continuous');
#17673 = STYLED_ITEM('color',(#17674),#14177);
#17674 = PRESENTATION_STYLE_ASSIGNMENT((#17675,#17680));
#17675 = SURFACE_STYLE_USAGE(.BOTH.,#17676);
#17676 = SURFACE_SIDE_STYLE('',(#17677));
#17677 = SURFACE_STYLE_FILL_AREA(#17678);
#17678 = FILL_AREA_STYLE('',(#17679));
#17679 = FILL_AREA_STYLE_COLOUR('',#17490);
#17680 = CURVE_STYLE('',#17681,POSITIVE_LENGTH_MEASURE(0.1),#17490);
#17681 = DRAUGHTING_PRE_DEFINED_CURVE_FONT('continuous');
#17682 = STYLED_ITEM('color',(#17683),#14201);
#17683 = PRESENTATION_STYLE_ASSIGNMENT((#17684,#17689));
#17684 = SURFACE_STYLE_USAGE(.BOTH.,#17685);
#17685 = SURFACE_SIDE_STYLE('',(#17686));
#17686 = SURFACE_STYLE_FILL_AREA(#17687);
#17687 = FILL_AREA_STYLE('',(#17688));
#17688 = FILL_AREA_STYLE_COLOUR('',#17490);
#17689 = CURVE_STYLE('',#17690,POSITIVE_LENGTH_MEASURE(0.1),#17490);
#17690 = DRAUGHTING_PRE_DEFINED_CURVE_FONT('continuous');
#17691 = STYLED_ITEM('color',(#17692),#14212);
#17692 = PRESENTATION_STYLE_ASSIGNMENT((#17693,#17698));
#17693 = SURFACE_STYLE_USAGE(.BOTH.,#17694);
#17694 = SURFACE_SIDE_STYLE('',(#17695));
#17695 = SURFACE_STYLE_FILL_AREA(#17696);
#17696 = FILL_AREA_STYLE('',(#17697));
#17697 = FILL_AREA_STYLE_COLOUR('',#15704);
#17698 = CURVE_STYLE('',#17699,POSITIVE_LENGTH_MEASURE(0.1),#15704);
#17699 = DRAUGHTING_PRE_DEFINED_CURVE_FONT('continuous');
#17700 = STYLED_ITEM('color',(#17701),#14236);
#17701 = PRESENTATION_STYLE_ASSIGNMENT((#17702,#17707));
#17702 = SURFACE_STYLE_USAGE(.BOTH.,#17703);
#17703 = SURFACE_SIDE_STYLE('',(#17704));
#17704 = SURFACE_STYLE_FILL_AREA(#17705);
#17705 = FILL_AREA_STYLE('',(#17706));
#17706 = FILL_AREA_STYLE_COLOUR('',#15704);
#17707 = CURVE_STYLE('',#17708,POSITIVE_LENGTH_MEASURE(0.1),#15704);
#17708 = DRAUGHTING_PRE_DEFINED_CURVE_FONT('continuous');
#17709 = STYLED_ITEM('color',(#17710),#14260);
#17710 = PRESENTATION_STYLE_ASSIGNMENT((#17711,#17716));
#17711 = SURFACE_STYLE_USAGE(.BOTH.,#17712);
#17712 = SURFACE_SIDE_STYLE('',(#17713));
#17713 = SURFACE_STYLE_FILL_AREA(#17714);
#17714 = FILL_AREA_STYLE('',(#17715));
#17715 = FILL_AREA_STYLE_COLOUR('',#15704);
#17716 = CURVE_STYLE('',#17717,POSITIVE_LENGTH_MEASURE(0.1),#15704);
#17717 = DRAUGHTING_PRE_DEFINED_CURVE_FONT('continuous');
#17718 = STYLED_ITEM('color',(#17719),#14277);
#17719 = PRESENTATION_STYLE_ASSIGNMENT((#17720,#17725));
#17720 = SURFACE_STYLE_USAGE(.BOTH.,#17721);
#17721 = SURFACE_SIDE_STYLE('',(#17722));
#17722 = SURFACE_STYLE_FILL_AREA(#17723);
#17723 = FILL_AREA_STYLE('',(#17724));
#17724 = FILL_AREA_STYLE_COLOUR('',#15704);
#17725 = CURVE_STYLE('',#17726,POSITIVE_LENGTH_MEASURE(0.1),#15704);
#17726 = DRAUGHTING_PRE_DEFINED_CURVE_FONT('continuous');
#17727 = STYLED_ITEM('color',(#17728),#14289);
#17728 = PRESENTATION_STYLE_ASSIGNMENT((#17729,#17734));
#17729 = SURFACE_STYLE_USAGE(.BOTH.,#17730);
#17730 = SURFACE_SIDE_STYLE('',(#17731));
#17731 = SURFACE_STYLE_FILL_AREA(#17732);
#17732 = FILL_AREA_STYLE('',(#17733));
#17733 = FILL_AREA_STYLE_COLOUR('',#17490);
#17734 = CURVE_STYLE('',#17735,POSITIVE_LENGTH_MEASURE(0.1),#17490);
#17735 = DRAUGHTING_PRE_DEFINED_CURVE_FONT('continuous');
#17736 = MECHANICAL_DESIGN_GEOMETRIC_PRESENTATION_REPRESENTATION('',(
    #17737,#17744,#17751,#17758,#17765,#17772,#17779,#17786,#17793,
    #17800,#17807,#17814,#17821,#17828,#17835,#17842,#17849,#17856,
    #17863,#17870,#17877,#17884,#17891,#17898,#17905,#17912,#17919,
    #17926),#8172);
#17737 = STYLED_ITEM('color',(#17738),#7320);
#17738 = PRESENTATION_STYLE_ASSIGNMENT((#17739));
#17739 = SURFACE_STYLE_USAGE(.BOTH.,#17740);
#17740 = SURFACE_SIDE_STYLE('',(#17741));
#17741 = SURFACE_STYLE_FILL_AREA(#17742);
#17742 = FILL_AREA_STYLE('',(#17743));
#17743 = FILL_AREA_STYLE_COLOUR('',#15704);
#17744 = STYLED_ITEM('color',(#17745),#7396);
#17745 = PRESENTATION_STYLE_ASSIGNMENT((#17746));
#17746 = SURFACE_STYLE_USAGE(.BOTH.,#17747);
#17747 = SURFACE_SIDE_STYLE('',(#17748));
#17748 = SURFACE_STYLE_FILL_AREA(#17749);
#17749 = FILL_AREA_STYLE('',(#17750));
#17750 = FILL_AREA_STYLE_COLOUR('',#15704);
#17751 = STYLED_ITEM('color',(#17752),#7427);
#17752 = PRESENTATION_STYLE_ASSIGNMENT((#17753));
#17753 = SURFACE_STYLE_USAGE(.BOTH.,#17754);
#17754 = SURFACE_SIDE_STYLE('',(#17755));
#17755 = SURFACE_STYLE_FILL_AREA(#17756);
#17756 = FILL_AREA_STYLE('',(#17757));
#17757 = FILL_AREA_STYLE_COLOUR('',#15704);
#17758 = STYLED_ITEM('color',(#17759),#7452);
#17759 = PRESENTATION_STYLE_ASSIGNMENT((#17760));
#17760 = SURFACE_STYLE_USAGE(.BOTH.,#17761);
#17761 = SURFACE_SIDE_STYLE('',(#17762));
#17762 = SURFACE_STYLE_FILL_AREA(#17763);
#17763 = FILL_AREA_STYLE('',(#17764));
#17764 = FILL_AREA_STYLE_COLOUR('',#15704);
#17765 = STYLED_ITEM('color',(#17766),#7477);
#17766 = PRESENTATION_STYLE_ASSIGNMENT((#17767));
#17767 = SURFACE_STYLE_USAGE(.BOTH.,#17768);
#17768 = SURFACE_SIDE_STYLE('',(#17769));
#17769 = SURFACE_STYLE_FILL_AREA(#17770);
#17770 = FILL_AREA_STYLE('',(#17771));
#17771 = FILL_AREA_STYLE_COLOUR('',#15704);
#17772 = STYLED_ITEM('color',(#17773),#7501);
#17773 = PRESENTATION_STYLE_ASSIGNMENT((#17774));
#17774 = SURFACE_STYLE_USAGE(.BOTH.,#17775);
#17775 = SURFACE_SIDE_STYLE('',(#17776));
#17776 = SURFACE_STYLE_FILL_AREA(#17777);
#17777 = FILL_AREA_STYLE('',(#17778));
#17778 = FILL_AREA_STYLE_COLOUR('',#15704);
#17779 = STYLED_ITEM('color',(#17780),#7525);
#17780 = PRESENTATION_STYLE_ASSIGNMENT((#17781));
#17781 = SURFACE_STYLE_USAGE(.BOTH.,#17782);
#17782 = SURFACE_SIDE_STYLE('',(#17783));
#17783 = SURFACE_STYLE_FILL_AREA(#17784);
#17784 = FILL_AREA_STYLE('',(#17785));
#17785 = FILL_AREA_STYLE_COLOUR('',#15704);
#17786 = STYLED_ITEM('color',(#17787),#7550);
#17787 = PRESENTATION_STYLE_ASSIGNMENT((#17788));
#17788 = SURFACE_STYLE_USAGE(.BOTH.,#17789);
#17789 = SURFACE_SIDE_STYLE('',(#17790));
#17790 = SURFACE_STYLE_FILL_AREA(#17791);
#17791 = FILL_AREA_STYLE('',(#17792));
#17792 = FILL_AREA_STYLE_COLOUR('',#15704);
#17793 = STYLED_ITEM('color',(#17794),#7575);
#17794 = PRESENTATION_STYLE_ASSIGNMENT((#17795));
#17795 = SURFACE_STYLE_USAGE(.BOTH.,#17796);
#17796 = SURFACE_SIDE_STYLE('',(#17797));
#17797 = SURFACE_STYLE_FILL_AREA(#17798);
#17798 = FILL_AREA_STYLE('',(#17799));
#17799 = FILL_AREA_STYLE_COLOUR('',#15704);
#17800 = STYLED_ITEM('color',(#17801),#7592);
#17801 = PRESENTATION_STYLE_ASSIGNMENT((#17802));
#17802 = SURFACE_STYLE_USAGE(.BOTH.,#17803);
#17803 = SURFACE_SIDE_STYLE('',(#17804));
#17804 = SURFACE_STYLE_FILL_AREA(#17805);
#17805 = FILL_AREA_STYLE('',(#17806));
#17806 = FILL_AREA_STYLE_COLOUR('',#15704);
#17807 = STYLED_ITEM('color',(#17808),#7678);
#17808 = PRESENTATION_STYLE_ASSIGNMENT((#17809));
#17809 = SURFACE_STYLE_USAGE(.BOTH.,#17810);
#17810 = SURFACE_SIDE_STYLE('',(#17811));
#17811 = SURFACE_STYLE_FILL_AREA(#17812);
#17812 = FILL_AREA_STYLE('',(#17813));
#17813 = FILL_AREA_STYLE_COLOUR('',#15775);
#17814 = STYLED_ITEM('color',(#17815),#7710);
#17815 = PRESENTATION_STYLE_ASSIGNMENT((#17816));
#17816 = SURFACE_STYLE_USAGE(.BOTH.,#17817);
#17817 = SURFACE_SIDE_STYLE('',(#17818));
#17818 = SURFACE_STYLE_FILL_AREA(#17819);
#17819 = FILL_AREA_STYLE('',(#17820));
#17820 = FILL_AREA_STYLE_COLOUR('',#15775);
#17821 = STYLED_ITEM('color',(#17822),#7734);
#17822 = PRESENTATION_STYLE_ASSIGNMENT((#17823));
#17823 = SURFACE_STYLE_USAGE(.BOTH.,#17824);
#17824 = SURFACE_SIDE_STYLE('',(#17825));
#17825 = SURFACE_STYLE_FILL_AREA(#17826);
#17826 = FILL_AREA_STYLE('',(#17827));
#17827 = FILL_AREA_STYLE_COLOUR('',#15775);
#17828 = STYLED_ITEM('color',(#17829),#7759);
#17829 = PRESENTATION_STYLE_ASSIGNMENT((#17830));
#17830 = SURFACE_STYLE_USAGE(.BOTH.,#17831);
#17831 = SURFACE_SIDE_STYLE('',(#17832));
#17832 = SURFACE_STYLE_FILL_AREA(#17833);
#17833 = FILL_AREA_STYLE('',(#17834));
#17834 = FILL_AREA_STYLE_COLOUR('',#15775);
#17835 = STYLED_ITEM('color',(#17836),#7783);
#17836 = PRESENTATION_STYLE_ASSIGNMENT((#17837));
#17837 = SURFACE_STYLE_USAGE(.BOTH.,#17838);
#17838 = SURFACE_SIDE_STYLE('',(#17839));
#17839 = SURFACE_STYLE_FILL_AREA(#17840);
#17840 = FILL_AREA_STYLE('',(#17841));
#17841 = FILL_AREA_STYLE_COLOUR('',#15775);
#17842 = STYLED_ITEM('color',(#17843),#7808);
#17843 = PRESENTATION_STYLE_ASSIGNMENT((#17844));
#17844 = SURFACE_STYLE_USAGE(.BOTH.,#17845);
#17845 = SURFACE_SIDE_STYLE('',(#17846));
#17846 = SURFACE_STYLE_FILL_AREA(#17847);
#17847 = FILL_AREA_STYLE('',(#17848));
#17848 = FILL_AREA_STYLE_COLOUR('',#15775);
#17849 = STYLED_ITEM('color',(#17850),#7832);
#17850 = PRESENTATION_STYLE_ASSIGNMENT((#17851));
#17851 = SURFACE_STYLE_USAGE(.BOTH.,#17852);
#17852 = SURFACE_SIDE_STYLE('',(#17853));
#17853 = SURFACE_STYLE_FILL_AREA(#17854);
#17854 = FILL_AREA_STYLE('',(#17855));
#17855 = FILL_AREA_STYLE_COLOUR('',#15775);
#17856 = STYLED_ITEM('color',(#17857),#7857);
#17857 = PRESENTATION_STYLE_ASSIGNMENT((#17858));
#17858 = SURFACE_STYLE_USAGE(.BOTH.,#17859);
#17859 = SURFACE_SIDE_STYLE('',(#17860));
#17860 = SURFACE_STYLE_FILL_AREA(#17861);
#17861 = FILL_AREA_STYLE('',(#17862));
#17862 = FILL_AREA_STYLE_COLOUR('',#15775);
#17863 = STYLED_ITEM('color',(#17864),#7874);
#17864 = PRESENTATION_STYLE_ASSIGNMENT((#17865));
#17865 = SURFACE_STYLE_USAGE(.BOTH.,#17866);
#17866 = SURFACE_SIDE_STYLE('',(#17867));
#17867 = SURFACE_STYLE_FILL_AREA(#17868);
#17868 = FILL_AREA_STYLE('',(#17869));
#17869 = FILL_AREA_STYLE_COLOUR('',#15704);
#17870 = STYLED_ITEM('color',(#17871),#7960);
#17871 = PRESENTATION_STYLE_ASSIGNMENT((#17872));
#17872 = SURFACE_STYLE_USAGE(.BOTH.,#17873);
#17873 = SURFACE_SIDE_STYLE('',(#17874));
#17874 = SURFACE_STYLE_FILL_AREA(#17875);
#17875 = FILL_AREA_STYLE('',(#17876));
#17876 = FILL_AREA_STYLE_COLOUR('',#15704);
#17877 = STYLED_ITEM('color',(#17878),#7991);
#17878 = PRESENTATION_STYLE_ASSIGNMENT((#17879));
#17879 = SURFACE_STYLE_USAGE(.BOTH.,#17880);
#17880 = SURFACE_SIDE_STYLE('',(#17881));
#17881 = SURFACE_STYLE_FILL_AREA(#17882);
#17882 = FILL_AREA_STYLE('',(#17883));
#17883 = FILL_AREA_STYLE_COLOUR('',#15704);
#17884 = STYLED_ITEM('color',(#17885),#8016);
#17885 = PRESENTATION_STYLE_ASSIGNMENT((#17886));
#17886 = SURFACE_STYLE_USAGE(.BOTH.,#17887);
#17887 = SURFACE_SIDE_STYLE('',(#17888));
#17888 = SURFACE_STYLE_FILL_AREA(#17889);
#17889 = FILL_AREA_STYLE('',(#17890));
#17890 = FILL_AREA_STYLE_COLOUR('',#15704);
#17891 = STYLED_ITEM('color',(#17892),#8041);
#17892 = PRESENTATION_STYLE_ASSIGNMENT((#17893));
#17893 = SURFACE_STYLE_USAGE(.BOTH.,#17894);
#17894 = SURFACE_SIDE_STYLE('',(#17895));
#17895 = SURFACE_STYLE_FILL_AREA(#17896);
#17896 = FILL_AREA_STYLE('',(#17897));
#17897 = FILL_AREA_STYLE_COLOUR('',#15704);
#17898 = STYLED_ITEM('color',(#17899),#8065);
#17899 = PRESENTATION_STYLE_ASSIGNMENT((#17900));
#17900 = SURFACE_STYLE_USAGE(.BOTH.,#17901);
#17901 = SURFACE_SIDE_STYLE('',(#17902));
#17902 = SURFACE_STYLE_FILL_AREA(#17903);
#17903 = FILL_AREA_STYLE('',(#17904));
#17904 = FILL_AREA_STYLE_COLOUR('',#15704);
#17905 = STYLED_ITEM('color',(#17906),#8089);
#17906 = PRESENTATION_STYLE_ASSIGNMENT((#17907));
#17907 = SURFACE_STYLE_USAGE(.BOTH.,#17908);
#17908 = SURFACE_SIDE_STYLE('',(#17909));
#17909 = SURFACE_STYLE_FILL_AREA(#17910);
#17910 = FILL_AREA_STYLE('',(#17911));
#17911 = FILL_AREA_STYLE_COLOUR('',#15704);
#17912 = STYLED_ITEM('color',(#17913),#8114);
#17913 = PRESENTATION_STYLE_ASSIGNMENT((#17914));
#17914 = SURFACE_STYLE_USAGE(.BOTH.,#17915);
#17915 = SURFACE_SIDE_STYLE('',(#17916));
#17916 = SURFACE_STYLE_FILL_AREA(#17917);
#17917 = FILL_AREA_STYLE('',(#17918));
#17918 = FILL_AREA_STYLE_COLOUR('',#15704);
#17919 = STYLED_ITEM('color',(#17920),#8139);
#17920 = PRESENTATION_STYLE_ASSIGNMENT((#17921));
#17921 = SURFACE_STYLE_USAGE(.BOTH.,#17922);
#17922 = SURFACE_SIDE_STYLE('',(#17923));
#17923 = SURFACE_STYLE_FILL_AREA(#17924);
#17924 = FILL_AREA_STYLE('',(#17925));
#17925 = FILL_AREA_STYLE_COLOUR('',#15704);
#17926 = STYLED_ITEM('color',(#17927),#8156);
#17927 = PRESENTATION_STYLE_ASSIGNMENT((#17928));
#17928 = SURFACE_STYLE_USAGE(.BOTH.,#17929);
#17929 = SURFACE_SIDE_STYLE('',(#17930));
#17930 = SURFACE_STYLE_FILL_AREA(#17931);
#17931 = FILL_AREA_STYLE('',(#17932));
#17932 = FILL_AREA_STYLE_COLOUR('',#15704);
#17933 = MECHANICAL_DESIGN_GEOMETRIC_PRESENTATION_REPRESENTATION('',(
    #17934,#17941,#17948,#17955,#17962,#17969,#17976,#17983,#17991,
    #17998,#18005,#18012,#18019,#18026,#18034,#18041,#18048,#18055,
    #18062,#18069,#18076,#18083,#18090,#18097,#18104,#18111),#7294);
#17934 = STYLED_ITEM('color',(#17935),#6506);
#17935 = PRESENTATION_STYLE_ASSIGNMENT((#17936));
#17936 = SURFACE_STYLE_USAGE(.BOTH.,#17937);
#17937 = SURFACE_SIDE_STYLE('',(#17938));
#17938 = SURFACE_STYLE_FILL_AREA(#17939);
#17939 = FILL_AREA_STYLE('',(#17940));
#17940 = FILL_AREA_STYLE_COLOUR('',#15704);
#17941 = STYLED_ITEM('color',(#17942),#6546);
#17942 = PRESENTATION_STYLE_ASSIGNMENT((#17943));
#17943 = SURFACE_STYLE_USAGE(.BOTH.,#17944);
#17944 = SURFACE_SIDE_STYLE('',(#17945));
#17945 = SURFACE_STYLE_FILL_AREA(#17946);
#17946 = FILL_AREA_STYLE('',(#17947));
#17947 = FILL_AREA_STYLE_COLOUR('',#15704);
#17948 = STYLED_ITEM('color',(#17949),#6629);
#17949 = PRESENTATION_STYLE_ASSIGNMENT((#17950));
#17950 = SURFACE_STYLE_USAGE(.BOTH.,#17951);
#17951 = SURFACE_SIDE_STYLE('',(#17952));
#17952 = SURFACE_STYLE_FILL_AREA(#17953);
#17953 = FILL_AREA_STYLE('',(#17954));
#17954 = FILL_AREA_STYLE_COLOUR('',#15704);
#17955 = STYLED_ITEM('color',(#17956),#6654);
#17956 = PRESENTATION_STYLE_ASSIGNMENT((#17957));
#17957 = SURFACE_STYLE_USAGE(.BOTH.,#17958);
#17958 = SURFACE_SIDE_STYLE('',(#17959));
#17959 = SURFACE_STYLE_FILL_AREA(#17960);
#17960 = FILL_AREA_STYLE('',(#17961));
#17961 = FILL_AREA_STYLE_COLOUR('',#15704);
#17962 = STYLED_ITEM('color',(#17963),#6679);
#17963 = PRESENTATION_STYLE_ASSIGNMENT((#17964));
#17964 = SURFACE_STYLE_USAGE(.BOTH.,#17965);
#17965 = SURFACE_SIDE_STYLE('',(#17966));
#17966 = SURFACE_STYLE_FILL_AREA(#17967);
#17967 = FILL_AREA_STYLE('',(#17968));
#17968 = FILL_AREA_STYLE_COLOUR('',#15704);
#17969 = STYLED_ITEM('color',(#17970),#6746);
#17970 = PRESENTATION_STYLE_ASSIGNMENT((#17971));
#17971 = SURFACE_STYLE_USAGE(.BOTH.,#17972);
#17972 = SURFACE_SIDE_STYLE('',(#17973));
#17973 = SURFACE_STYLE_FILL_AREA(#17974);
#17974 = FILL_AREA_STYLE('',(#17975));
#17975 = FILL_AREA_STYLE_COLOUR('',#15704);
#17976 = STYLED_ITEM('color',(#17977),#6763);
#17977 = PRESENTATION_STYLE_ASSIGNMENT((#17978));
#17978 = SURFACE_STYLE_USAGE(.BOTH.,#17979);
#17979 = SURFACE_SIDE_STYLE('',(#17980));
#17980 = SURFACE_STYLE_FILL_AREA(#17981);
#17981 = FILL_AREA_STYLE('',(#17982));
#17982 = FILL_AREA_STYLE_COLOUR('',#15704);
#17983 = STYLED_ITEM('color',(#17984),#6780);
#17984 = PRESENTATION_STYLE_ASSIGNMENT((#17985));
#17985 = SURFACE_STYLE_USAGE(.BOTH.,#17986);
#17986 = SURFACE_SIDE_STYLE('',(#17987));
#17987 = SURFACE_STYLE_FILL_AREA(#17988);
#17988 = FILL_AREA_STYLE('',(#17989));
#17989 = FILL_AREA_STYLE_COLOUR('',#17990);
#17990 = COLOUR_RGB('',0.894999966383,0.890999961016,0.813000030345);
#17991 = STYLED_ITEM('color',(#17992),#6829);
#17992 = PRESENTATION_STYLE_ASSIGNMENT((#17993));
#17993 = SURFACE_STYLE_USAGE(.BOTH.,#17994);
#17994 = SURFACE_SIDE_STYLE('',(#17995));
#17995 = SURFACE_STYLE_FILL_AREA(#17996);
#17996 = FILL_AREA_STYLE('',(#17997));
#17997 = FILL_AREA_STYLE_COLOUR('',#15704);
#17998 = STYLED_ITEM('color',(#17999),#6846);
#17999 = PRESENTATION_STYLE_ASSIGNMENT((#18000));
#18000 = SURFACE_STYLE_USAGE(.BOTH.,#18001);
#18001 = SURFACE_SIDE_STYLE('',(#18002));
#18002 = SURFACE_STYLE_FILL_AREA(#18003);
#18003 = FILL_AREA_STYLE('',(#18004));
#18004 = FILL_AREA_STYLE_COLOUR('',#15704);
#18005 = STYLED_ITEM('color',(#18006),#6863);
#18006 = PRESENTATION_STYLE_ASSIGNMENT((#18007));
#18007 = SURFACE_STYLE_USAGE(.BOTH.,#18008);
#18008 = SURFACE_SIDE_STYLE('',(#18009));
#18009 = SURFACE_STYLE_FILL_AREA(#18010);
#18010 = FILL_AREA_STYLE('',(#18011));
#18011 = FILL_AREA_STYLE_COLOUR('',#17990);
#18012 = STYLED_ITEM('color',(#18013),#6912);
#18013 = PRESENTATION_STYLE_ASSIGNMENT((#18014));
#18014 = SURFACE_STYLE_USAGE(.BOTH.,#18015);
#18015 = SURFACE_SIDE_STYLE('',(#18016));
#18016 = SURFACE_STYLE_FILL_AREA(#18017);
#18017 = FILL_AREA_STYLE('',(#18018));
#18018 = FILL_AREA_STYLE_COLOUR('',#17990);
#18019 = STYLED_ITEM('color',(#18020),#6929);
#18020 = PRESENTATION_STYLE_ASSIGNMENT((#18021));
#18021 = SURFACE_STYLE_USAGE(.BOTH.,#18022);
#18022 = SURFACE_SIDE_STYLE('',(#18023));
#18023 = SURFACE_STYLE_FILL_AREA(#18024);
#18024 = FILL_AREA_STYLE('',(#18025));
#18025 = FILL_AREA_STYLE_COLOUR('',#15704);
#18026 = STYLED_ITEM('color',(#18027),#6998);
#18027 = PRESENTATION_STYLE_ASSIGNMENT((#18028));
#18028 = SURFACE_STYLE_USAGE(.BOTH.,#18029);
#18029 = SURFACE_SIDE_STYLE('',(#18030));
#18030 = SURFACE_STYLE_FILL_AREA(#18031);
#18031 = FILL_AREA_STYLE('',(#18032));
#18032 = FILL_AREA_STYLE_COLOUR('',#18033);
#18033 = COLOUR_RGB('',8.200000279077E-02,8.600000121357E-02,
  9.399999706163E-02);
#18034 = STYLED_ITEM('color',(#18035),#7029);
#18035 = PRESENTATION_STYLE_ASSIGNMENT((#18036));
#18036 = SURFACE_STYLE_USAGE(.BOTH.,#18037);
#18037 = SURFACE_SIDE_STYLE('',(#18038));
#18038 = SURFACE_STYLE_FILL_AREA(#18039);
#18039 = FILL_AREA_STYLE('',(#18040));
#18040 = FILL_AREA_STYLE_COLOUR('',#18033);
#18041 = STYLED_ITEM('color',(#18042),#7053);
#18042 = PRESENTATION_STYLE_ASSIGNMENT((#18043));
#18043 = SURFACE_STYLE_USAGE(.BOTH.,#18044);
#18044 = SURFACE_SIDE_STYLE('',(#18045));
#18045 = SURFACE_STYLE_FILL_AREA(#18046);
#18046 = FILL_AREA_STYLE('',(#18047));
#18047 = FILL_AREA_STYLE_COLOUR('',#15704);
#18048 = STYLED_ITEM('color',(#18049),#7122);
#18049 = PRESENTATION_STYLE_ASSIGNMENT((#18050));
#18050 = SURFACE_STYLE_USAGE(.BOTH.,#18051);
#18051 = SURFACE_SIDE_STYLE('',(#18052));
#18052 = SURFACE_STYLE_FILL_AREA(#18053);
#18053 = FILL_AREA_STYLE('',(#18054));
#18054 = FILL_AREA_STYLE_COLOUR('',#18033);
#18055 = STYLED_ITEM('color',(#18056),#7146);
#18056 = PRESENTATION_STYLE_ASSIGNMENT((#18057));
#18057 = SURFACE_STYLE_USAGE(.BOTH.,#18058);
#18058 = SURFACE_SIDE_STYLE('',(#18059));
#18059 = SURFACE_STYLE_FILL_AREA(#18060);
#18060 = FILL_AREA_STYLE('',(#18061));
#18061 = FILL_AREA_STYLE_COLOUR('',#15704);
#18062 = STYLED_ITEM('color',(#18063),#7163);
#18063 = PRESENTATION_STYLE_ASSIGNMENT((#18064));
#18064 = SURFACE_STYLE_USAGE(.BOTH.,#18065);
#18065 = SURFACE_SIDE_STYLE('',(#18066));
#18066 = SURFACE_STYLE_FILL_AREA(#18067);
#18067 = FILL_AREA_STYLE('',(#18068));
#18068 = FILL_AREA_STYLE_COLOUR('',#15704);
#18069 = STYLED_ITEM('color',(#18070),#7180);
#18070 = PRESENTATION_STYLE_ASSIGNMENT((#18071));
#18071 = SURFACE_STYLE_USAGE(.BOTH.,#18072);
#18072 = SURFACE_SIDE_STYLE('',(#18073));
#18073 = SURFACE_STYLE_FILL_AREA(#18074);
#18074 = FILL_AREA_STYLE('',(#18075));
#18075 = FILL_AREA_STYLE_COLOUR('',#15704);
#18076 = STYLED_ITEM('color',(#18077),#7197);
#18077 = PRESENTATION_STYLE_ASSIGNMENT((#18078));
#18078 = SURFACE_STYLE_USAGE(.BOTH.,#18079);
#18079 = SURFACE_SIDE_STYLE('',(#18080));
#18080 = SURFACE_STYLE_FILL_AREA(#18081);
#18081 = FILL_AREA_STYLE('',(#18082));
#18082 = FILL_AREA_STYLE_COLOUR('',#15704);
#18083 = STYLED_ITEM('color',(#18084),#7214);
#18084 = PRESENTATION_STYLE_ASSIGNMENT((#18085));
#18085 = SURFACE_STYLE_USAGE(.BOTH.,#18086);
#18086 = SURFACE_SIDE_STYLE('',(#18087));
#18087 = SURFACE_STYLE_FILL_AREA(#18088);
#18088 = FILL_AREA_STYLE('',(#18089));
#18089 = FILL_AREA_STYLE_COLOUR('',#15704);
#18090 = STYLED_ITEM('color',(#18091),#7231);
#18091 = PRESENTATION_STYLE_ASSIGNMENT((#18092));
#18092 = SURFACE_STYLE_USAGE(.BOTH.,#18093);
#18093 = SURFACE_SIDE_STYLE('',(#18094));
#18094 = SURFACE_STYLE_FILL_AREA(#18095);
#18095 = FILL_AREA_STYLE('',(#18096));
#18096 = FILL_AREA_STYLE_COLOUR('',#15704);
#18097 = STYLED_ITEM('color',(#18098),#7248);
#18098 = PRESENTATION_STYLE_ASSIGNMENT((#18099));
#18099 = SURFACE_STYLE_USAGE(.BOTH.,#18100);
#18100 = SURFACE_SIDE_STYLE('',(#18101));
#18101 = SURFACE_STYLE_FILL_AREA(#18102);
#18102 = FILL_AREA_STYLE('',(#18103));
#18103 = FILL_AREA_STYLE_COLOUR('',#15704);
#18104 = STYLED_ITEM('color',(#18105),#7265);
#18105 = PRESENTATION_STYLE_ASSIGNMENT((#18106));
#18106 = SURFACE_STYLE_USAGE(.BOTH.,#18107);
#18107 = SURFACE_SIDE_STYLE('',(#18108));
#18108 = SURFACE_STYLE_FILL_AREA(#18109);
#18109 = FILL_AREA_STYLE('',(#18110));
#18110 = FILL_AREA_STYLE_COLOUR('',#18033);
#18111 = STYLED_ITEM('color',(#18112),#7282);
#18112 = PRESENTATION_STYLE_ASSIGNMENT((#18113));
#18113 = SURFACE_STYLE_USAGE(.BOTH.,#18114);
#18114 = SURFACE_SIDE_STYLE('',(#18115));
#18115 = SURFACE_STYLE_FILL_AREA(#18116);
#18116 = FILL_AREA_STYLE('',(#18117));
#18117 = FILL_AREA_STYLE_COLOUR('',#18033);
#18118 = MECHANICAL_DESIGN_GEOMETRIC_PRESENTATION_REPRESENTATION('',(
    #18119,#18128,#18137,#18146,#18155,#18164,#18173,#18182,#18191,
    #18200,#18209,#18218,#18227,#18236,#18245,#18254,#18263,#18272,
    #18281,#18290,#18299,#18308,#18317,#18326,#18335,#18344,#18353,
    #18362,#18371,#18380,#18389,#18398,#18407,#18416,#18425,#18434,
    #18443,#18452,#18461,#18470,#18479,#18488,#18497,#18506,#18515,
    #18524,#18533,#18542,#18551,#18560,#18569,#18578,#18587,#18596,
    #18605,#18614,#18623,#18632,#18641,#18650,#18659,#18668,#18677,
    #18686,#18695,#18704,#18713,#18722,#18731,#18740,#18749,#18758,
    #18767,#18776,#18785,#18794,#18803,#18812,#18821,#18830,#18839,
    #18848,#18857,#18866,#18875,#18884,#18893,#18902,#18911,#18920,
    #18929,#18938,#18947,#18956,#18965,#18974,#18983,#18992,#19001,
    #19010,#19019,#19028,#19037,#19046,#19055,#19064,#19073,#19082,
    #19091,#19100,#19109,#19118,#19127,#19136,#19145,#19154,#19163,
    #19172,#19181,#19190,#19199,#19208,#19217,#19226,#19235,#19244,
    #19253,#19262,#19271,#19280,#19289,#19298,#19307,#19316,#19325,
    #19334,#19343,#19352,#19361,#19370,#19379,#19388,#19397,#19406,
    #19415,#19424,#19433,#19442,#19451,#19460,#19469,#19478),#6485);
#18119 = STYLED_ITEM('color',(#18120),#1875);
#18120 = PRESENTATION_STYLE_ASSIGNMENT((#18121,#18126));
#18121 = SURFACE_STYLE_USAGE(.BOTH.,#18122);
#18122 = SURFACE_SIDE_STYLE('',(#18123));
#18123 = SURFACE_STYLE_FILL_AREA(#18124);
#18124 = FILL_AREA_STYLE('',(#18125));
#18125 = FILL_AREA_STYLE_COLOUR('',#17490);
#18126 = CURVE_STYLE('',#18127,POSITIVE_LENGTH_MEASURE(0.1),#17490);
#18127 = DRAUGHTING_PRE_DEFINED_CURVE_FONT('continuous');
#18128 = STYLED_ITEM('color',(#18129),#1913);
#18129 = PRESENTATION_STYLE_ASSIGNMENT((#18130,#18135));
#18130 = SURFACE_STYLE_USAGE(.BOTH.,#18131);
#18131 = SURFACE_SIDE_STYLE('',(#18132));
#18132 = SURFACE_STYLE_FILL_AREA(#18133);
#18133 = FILL_AREA_STYLE('',(#18134));
#18134 = FILL_AREA_STYLE_COLOUR('',#17490);
#18135 = CURVE_STYLE('',#18136,POSITIVE_LENGTH_MEASURE(0.1),#17490);
#18136 = DRAUGHTING_PRE_DEFINED_CURVE_FONT('continuous');
#18137 = STYLED_ITEM('color',(#18138),#2010);
#18138 = PRESENTATION_STYLE_ASSIGNMENT((#18139,#18144));
#18139 = SURFACE_STYLE_USAGE(.BOTH.,#18140);
#18140 = SURFACE_SIDE_STYLE('',(#18141));
#18141 = SURFACE_STYLE_FILL_AREA(#18142);
#18142 = FILL_AREA_STYLE('',(#18143));
#18143 = FILL_AREA_STYLE_COLOUR('',#17490);
#18144 = CURVE_STYLE('',#18145,POSITIVE_LENGTH_MEASURE(0.1),#17490);
#18145 = DRAUGHTING_PRE_DEFINED_CURVE_FONT('continuous');
#18146 = STYLED_ITEM('color',(#18147),#2033);
#18147 = PRESENTATION_STYLE_ASSIGNMENT((#18148,#18153));
#18148 = SURFACE_STYLE_USAGE(.BOTH.,#18149);
#18149 = SURFACE_SIDE_STYLE('',(#18150));
#18150 = SURFACE_STYLE_FILL_AREA(#18151);
#18151 = FILL_AREA_STYLE('',(#18152));
#18152 = FILL_AREA_STYLE_COLOUR('',#17490);
#18153 = CURVE_STYLE('',#18154,POSITIVE_LENGTH_MEASURE(0.1),#17490);
#18154 = DRAUGHTING_PRE_DEFINED_CURVE_FONT('continuous');
#18155 = STYLED_ITEM('color',(#18156),#2062);
#18156 = PRESENTATION_STYLE_ASSIGNMENT((#18157,#18162));
#18157 = SURFACE_STYLE_USAGE(.BOTH.,#18158);
#18158 = SURFACE_SIDE_STYLE('',(#18159));
#18159 = SURFACE_STYLE_FILL_AREA(#18160);
#18160 = FILL_AREA_STYLE('',(#18161));
#18161 = FILL_AREA_STYLE_COLOUR('',#17490);
#18162 = CURVE_STYLE('',#18163,POSITIVE_LENGTH_MEASURE(0.1),#17490);
#18163 = DRAUGHTING_PRE_DEFINED_CURVE_FONT('continuous');
#18164 = STYLED_ITEM('color',(#18165),#2085);
#18165 = PRESENTATION_STYLE_ASSIGNMENT((#18166,#18171));
#18166 = SURFACE_STYLE_USAGE(.BOTH.,#18167);
#18167 = SURFACE_SIDE_STYLE('',(#18168));
#18168 = SURFACE_STYLE_FILL_AREA(#18169);
#18169 = FILL_AREA_STYLE('',(#18170));
#18170 = FILL_AREA_STYLE_COLOUR('',#17490);
#18171 = CURVE_STYLE('',#18172,POSITIVE_LENGTH_MEASURE(0.1),#17490);
#18172 = DRAUGHTING_PRE_DEFINED_CURVE_FONT('continuous');
#18173 = STYLED_ITEM('color',(#18174),#2172);
#18174 = PRESENTATION_STYLE_ASSIGNMENT((#18175,#18180));
#18175 = SURFACE_STYLE_USAGE(.BOTH.,#18176);
#18176 = SURFACE_SIDE_STYLE('',(#18177));
#18177 = SURFACE_STYLE_FILL_AREA(#18178);
#18178 = FILL_AREA_STYLE('',(#18179));
#18179 = FILL_AREA_STYLE_COLOUR('',#17490);
#18180 = CURVE_STYLE('',#18181,POSITIVE_LENGTH_MEASURE(0.1),#17490);
#18181 = DRAUGHTING_PRE_DEFINED_CURVE_FONT('continuous');
#18182 = STYLED_ITEM('color',(#18183),#2259);
#18183 = PRESENTATION_STYLE_ASSIGNMENT((#18184,#18189));
#18184 = SURFACE_STYLE_USAGE(.BOTH.,#18185);
#18185 = SURFACE_SIDE_STYLE('',(#18186));
#18186 = SURFACE_STYLE_FILL_AREA(#18187);
#18187 = FILL_AREA_STYLE('',(#18188));
#18188 = FILL_AREA_STYLE_COLOUR('',#17490);
#18189 = CURVE_STYLE('',#18190,POSITIVE_LENGTH_MEASURE(0.1),#17490);
#18190 = DRAUGHTING_PRE_DEFINED_CURVE_FONT('continuous');
#18191 = STYLED_ITEM('color',(#18192),#2282);
#18192 = PRESENTATION_STYLE_ASSIGNMENT((#18193,#18198));
#18193 = SURFACE_STYLE_USAGE(.BOTH.,#18194);
#18194 = SURFACE_SIDE_STYLE('',(#18195));
#18195 = SURFACE_STYLE_FILL_AREA(#18196);
#18196 = FILL_AREA_STYLE('',(#18197));
#18197 = FILL_AREA_STYLE_COLOUR('',#17490);
#18198 = CURVE_STYLE('',#18199,POSITIVE_LENGTH_MEASURE(0.1),#17490);
#18199 = DRAUGHTING_PRE_DEFINED_CURVE_FONT('continuous');
#18200 = STYLED_ITEM('color',(#18201),#2305);
#18201 = PRESENTATION_STYLE_ASSIGNMENT((#18202,#18207));
#18202 = SURFACE_STYLE_USAGE(.BOTH.,#18203);
#18203 = SURFACE_SIDE_STYLE('',(#18204));
#18204 = SURFACE_STYLE_FILL_AREA(#18205);
#18205 = FILL_AREA_STYLE('',(#18206));
#18206 = FILL_AREA_STYLE_COLOUR('',#17490);
#18207 = CURVE_STYLE('',#18208,POSITIVE_LENGTH_MEASURE(0.1),#17490);
#18208 = DRAUGHTING_PRE_DEFINED_CURVE_FONT('continuous');
#18209 = STYLED_ITEM('color',(#18210),#2322);
#18210 = PRESENTATION_STYLE_ASSIGNMENT((#18211,#18216));
#18211 = SURFACE_STYLE_USAGE(.BOTH.,#18212);
#18212 = SURFACE_SIDE_STYLE('',(#18213));
#18213 = SURFACE_STYLE_FILL_AREA(#18214);
#18214 = FILL_AREA_STYLE('',(#18215));
#18215 = FILL_AREA_STYLE_COLOUR('',#15704);
#18216 = CURVE_STYLE('',#18217,POSITIVE_LENGTH_MEASURE(0.1),#15704);
#18217 = DRAUGHTING_PRE_DEFINED_CURVE_FONT('continuous');
#18218 = STYLED_ITEM('color',(#18219),#2353);
#18219 = PRESENTATION_STYLE_ASSIGNMENT((#18220,#18225));
#18220 = SURFACE_STYLE_USAGE(.BOTH.,#18221);
#18221 = SURFACE_SIDE_STYLE('',(#18222));
#18222 = SURFACE_STYLE_FILL_AREA(#18223);
#18223 = FILL_AREA_STYLE('',(#18224));
#18224 = FILL_AREA_STYLE_COLOUR('',#15704);
#18225 = CURVE_STYLE('',#18226,POSITIVE_LENGTH_MEASURE(0.1),#15704);
#18226 = DRAUGHTING_PRE_DEFINED_CURVE_FONT('continuous');
#18227 = STYLED_ITEM('color',(#18228),#2377);
#18228 = PRESENTATION_STYLE_ASSIGNMENT((#18229,#18234));
#18229 = SURFACE_STYLE_USAGE(.BOTH.,#18230);
#18230 = SURFACE_SIDE_STYLE('',(#18231));
#18231 = SURFACE_STYLE_FILL_AREA(#18232);
#18232 = FILL_AREA_STYLE('',(#18233));
#18233 = FILL_AREA_STYLE_COLOUR('',#15704);
#18234 = CURVE_STYLE('',#18235,POSITIVE_LENGTH_MEASURE(0.1),#15704);
#18235 = DRAUGHTING_PRE_DEFINED_CURVE_FONT('continuous');
#18236 = STYLED_ITEM('color',(#18237),#2401);
#18237 = PRESENTATION_STYLE_ASSIGNMENT((#18238,#18243));
#18238 = SURFACE_STYLE_USAGE(.BOTH.,#18239);
#18239 = SURFACE_SIDE_STYLE('',(#18240));
#18240 = SURFACE_STYLE_FILL_AREA(#18241);
#18241 = FILL_AREA_STYLE('',(#18242));
#18242 = FILL_AREA_STYLE_COLOUR('',#15704);
#18243 = CURVE_STYLE('',#18244,POSITIVE_LENGTH_MEASURE(0.1),#15704);
#18244 = DRAUGHTING_PRE_DEFINED_CURVE_FONT('continuous');
#18245 = STYLED_ITEM('color',(#18246),#2418);
#18246 = PRESENTATION_STYLE_ASSIGNMENT((#18247,#18252));
#18247 = SURFACE_STYLE_USAGE(.BOTH.,#18248);
#18248 = SURFACE_SIDE_STYLE('',(#18249));
#18249 = SURFACE_STYLE_FILL_AREA(#18250);
#18250 = FILL_AREA_STYLE('',(#18251));
#18251 = FILL_AREA_STYLE_COLOUR('',#17490);
#18252 = CURVE_STYLE('',#18253,POSITIVE_LENGTH_MEASURE(0.1),#17490);
#18253 = DRAUGHTING_PRE_DEFINED_CURVE_FONT('continuous');
#18254 = STYLED_ITEM('color',(#18255),#2441);
#18255 = PRESENTATION_STYLE_ASSIGNMENT((#18256,#18261));
#18256 = SURFACE_STYLE_USAGE(.BOTH.,#18257);
#18257 = SURFACE_SIDE_STYLE('',(#18258));
#18258 = SURFACE_STYLE_FILL_AREA(#18259);
#18259 = FILL_AREA_STYLE('',(#18260));
#18260 = FILL_AREA_STYLE_COLOUR('',#17490);
#18261 = CURVE_STYLE('',#18262,POSITIVE_LENGTH_MEASURE(0.1),#17490);
#18262 = DRAUGHTING_PRE_DEFINED_CURVE_FONT('continuous');
#18263 = STYLED_ITEM('color',(#18264),#2529);
#18264 = PRESENTATION_STYLE_ASSIGNMENT((#18265,#18270));
#18265 = SURFACE_STYLE_USAGE(.BOTH.,#18266);
#18266 = SURFACE_SIDE_STYLE('',(#18267));
#18267 = SURFACE_STYLE_FILL_AREA(#18268);
#18268 = FILL_AREA_STYLE('',(#18269));
#18269 = FILL_AREA_STYLE_COLOUR('',#17490);
#18270 = CURVE_STYLE('',#18271,POSITIVE_LENGTH_MEASURE(0.1),#17490);
#18271 = DRAUGHTING_PRE_DEFINED_CURVE_FONT('continuous');
#18272 = STYLED_ITEM('color',(#18273),#2545);
#18273 = PRESENTATION_STYLE_ASSIGNMENT((#18274,#18279));
#18274 = SURFACE_STYLE_USAGE(.BOTH.,#18275);
#18275 = SURFACE_SIDE_STYLE('',(#18276));
#18276 = SURFACE_STYLE_FILL_AREA(#18277);
#18277 = FILL_AREA_STYLE('',(#18278));
#18278 = FILL_AREA_STYLE_COLOUR('',#17490);
#18279 = CURVE_STYLE('',#18280,POSITIVE_LENGTH_MEASURE(0.1),#17490);
#18280 = DRAUGHTING_PRE_DEFINED_CURVE_FONT('continuous');
#18281 = STYLED_ITEM('color',(#18282),#2575);
#18282 = PRESENTATION_STYLE_ASSIGNMENT((#18283,#18288));
#18283 = SURFACE_STYLE_USAGE(.BOTH.,#18284);
#18284 = SURFACE_SIDE_STYLE('',(#18285));
#18285 = SURFACE_STYLE_FILL_AREA(#18286);
#18286 = FILL_AREA_STYLE('',(#18287));
#18287 = FILL_AREA_STYLE_COLOUR('',#15704);
#18288 = CURVE_STYLE('',#18289,POSITIVE_LENGTH_MEASURE(0.1),#15704);
#18289 = DRAUGHTING_PRE_DEFINED_CURVE_FONT('continuous');
#18290 = STYLED_ITEM('color',(#18291),#2606);
#18291 = PRESENTATION_STYLE_ASSIGNMENT((#18292,#18297));
#18292 = SURFACE_STYLE_USAGE(.BOTH.,#18293);
#18293 = SURFACE_SIDE_STYLE('',(#18294));
#18294 = SURFACE_STYLE_FILL_AREA(#18295);
#18295 = FILL_AREA_STYLE('',(#18296));
#18296 = FILL_AREA_STYLE_COLOUR('',#17490);
#18297 = CURVE_STYLE('',#18298,POSITIVE_LENGTH_MEASURE(0.1),#17490);
#18298 = DRAUGHTING_PRE_DEFINED_CURVE_FONT('continuous');
#18299 = STYLED_ITEM('color',(#18300),#2637);
#18300 = PRESENTATION_STYLE_ASSIGNMENT((#18301,#18306));
#18301 = SURFACE_STYLE_USAGE(.BOTH.,#18302);
#18302 = SURFACE_SIDE_STYLE('',(#18303));
#18303 = SURFACE_STYLE_FILL_AREA(#18304);
#18304 = FILL_AREA_STYLE('',(#18305));
#18305 = FILL_AREA_STYLE_COLOUR('',#15704);
#18306 = CURVE_STYLE('',#18307,POSITIVE_LENGTH_MEASURE(0.1),#15704);
#18307 = DRAUGHTING_PRE_DEFINED_CURVE_FONT('continuous');
#18308 = STYLED_ITEM('color',(#18309),#2668);
#18309 = PRESENTATION_STYLE_ASSIGNMENT((#18310,#18315));
#18310 = SURFACE_STYLE_USAGE(.BOTH.,#18311);
#18311 = SURFACE_SIDE_STYLE('',(#18312));
#18312 = SURFACE_STYLE_FILL_AREA(#18313);
#18313 = FILL_AREA_STYLE('',(#18314));
#18314 = FILL_AREA_STYLE_COLOUR('',#17490);
#18315 = CURVE_STYLE('',#18316,POSITIVE_LENGTH_MEASURE(0.1),#17490);
#18316 = DRAUGHTING_PRE_DEFINED_CURVE_FONT('continuous');
#18317 = STYLED_ITEM('color',(#18318),#2699);
#18318 = PRESENTATION_STYLE_ASSIGNMENT((#18319,#18324));
#18319 = SURFACE_STYLE_USAGE(.BOTH.,#18320);
#18320 = SURFACE_SIDE_STYLE('',(#18321));
#18321 = SURFACE_STYLE_FILL_AREA(#18322);
#18322 = FILL_AREA_STYLE('',(#18323));
#18323 = FILL_AREA_STYLE_COLOUR('',#15704);
#18324 = CURVE_STYLE('',#18325,POSITIVE_LENGTH_MEASURE(0.1),#15704);
#18325 = DRAUGHTING_PRE_DEFINED_CURVE_FONT('continuous');
#18326 = STYLED_ITEM('color',(#18327),#2730);
#18327 = PRESENTATION_STYLE_ASSIGNMENT((#18328,#18333));
#18328 = SURFACE_STYLE_USAGE(.BOTH.,#18329);
#18329 = SURFACE_SIDE_STYLE('',(#18330));
#18330 = SURFACE_STYLE_FILL_AREA(#18331);
#18331 = FILL_AREA_STYLE('',(#18332));
#18332 = FILL_AREA_STYLE_COLOUR('',#17490);
#18333 = CURVE_STYLE('',#18334,POSITIVE_LENGTH_MEASURE(0.1),#17490);
#18334 = DRAUGHTING_PRE_DEFINED_CURVE_FONT('continuous');
#18335 = STYLED_ITEM('color',(#18336),#2761);
#18336 = PRESENTATION_STYLE_ASSIGNMENT((#18337,#18342));
#18337 = SURFACE_STYLE_USAGE(.BOTH.,#18338);
#18338 = SURFACE_SIDE_STYLE('',(#18339));
#18339 = SURFACE_STYLE_FILL_AREA(#18340);
#18340 = FILL_AREA_STYLE('',(#18341));
#18341 = FILL_AREA_STYLE_COLOUR('',#15704);
#18342 = CURVE_STYLE('',#18343,POSITIVE_LENGTH_MEASURE(0.1),#15704);
#18343 = DRAUGHTING_PRE_DEFINED_CURVE_FONT('continuous');
#18344 = STYLED_ITEM('color',(#18345),#2792);
#18345 = PRESENTATION_STYLE_ASSIGNMENT((#18346,#18351));
#18346 = SURFACE_STYLE_USAGE(.BOTH.,#18347);
#18347 = SURFACE_SIDE_STYLE('',(#18348));
#18348 = SURFACE_STYLE_FILL_AREA(#18349);
#18349 = FILL_AREA_STYLE('',(#18350));
#18350 = FILL_AREA_STYLE_COLOUR('',#17490);
#18351 = CURVE_STYLE('',#18352,POSITIVE_LENGTH_MEASURE(0.1),#17490);
#18352 = DRAUGHTING_PRE_DEFINED_CURVE_FONT('continuous');
#18353 = STYLED_ITEM('color',(#18354),#2809);
#18354 = PRESENTATION_STYLE_ASSIGNMENT((#18355,#18360));
#18355 = SURFACE_STYLE_USAGE(.BOTH.,#18356);
#18356 = SURFACE_SIDE_STYLE('',(#18357));
#18357 = SURFACE_STYLE_FILL_AREA(#18358);
#18358 = FILL_AREA_STYLE('',(#18359));
#18359 = FILL_AREA_STYLE_COLOUR('',#17490);
#18360 = CURVE_STYLE('',#18361,POSITIVE_LENGTH_MEASURE(0.1),#17490);
#18361 = DRAUGHTING_PRE_DEFINED_CURVE_FONT('continuous');
#18362 = STYLED_ITEM('color',(#18363),#2826);
#18363 = PRESENTATION_STYLE_ASSIGNMENT((#18364,#18369));
#18364 = SURFACE_STYLE_USAGE(.BOTH.,#18365);
#18365 = SURFACE_SIDE_STYLE('',(#18366));
#18366 = SURFACE_STYLE_FILL_AREA(#18367);
#18367 = FILL_AREA_STYLE('',(#18368));
#18368 = FILL_AREA_STYLE_COLOUR('',#15704);
#18369 = CURVE_STYLE('',#18370,POSITIVE_LENGTH_MEASURE(0.1),#15704);
#18370 = DRAUGHTING_PRE_DEFINED_CURVE_FONT('continuous');
#18371 = STYLED_ITEM('color',(#18372),#2857);
#18372 = PRESENTATION_STYLE_ASSIGNMENT((#18373,#18378));
#18373 = SURFACE_STYLE_USAGE(.BOTH.,#18374);
#18374 = SURFACE_SIDE_STYLE('',(#18375));
#18375 = SURFACE_STYLE_FILL_AREA(#18376);
#18376 = FILL_AREA_STYLE('',(#18377));
#18377 = FILL_AREA_STYLE_COLOUR('',#17490);
#18378 = CURVE_STYLE('',#18379,POSITIVE_LENGTH_MEASURE(0.1),#17490);
#18379 = DRAUGHTING_PRE_DEFINED_CURVE_FONT('continuous');
#18380 = STYLED_ITEM('color',(#18381),#2888);
#18381 = PRESENTATION_STYLE_ASSIGNMENT((#18382,#18387));
#18382 = SURFACE_STYLE_USAGE(.BOTH.,#18383);
#18383 = SURFACE_SIDE_STYLE('',(#18384));
#18384 = SURFACE_STYLE_FILL_AREA(#18385);
#18385 = FILL_AREA_STYLE('',(#18386));
#18386 = FILL_AREA_STYLE_COLOUR('',#15704);
#18387 = CURVE_STYLE('',#18388,POSITIVE_LENGTH_MEASURE(0.1),#15704);
#18388 = DRAUGHTING_PRE_DEFINED_CURVE_FONT('continuous');
#18389 = STYLED_ITEM('color',(#18390),#2919);
#18390 = PRESENTATION_STYLE_ASSIGNMENT((#18391,#18396));
#18391 = SURFACE_STYLE_USAGE(.BOTH.,#18392);
#18392 = SURFACE_SIDE_STYLE('',(#18393));
#18393 = SURFACE_STYLE_FILL_AREA(#18394);
#18394 = FILL_AREA_STYLE('',(#18395));
#18395 = FILL_AREA_STYLE_COLOUR('',#17490);
#18396 = CURVE_STYLE('',#18397,POSITIVE_LENGTH_MEASURE(0.1),#17490);
#18397 = DRAUGHTING_PRE_DEFINED_CURVE_FONT('continuous');
#18398 = STYLED_ITEM('color',(#18399),#2950);
#18399 = PRESENTATION_STYLE_ASSIGNMENT((#18400,#18405));
#18400 = SURFACE_STYLE_USAGE(.BOTH.,#18401);
#18401 = SURFACE_SIDE_STYLE('',(#18402));
#18402 = SURFACE_STYLE_FILL_AREA(#18403);
#18403 = FILL_AREA_STYLE('',(#18404));
#18404 = FILL_AREA_STYLE_COLOUR('',#15704);
#18405 = CURVE_STYLE('',#18406,POSITIVE_LENGTH_MEASURE(0.1),#15704);
#18406 = DRAUGHTING_PRE_DEFINED_CURVE_FONT('continuous');
#18407 = STYLED_ITEM('color',(#18408),#2981);
#18408 = PRESENTATION_STYLE_ASSIGNMENT((#18409,#18414));
#18409 = SURFACE_STYLE_USAGE(.BOTH.,#18410);
#18410 = SURFACE_SIDE_STYLE('',(#18411));
#18411 = SURFACE_STYLE_FILL_AREA(#18412);
#18412 = FILL_AREA_STYLE('',(#18413));
#18413 = FILL_AREA_STYLE_COLOUR('',#17490);
#18414 = CURVE_STYLE('',#18415,POSITIVE_LENGTH_MEASURE(0.1),#17490);
#18415 = DRAUGHTING_PRE_DEFINED_CURVE_FONT('continuous');
#18416 = STYLED_ITEM('color',(#18417),#3012);
#18417 = PRESENTATION_STYLE_ASSIGNMENT((#18418,#18423));
#18418 = SURFACE_STYLE_USAGE(.BOTH.,#18419);
#18419 = SURFACE_SIDE_STYLE('',(#18420));
#18420 = SURFACE_STYLE_FILL_AREA(#18421);
#18421 = FILL_AREA_STYLE('',(#18422));
#18422 = FILL_AREA_STYLE_COLOUR('',#15704);
#18423 = CURVE_STYLE('',#18424,POSITIVE_LENGTH_MEASURE(0.1),#15704);
#18424 = DRAUGHTING_PRE_DEFINED_CURVE_FONT('continuous');
#18425 = STYLED_ITEM('color',(#18426),#3043);
#18426 = PRESENTATION_STYLE_ASSIGNMENT((#18427,#18432));
#18427 = SURFACE_STYLE_USAGE(.BOTH.,#18428);
#18428 = SURFACE_SIDE_STYLE('',(#18429));
#18429 = SURFACE_STYLE_FILL_AREA(#18430);
#18430 = FILL_AREA_STYLE('',(#18431));
#18431 = FILL_AREA_STYLE_COLOUR('',#17490);
#18432 = CURVE_STYLE('',#18433,POSITIVE_LENGTH_MEASURE(0.1),#17490);
#18433 = DRAUGHTING_PRE_DEFINED_CURVE_FONT('continuous');
#18434 = STYLED_ITEM('color',(#18435),#3073);
#18435 = PRESENTATION_STYLE_ASSIGNMENT((#18436,#18441));
#18436 = SURFACE_STYLE_USAGE(.BOTH.,#18437);
#18437 = SURFACE_SIDE_STYLE('',(#18438));
#18438 = SURFACE_STYLE_FILL_AREA(#18439);
#18439 = FILL_AREA_STYLE('',(#18440));
#18440 = FILL_AREA_STYLE_COLOUR('',#17490);
#18441 = CURVE_STYLE('',#18442,POSITIVE_LENGTH_MEASURE(0.1),#17490);
#18442 = DRAUGHTING_PRE_DEFINED_CURVE_FONT('continuous');
#18443 = STYLED_ITEM('color',(#18444),#3096);
#18444 = PRESENTATION_STYLE_ASSIGNMENT((#18445,#18450));
#18445 = SURFACE_STYLE_USAGE(.BOTH.,#18446);
#18446 = SURFACE_SIDE_STYLE('',(#18447));
#18447 = SURFACE_STYLE_FILL_AREA(#18448);
#18448 = FILL_AREA_STYLE('',(#18449));
#18449 = FILL_AREA_STYLE_COLOUR('',#17490);
#18450 = CURVE_STYLE('',#18451,POSITIVE_LENGTH_MEASURE(0.1),#17490);
#18451 = DRAUGHTING_PRE_DEFINED_CURVE_FONT('continuous');
#18452 = STYLED_ITEM('color',(#18453),#3119);
#18453 = PRESENTATION_STYLE_ASSIGNMENT((#18454,#18459));
#18454 = SURFACE_STYLE_USAGE(.BOTH.,#18455);
#18455 = SURFACE_SIDE_STYLE('',(#18456));
#18456 = SURFACE_STYLE_FILL_AREA(#18457);
#18457 = FILL_AREA_STYLE('',(#18458));
#18458 = FILL_AREA_STYLE_COLOUR('',#17490);
#18459 = CURVE_STYLE('',#18460,POSITIVE_LENGTH_MEASURE(0.1),#17490);
#18460 = DRAUGHTING_PRE_DEFINED_CURVE_FONT('continuous');
#18461 = STYLED_ITEM('color',(#18462),#3136);
#18462 = PRESENTATION_STYLE_ASSIGNMENT((#18463,#18468));
#18463 = SURFACE_STYLE_USAGE(.BOTH.,#18464);
#18464 = SURFACE_SIDE_STYLE('',(#18465));
#18465 = SURFACE_STYLE_FILL_AREA(#18466);
#18466 = FILL_AREA_STYLE('',(#18467));
#18467 = FILL_AREA_STYLE_COLOUR('',#15704);
#18468 = CURVE_STYLE('',#18469,POSITIVE_LENGTH_MEASURE(0.1),#15704);
#18469 = DRAUGHTING_PRE_DEFINED_CURVE_FONT('continuous');
#18470 = STYLED_ITEM('color',(#18471),#3148);
#18471 = PRESENTATION_STYLE_ASSIGNMENT((#18472,#18477));
#18472 = SURFACE_STYLE_USAGE(.BOTH.,#18473);
#18473 = SURFACE_SIDE_STYLE('',(#18474));
#18474 = SURFACE_STYLE_FILL_AREA(#18475);
#18475 = FILL_AREA_STYLE('',(#18476));
#18476 = FILL_AREA_STYLE_COLOUR('',#15704);
#18477 = CURVE_STYLE('',#18478,POSITIVE_LENGTH_MEASURE(0.1),#15704);
#18478 = DRAUGHTING_PRE_DEFINED_CURVE_FONT('continuous');
#18479 = STYLED_ITEM('color',(#18480),#3193);
#18480 = PRESENTATION_STYLE_ASSIGNMENT((#18481,#18486));
#18481 = SURFACE_STYLE_USAGE(.BOTH.,#18482);
#18482 = SURFACE_SIDE_STYLE('',(#18483));
#18483 = SURFACE_STYLE_FILL_AREA(#18484);
#18484 = FILL_AREA_STYLE('',(#18485));
#18485 = FILL_AREA_STYLE_COLOUR('',#17490);
#18486 = CURVE_STYLE('',#18487,POSITIVE_LENGTH_MEASURE(0.1),#17490);
#18487 = DRAUGHTING_PRE_DEFINED_CURVE_FONT('continuous');
#18488 = STYLED_ITEM('color',(#18489),#3279);
#18489 = PRESENTATION_STYLE_ASSIGNMENT((#18490,#18495));
#18490 = SURFACE_STYLE_USAGE(.BOTH.,#18491);
#18491 = SURFACE_SIDE_STYLE('',(#18492));
#18492 = SURFACE_STYLE_FILL_AREA(#18493);
#18493 = FILL_AREA_STYLE('',(#18494));
#18494 = FILL_AREA_STYLE_COLOUR('',#17490);
#18495 = CURVE_STYLE('',#18496,POSITIVE_LENGTH_MEASURE(0.1),#17490);
#18496 = DRAUGHTING_PRE_DEFINED_CURVE_FONT('continuous');
#18497 = STYLED_ITEM('color',(#18498),#3302);
#18498 = PRESENTATION_STYLE_ASSIGNMENT((#18499,#18504));
#18499 = SURFACE_STYLE_USAGE(.BOTH.,#18500);
#18500 = SURFACE_SIDE_STYLE('',(#18501));
#18501 = SURFACE_STYLE_FILL_AREA(#18502);
#18502 = FILL_AREA_STYLE('',(#18503));
#18503 = FILL_AREA_STYLE_COLOUR('',#17490);
#18504 = CURVE_STYLE('',#18505,POSITIVE_LENGTH_MEASURE(0.1),#17490);
#18505 = DRAUGHTING_PRE_DEFINED_CURVE_FONT('continuous');
#18506 = STYLED_ITEM('color',(#18507),#3325);
#18507 = PRESENTATION_STYLE_ASSIGNMENT((#18508,#18513));
#18508 = SURFACE_STYLE_USAGE(.BOTH.,#18509);
#18509 = SURFACE_SIDE_STYLE('',(#18510));
#18510 = SURFACE_STYLE_FILL_AREA(#18511);
#18511 = FILL_AREA_STYLE('',(#18512));
#18512 = FILL_AREA_STYLE_COLOUR('',#17490);
#18513 = CURVE_STYLE('',#18514,POSITIVE_LENGTH_MEASURE(0.1),#17490);
#18514 = DRAUGHTING_PRE_DEFINED_CURVE_FONT('continuous');
#18515 = STYLED_ITEM('color',(#18516),#3348);
#18516 = PRESENTATION_STYLE_ASSIGNMENT((#18517,#18522));
#18517 = SURFACE_STYLE_USAGE(.BOTH.,#18518);
#18518 = SURFACE_SIDE_STYLE('',(#18519));
#18519 = SURFACE_STYLE_FILL_AREA(#18520);
#18520 = FILL_AREA_STYLE('',(#18521));
#18521 = FILL_AREA_STYLE_COLOUR('',#17490);
#18522 = CURVE_STYLE('',#18523,POSITIVE_LENGTH_MEASURE(0.1),#17490);
#18523 = DRAUGHTING_PRE_DEFINED_CURVE_FONT('continuous');
#18524 = STYLED_ITEM('color',(#18525),#3435);
#18525 = PRESENTATION_STYLE_ASSIGNMENT((#18526,#18531));
#18526 = SURFACE_STYLE_USAGE(.BOTH.,#18527);
#18527 = SURFACE_SIDE_STYLE('',(#18528));
#18528 = SURFACE_STYLE_FILL_AREA(#18529);
#18529 = FILL_AREA_STYLE('',(#18530));
#18530 = FILL_AREA_STYLE_COLOUR('',#15704);
#18531 = CURVE_STYLE('',#18532,POSITIVE_LENGTH_MEASURE(0.1),#15704);
#18532 = DRAUGHTING_PRE_DEFINED_CURVE_FONT('continuous');
#18533 = STYLED_ITEM('color',(#18534),#3473);
#18534 = PRESENTATION_STYLE_ASSIGNMENT((#18535,#18540));
#18535 = SURFACE_STYLE_USAGE(.BOTH.,#18536);
#18536 = SURFACE_SIDE_STYLE('',(#18537));
#18537 = SURFACE_STYLE_FILL_AREA(#18538);
#18538 = FILL_AREA_STYLE('',(#18539));
#18539 = FILL_AREA_STYLE_COLOUR('',#17490);
#18540 = CURVE_STYLE('',#18541,POSITIVE_LENGTH_MEASURE(0.1),#17490);
#18541 = DRAUGHTING_PRE_DEFINED_CURVE_FONT('continuous');
#18542 = STYLED_ITEM('color',(#18543),#3522);
#18543 = PRESENTATION_STYLE_ASSIGNMENT((#18544,#18549));
#18544 = SURFACE_STYLE_USAGE(.BOTH.,#18545);
#18545 = SURFACE_SIDE_STYLE('',(#18546));
#18546 = SURFACE_STYLE_FILL_AREA(#18547);
#18547 = FILL_AREA_STYLE('',(#18548));
#18548 = FILL_AREA_STYLE_COLOUR('',#15704);
#18549 = CURVE_STYLE('',#18550,POSITIVE_LENGTH_MEASURE(0.1),#15704);
#18550 = DRAUGHTING_PRE_DEFINED_CURVE_FONT('continuous');
#18551 = STYLED_ITEM('color',(#18552),#3614);
#18552 = PRESENTATION_STYLE_ASSIGNMENT((#18553,#18558));
#18553 = SURFACE_STYLE_USAGE(.BOTH.,#18554);
#18554 = SURFACE_SIDE_STYLE('',(#18555));
#18555 = SURFACE_STYLE_FILL_AREA(#18556);
#18556 = FILL_AREA_STYLE('',(#18557));
#18557 = FILL_AREA_STYLE_COLOUR('',#15704);
#18558 = CURVE_STYLE('',#18559,POSITIVE_LENGTH_MEASURE(0.1),#15704);
#18559 = DRAUGHTING_PRE_DEFINED_CURVE_FONT('continuous');
#18560 = STYLED_ITEM('color',(#18561),#3639);
#18561 = PRESENTATION_STYLE_ASSIGNMENT((#18562,#18567));
#18562 = SURFACE_STYLE_USAGE(.BOTH.,#18563);
#18563 = SURFACE_SIDE_STYLE('',(#18564));
#18564 = SURFACE_STYLE_FILL_AREA(#18565);
#18565 = FILL_AREA_STYLE('',(#18566));
#18566 = FILL_AREA_STYLE_COLOUR('',#15704);
#18567 = CURVE_STYLE('',#18568,POSITIVE_LENGTH_MEASURE(0.1),#15704);
#18568 = DRAUGHTING_PRE_DEFINED_CURVE_FONT('continuous');
#18569 = STYLED_ITEM('color',(#18570),#3723);
#18570 = PRESENTATION_STYLE_ASSIGNMENT((#18571,#18576));
#18571 = SURFACE_STYLE_USAGE(.BOTH.,#18572);
#18572 = SURFACE_SIDE_STYLE('',(#18573));
#18573 = SURFACE_STYLE_FILL_AREA(#18574);
#18574 = FILL_AREA_STYLE('',(#18575));
#18575 = FILL_AREA_STYLE_COLOUR('',#17490);
#18576 = CURVE_STYLE('',#18577,POSITIVE_LENGTH_MEASURE(0.1),#17490);
#18577 = DRAUGHTING_PRE_DEFINED_CURVE_FONT('continuous');
#18578 = STYLED_ITEM('color',(#18579),#3745);
#18579 = PRESENTATION_STYLE_ASSIGNMENT((#18580,#18585));
#18580 = SURFACE_STYLE_USAGE(.BOTH.,#18581);
#18581 = SURFACE_SIDE_STYLE('',(#18582));
#18582 = SURFACE_STYLE_FILL_AREA(#18583);
#18583 = FILL_AREA_STYLE('',(#18584));
#18584 = FILL_AREA_STYLE_COLOUR('',#15704);
#18585 = CURVE_STYLE('',#18586,POSITIVE_LENGTH_MEASURE(0.1),#15704);
#18586 = DRAUGHTING_PRE_DEFINED_CURVE_FONT('continuous');
#18587 = STYLED_ITEM('color',(#18588),#3837);
#18588 = PRESENTATION_STYLE_ASSIGNMENT((#18589,#18594));
#18589 = SURFACE_STYLE_USAGE(.BOTH.,#18590);
#18590 = SURFACE_SIDE_STYLE('',(#18591));
#18591 = SURFACE_STYLE_FILL_AREA(#18592);
#18592 = FILL_AREA_STYLE('',(#18593));
#18593 = FILL_AREA_STYLE_COLOUR('',#15704);
#18594 = CURVE_STYLE('',#18595,POSITIVE_LENGTH_MEASURE(0.1),#15704);
#18595 = DRAUGHTING_PRE_DEFINED_CURVE_FONT('continuous');
#18596 = STYLED_ITEM('color',(#18597),#3862);
#18597 = PRESENTATION_STYLE_ASSIGNMENT((#18598,#18603));
#18598 = SURFACE_STYLE_USAGE(.BOTH.,#18599);
#18599 = SURFACE_SIDE_STYLE('',(#18600));
#18600 = SURFACE_STYLE_FILL_AREA(#18601);
#18601 = FILL_AREA_STYLE('',(#18602));
#18602 = FILL_AREA_STYLE_COLOUR('',#15704);
#18603 = CURVE_STYLE('',#18604,POSITIVE_LENGTH_MEASURE(0.1),#15704);
#18604 = DRAUGHTING_PRE_DEFINED_CURVE_FONT('continuous');
#18605 = STYLED_ITEM('color',(#18606),#3946);
#18606 = PRESENTATION_STYLE_ASSIGNMENT((#18607,#18612));
#18607 = SURFACE_STYLE_USAGE(.BOTH.,#18608);
#18608 = SURFACE_SIDE_STYLE('',(#18609));
#18609 = SURFACE_STYLE_FILL_AREA(#18610);
#18610 = FILL_AREA_STYLE('',(#18611));
#18611 = FILL_AREA_STYLE_COLOUR('',#17490);
#18612 = CURVE_STYLE('',#18613,POSITIVE_LENGTH_MEASURE(0.1),#17490);
#18613 = DRAUGHTING_PRE_DEFINED_CURVE_FONT('continuous');
#18614 = STYLED_ITEM('color',(#18615),#3968);
#18615 = PRESENTATION_STYLE_ASSIGNMENT((#18616,#18621));
#18616 = SURFACE_STYLE_USAGE(.BOTH.,#18617);
#18617 = SURFACE_SIDE_STYLE('',(#18618));
#18618 = SURFACE_STYLE_FILL_AREA(#18619);
#18619 = FILL_AREA_STYLE('',(#18620));
#18620 = FILL_AREA_STYLE_COLOUR('',#15704);
#18621 = CURVE_STYLE('',#18622,POSITIVE_LENGTH_MEASURE(0.1),#15704);
#18622 = DRAUGHTING_PRE_DEFINED_CURVE_FONT('continuous');
#18623 = STYLED_ITEM('color',(#18624),#4060);
#18624 = PRESENTATION_STYLE_ASSIGNMENT((#18625,#18630));
#18625 = SURFACE_STYLE_USAGE(.BOTH.,#18626);
#18626 = SURFACE_SIDE_STYLE('',(#18627));
#18627 = SURFACE_STYLE_FILL_AREA(#18628);
#18628 = FILL_AREA_STYLE('',(#18629));
#18629 = FILL_AREA_STYLE_COLOUR('',#15704);
#18630 = CURVE_STYLE('',#18631,POSITIVE_LENGTH_MEASURE(0.1),#15704);
#18631 = DRAUGHTING_PRE_DEFINED_CURVE_FONT('continuous');
#18632 = STYLED_ITEM('color',(#18633),#4085);
#18633 = PRESENTATION_STYLE_ASSIGNMENT((#18634,#18639));
#18634 = SURFACE_STYLE_USAGE(.BOTH.,#18635);
#18635 = SURFACE_SIDE_STYLE('',(#18636));
#18636 = SURFACE_STYLE_FILL_AREA(#18637);
#18637 = FILL_AREA_STYLE('',(#18638));
#18638 = FILL_AREA_STYLE_COLOUR('',#15704);
#18639 = CURVE_STYLE('',#18640,POSITIVE_LENGTH_MEASURE(0.1),#15704);
#18640 = DRAUGHTING_PRE_DEFINED_CURVE_FONT('continuous');
#18641 = STYLED_ITEM('color',(#18642),#4169);
#18642 = PRESENTATION_STYLE_ASSIGNMENT((#18643,#18648));
#18643 = SURFACE_STYLE_USAGE(.BOTH.,#18644);
#18644 = SURFACE_SIDE_STYLE('',(#18645));
#18645 = SURFACE_STYLE_FILL_AREA(#18646);
#18646 = FILL_AREA_STYLE('',(#18647));
#18647 = FILL_AREA_STYLE_COLOUR('',#17490);
#18648 = CURVE_STYLE('',#18649,POSITIVE_LENGTH_MEASURE(0.1),#17490);
#18649 = DRAUGHTING_PRE_DEFINED_CURVE_FONT('continuous');
#18650 = STYLED_ITEM('color',(#18651),#4186);
#18651 = PRESENTATION_STYLE_ASSIGNMENT((#18652,#18657));
#18652 = SURFACE_STYLE_USAGE(.BOTH.,#18653);
#18653 = SURFACE_SIDE_STYLE('',(#18654));
#18654 = SURFACE_STYLE_FILL_AREA(#18655);
#18655 = FILL_AREA_STYLE('',(#18656));
#18656 = FILL_AREA_STYLE_COLOUR('',#15704);
#18657 = CURVE_STYLE('',#18658,POSITIVE_LENGTH_MEASURE(0.1),#15704);
#18658 = DRAUGHTING_PRE_DEFINED_CURVE_FONT('continuous');
#18659 = STYLED_ITEM('color',(#18660),#4271);
#18660 = PRESENTATION_STYLE_ASSIGNMENT((#18661,#18666));
#18661 = SURFACE_STYLE_USAGE(.BOTH.,#18662);
#18662 = SURFACE_SIDE_STYLE('',(#18663));
#18663 = SURFACE_STYLE_FILL_AREA(#18664);
#18664 = FILL_AREA_STYLE('',(#18665));
#18665 = FILL_AREA_STYLE_COLOUR('',#15704);
#18666 = CURVE_STYLE('',#18667,POSITIVE_LENGTH_MEASURE(0.1),#15704);
#18667 = DRAUGHTING_PRE_DEFINED_CURVE_FONT('continuous');
#18668 = STYLED_ITEM('color',(#18669),#4296);
#18669 = PRESENTATION_STYLE_ASSIGNMENT((#18670,#18675));
#18670 = SURFACE_STYLE_USAGE(.BOTH.,#18671);
#18671 = SURFACE_SIDE_STYLE('',(#18672));
#18672 = SURFACE_STYLE_FILL_AREA(#18673);
#18673 = FILL_AREA_STYLE('',(#18674));
#18674 = FILL_AREA_STYLE_COLOUR('',#15704);
#18675 = CURVE_STYLE('',#18676,POSITIVE_LENGTH_MEASURE(0.1),#15704);
#18676 = DRAUGHTING_PRE_DEFINED_CURVE_FONT('continuous');
#18677 = STYLED_ITEM('color',(#18678),#4373);
#18678 = PRESENTATION_STYLE_ASSIGNMENT((#18679,#18684));
#18679 = SURFACE_STYLE_USAGE(.BOTH.,#18680);
#18680 = SURFACE_SIDE_STYLE('',(#18681));
#18681 = SURFACE_STYLE_FILL_AREA(#18682);
#18682 = FILL_AREA_STYLE('',(#18683));
#18683 = FILL_AREA_STYLE_COLOUR('',#15704);
#18684 = CURVE_STYLE('',#18685,POSITIVE_LENGTH_MEASURE(0.1),#15704);
#18685 = DRAUGHTING_PRE_DEFINED_CURVE_FONT('continuous');
#18686 = STYLED_ITEM('color',(#18687),#4458);
#18687 = PRESENTATION_STYLE_ASSIGNMENT((#18688,#18693));
#18688 = SURFACE_STYLE_USAGE(.BOTH.,#18689);
#18689 = SURFACE_SIDE_STYLE('',(#18690));
#18690 = SURFACE_STYLE_FILL_AREA(#18691);
#18691 = FILL_AREA_STYLE('',(#18692));
#18692 = FILL_AREA_STYLE_COLOUR('',#15704);
#18693 = CURVE_STYLE('',#18694,POSITIVE_LENGTH_MEASURE(0.1),#15704);
#18694 = DRAUGHTING_PRE_DEFINED_CURVE_FONT('continuous');
#18695 = STYLED_ITEM('color',(#18696),#4483);
#18696 = PRESENTATION_STYLE_ASSIGNMENT((#18697,#18702));
#18697 = SURFACE_STYLE_USAGE(.BOTH.,#18698);
#18698 = SURFACE_SIDE_STYLE('',(#18699));
#18699 = SURFACE_STYLE_FILL_AREA(#18700);
#18700 = FILL_AREA_STYLE('',(#18701));
#18701 = FILL_AREA_STYLE_COLOUR('',#15704);
#18702 = CURVE_STYLE('',#18703,POSITIVE_LENGTH_MEASURE(0.1),#15704);
#18703 = DRAUGHTING_PRE_DEFINED_CURVE_FONT('continuous');
#18704 = STYLED_ITEM('color',(#18705),#4560);
#18705 = PRESENTATION_STYLE_ASSIGNMENT((#18706,#18711));
#18706 = SURFACE_STYLE_USAGE(.BOTH.,#18707);
#18707 = SURFACE_SIDE_STYLE('',(#18708));
#18708 = SURFACE_STYLE_FILL_AREA(#18709);
#18709 = FILL_AREA_STYLE('',(#18710));
#18710 = FILL_AREA_STYLE_COLOUR('',#17490);
#18711 = CURVE_STYLE('',#18712,POSITIVE_LENGTH_MEASURE(0.1),#17490);
#18712 = DRAUGHTING_PRE_DEFINED_CURVE_FONT('continuous');
#18713 = STYLED_ITEM('color',(#18714),#4577);
#18714 = PRESENTATION_STYLE_ASSIGNMENT((#18715,#18720));
#18715 = SURFACE_STYLE_USAGE(.BOTH.,#18716);
#18716 = SURFACE_SIDE_STYLE('',(#18717));
#18717 = SURFACE_STYLE_FILL_AREA(#18718);
#18718 = FILL_AREA_STYLE('',(#18719));
#18719 = FILL_AREA_STYLE_COLOUR('',#15704);
#18720 = CURVE_STYLE('',#18721,POSITIVE_LENGTH_MEASURE(0.1),#15704);
#18721 = DRAUGHTING_PRE_DEFINED_CURVE_FONT('continuous');
#18722 = STYLED_ITEM('color',(#18723),#4669);
#18723 = PRESENTATION_STYLE_ASSIGNMENT((#18724,#18729));
#18724 = SURFACE_STYLE_USAGE(.BOTH.,#18725);
#18725 = SURFACE_SIDE_STYLE('',(#18726));
#18726 = SURFACE_STYLE_FILL_AREA(#18727);
#18727 = FILL_AREA_STYLE('',(#18728));
#18728 = FILL_AREA_STYLE_COLOUR('',#15704);
#18729 = CURVE_STYLE('',#18730,POSITIVE_LENGTH_MEASURE(0.1),#15704);
#18730 = DRAUGHTING_PRE_DEFINED_CURVE_FONT('continuous');
#18731 = STYLED_ITEM('color',(#18732),#4694);
#18732 = PRESENTATION_STYLE_ASSIGNMENT((#18733,#18738));
#18733 = SURFACE_STYLE_USAGE(.BOTH.,#18734);
#18734 = SURFACE_SIDE_STYLE('',(#18735));
#18735 = SURFACE_STYLE_FILL_AREA(#18736);
#18736 = FILL_AREA_STYLE('',(#18737));
#18737 = FILL_AREA_STYLE_COLOUR('',#15704);
#18738 = CURVE_STYLE('',#18739,POSITIVE_LENGTH_MEASURE(0.1),#15704);
#18739 = DRAUGHTING_PRE_DEFINED_CURVE_FONT('continuous');
#18740 = STYLED_ITEM('color',(#18741),#4778);
#18741 = PRESENTATION_STYLE_ASSIGNMENT((#18742,#18747));
#18742 = SURFACE_STYLE_USAGE(.BOTH.,#18743);
#18743 = SURFACE_SIDE_STYLE('',(#18744));
#18744 = SURFACE_STYLE_FILL_AREA(#18745);
#18745 = FILL_AREA_STYLE('',(#18746));
#18746 = FILL_AREA_STYLE_COLOUR('',#17490);
#18747 = CURVE_STYLE('',#18748,POSITIVE_LENGTH_MEASURE(0.1),#17490);
#18748 = DRAUGHTING_PRE_DEFINED_CURVE_FONT('continuous');
#18749 = STYLED_ITEM('color',(#18750),#4800);
#18750 = PRESENTATION_STYLE_ASSIGNMENT((#18751,#18756));
#18751 = SURFACE_STYLE_USAGE(.BOTH.,#18752);
#18752 = SURFACE_SIDE_STYLE('',(#18753));
#18753 = SURFACE_STYLE_FILL_AREA(#18754);
#18754 = FILL_AREA_STYLE('',(#18755));
#18755 = FILL_AREA_STYLE_COLOUR('',#15704);
#18756 = CURVE_STYLE('',#18757,POSITIVE_LENGTH_MEASURE(0.1),#15704);
#18757 = DRAUGHTING_PRE_DEFINED_CURVE_FONT('continuous');
#18758 = STYLED_ITEM('color',(#18759),#4892);
#18759 = PRESENTATION_STYLE_ASSIGNMENT((#18760,#18765));
#18760 = SURFACE_STYLE_USAGE(.BOTH.,#18761);
#18761 = SURFACE_SIDE_STYLE('',(#18762));
#18762 = SURFACE_STYLE_FILL_AREA(#18763);
#18763 = FILL_AREA_STYLE('',(#18764));
#18764 = FILL_AREA_STYLE_COLOUR('',#15704);
#18765 = CURVE_STYLE('',#18766,POSITIVE_LENGTH_MEASURE(0.1),#15704);
#18766 = DRAUGHTING_PRE_DEFINED_CURVE_FONT('continuous');
#18767 = STYLED_ITEM('color',(#18768),#4917);
#18768 = PRESENTATION_STYLE_ASSIGNMENT((#18769,#18774));
#18769 = SURFACE_STYLE_USAGE(.BOTH.,#18770);
#18770 = SURFACE_SIDE_STYLE('',(#18771));
#18771 = SURFACE_STYLE_FILL_AREA(#18772);
#18772 = FILL_AREA_STYLE('',(#18773));
#18773 = FILL_AREA_STYLE_COLOUR('',#15704);
#18774 = CURVE_STYLE('',#18775,POSITIVE_LENGTH_MEASURE(0.1),#15704);
#18775 = DRAUGHTING_PRE_DEFINED_CURVE_FONT('continuous');
#18776 = STYLED_ITEM('color',(#18777),#5001);
#18777 = PRESENTATION_STYLE_ASSIGNMENT((#18778,#18783));
#18778 = SURFACE_STYLE_USAGE(.BOTH.,#18779);
#18779 = SURFACE_SIDE_STYLE('',(#18780));
#18780 = SURFACE_STYLE_FILL_AREA(#18781);
#18781 = FILL_AREA_STYLE('',(#18782));
#18782 = FILL_AREA_STYLE_COLOUR('',#17490);
#18783 = CURVE_STYLE('',#18784,POSITIVE_LENGTH_MEASURE(0.1),#17490);
#18784 = DRAUGHTING_PRE_DEFINED_CURVE_FONT('continuous');
#18785 = STYLED_ITEM('color',(#18786),#5023);
#18786 = PRESENTATION_STYLE_ASSIGNMENT((#18787,#18792));
#18787 = SURFACE_STYLE_USAGE(.BOTH.,#18788);
#18788 = SURFACE_SIDE_STYLE('',(#18789));
#18789 = SURFACE_STYLE_FILL_AREA(#18790);
#18790 = FILL_AREA_STYLE('',(#18791));
#18791 = FILL_AREA_STYLE_COLOUR('',#15704);
#18792 = CURVE_STYLE('',#18793,POSITIVE_LENGTH_MEASURE(0.1),#15704);
#18793 = DRAUGHTING_PRE_DEFINED_CURVE_FONT('continuous');
#18794 = STYLED_ITEM('color',(#18795),#5115);
#18795 = PRESENTATION_STYLE_ASSIGNMENT((#18796,#18801));
#18796 = SURFACE_STYLE_USAGE(.BOTH.,#18797);
#18797 = SURFACE_SIDE_STYLE('',(#18798));
#18798 = SURFACE_STYLE_FILL_AREA(#18799);
#18799 = FILL_AREA_STYLE('',(#18800));
#18800 = FILL_AREA_STYLE_COLOUR('',#15704);
#18801 = CURVE_STYLE('',#18802,POSITIVE_LENGTH_MEASURE(0.1),#15704);
#18802 = DRAUGHTING_PRE_DEFINED_CURVE_FONT('continuous');
#18803 = STYLED_ITEM('color',(#18804),#5140);
#18804 = PRESENTATION_STYLE_ASSIGNMENT((#18805,#18810));
#18805 = SURFACE_STYLE_USAGE(.BOTH.,#18806);
#18806 = SURFACE_SIDE_STYLE('',(#18807));
#18807 = SURFACE_STYLE_FILL_AREA(#18808);
#18808 = FILL_AREA_STYLE('',(#18809));
#18809 = FILL_AREA_STYLE_COLOUR('',#15704);
#18810 = CURVE_STYLE('',#18811,POSITIVE_LENGTH_MEASURE(0.1),#15704);
#18811 = DRAUGHTING_PRE_DEFINED_CURVE_FONT('continuous');
#18812 = STYLED_ITEM('color',(#18813),#5224);
#18813 = PRESENTATION_STYLE_ASSIGNMENT((#18814,#18819));
#18814 = SURFACE_STYLE_USAGE(.BOTH.,#18815);
#18815 = SURFACE_SIDE_STYLE('',(#18816));
#18816 = SURFACE_STYLE_FILL_AREA(#18817);
#18817 = FILL_AREA_STYLE('',(#18818));
#18818 = FILL_AREA_STYLE_COLOUR('',#15704);
#18819 = CURVE_STYLE('',#18820,POSITIVE_LENGTH_MEASURE(0.1),#15704);
#18820 = DRAUGHTING_PRE_DEFINED_CURVE_FONT('continuous');
#18821 = STYLED_ITEM('color',(#18822),#5241);
#18822 = PRESENTATION_STYLE_ASSIGNMENT((#18823,#18828));
#18823 = SURFACE_STYLE_USAGE(.BOTH.,#18824);
#18824 = SURFACE_SIDE_STYLE('',(#18825));
#18825 = SURFACE_STYLE_FILL_AREA(#18826);
#18826 = FILL_AREA_STYLE('',(#18827));
#18827 = FILL_AREA_STYLE_COLOUR('',#15704);
#18828 = CURVE_STYLE('',#18829,POSITIVE_LENGTH_MEASURE(0.1),#15704);
#18829 = DRAUGHTING_PRE_DEFINED_CURVE_FONT('continuous');
#18830 = STYLED_ITEM('color',(#18831),#5260);
#18831 = PRESENTATION_STYLE_ASSIGNMENT((#18832,#18837));
#18832 = SURFACE_STYLE_USAGE(.BOTH.,#18833);
#18833 = SURFACE_SIDE_STYLE('',(#18834));
#18834 = SURFACE_STYLE_FILL_AREA(#18835);
#18835 = FILL_AREA_STYLE('',(#18836));
#18836 = FILL_AREA_STYLE_COLOUR('',#15704);
#18837 = CURVE_STYLE('',#18838,POSITIVE_LENGTH_MEASURE(0.1),#15704);
#18838 = DRAUGHTING_PRE_DEFINED_CURVE_FONT('continuous');
#18839 = STYLED_ITEM('color',(#18840),#5279);
#18840 = PRESENTATION_STYLE_ASSIGNMENT((#18841,#18846));
#18841 = SURFACE_STYLE_USAGE(.BOTH.,#18842);
#18842 = SURFACE_SIDE_STYLE('',(#18843));
#18843 = SURFACE_STYLE_FILL_AREA(#18844);
#18844 = FILL_AREA_STYLE('',(#18845));
#18845 = FILL_AREA_STYLE_COLOUR('',#15704);
#18846 = CURVE_STYLE('',#18847,POSITIVE_LENGTH_MEASURE(0.1),#15704);
#18847 = DRAUGHTING_PRE_DEFINED_CURVE_FONT('continuous');
#18848 = STYLED_ITEM('color',(#18849),#5298);
#18849 = PRESENTATION_STYLE_ASSIGNMENT((#18850,#18855));
#18850 = SURFACE_STYLE_USAGE(.BOTH.,#18851);
#18851 = SURFACE_SIDE_STYLE('',(#18852));
#18852 = SURFACE_STYLE_FILL_AREA(#18853);
#18853 = FILL_AREA_STYLE('',(#18854));
#18854 = FILL_AREA_STYLE_COLOUR('',#17490);
#18855 = CURVE_STYLE('',#18856,POSITIVE_LENGTH_MEASURE(0.1),#17490);
#18856 = DRAUGHTING_PRE_DEFINED_CURVE_FONT('continuous');
#18857 = STYLED_ITEM('color',(#18858),#5344);
#18858 = PRESENTATION_STYLE_ASSIGNMENT((#18859,#18864));
#18859 = SURFACE_STYLE_USAGE(.BOTH.,#18860);
#18860 = SURFACE_SIDE_STYLE('',(#18861));
#18861 = SURFACE_STYLE_FILL_AREA(#18862);
#18862 = FILL_AREA_STYLE('',(#18863));
#18863 = FILL_AREA_STYLE_COLOUR('',#17490);
#18864 = CURVE_STYLE('',#18865,POSITIVE_LENGTH_MEASURE(0.1),#17490);
#18865 = DRAUGHTING_PRE_DEFINED_CURVE_FONT('continuous');
#18866 = STYLED_ITEM('color',(#18867),#5360);
#18867 = PRESENTATION_STYLE_ASSIGNMENT((#18868,#18873));
#18868 = SURFACE_STYLE_USAGE(.BOTH.,#18869);
#18869 = SURFACE_SIDE_STYLE('',(#18870));
#18870 = SURFACE_STYLE_FILL_AREA(#18871);
#18871 = FILL_AREA_STYLE('',(#18872));
#18872 = FILL_AREA_STYLE_COLOUR('',#15704);
#18873 = CURVE_STYLE('',#18874,POSITIVE_LENGTH_MEASURE(0.1),#15704);
#18874 = DRAUGHTING_PRE_DEFINED_CURVE_FONT('continuous');
#18875 = STYLED_ITEM('color',(#18876),#5379);
#18876 = PRESENTATION_STYLE_ASSIGNMENT((#18877,#18882));
#18877 = SURFACE_STYLE_USAGE(.BOTH.,#18878);
#18878 = SURFACE_SIDE_STYLE('',(#18879));
#18879 = SURFACE_STYLE_FILL_AREA(#18880);
#18880 = FILL_AREA_STYLE('',(#18881));
#18881 = FILL_AREA_STYLE_COLOUR('',#15704);
#18882 = CURVE_STYLE('',#18883,POSITIVE_LENGTH_MEASURE(0.1),#15704);
#18883 = DRAUGHTING_PRE_DEFINED_CURVE_FONT('continuous');
#18884 = STYLED_ITEM('color',(#18885),#5398);
#18885 = PRESENTATION_STYLE_ASSIGNMENT((#18886,#18891));
#18886 = SURFACE_STYLE_USAGE(.BOTH.,#18887);
#18887 = SURFACE_SIDE_STYLE('',(#18888));
#18888 = SURFACE_STYLE_FILL_AREA(#18889);
#18889 = FILL_AREA_STYLE('',(#18890));
#18890 = FILL_AREA_STYLE_COLOUR('',#15704);
#18891 = CURVE_STYLE('',#18892,POSITIVE_LENGTH_MEASURE(0.1),#15704);
#18892 = DRAUGHTING_PRE_DEFINED_CURVE_FONT('continuous');
#18893 = STYLED_ITEM('color',(#18894),#5417);
#18894 = PRESENTATION_STYLE_ASSIGNMENT((#18895,#18900));
#18895 = SURFACE_STYLE_USAGE(.BOTH.,#18896);
#18896 = SURFACE_SIDE_STYLE('',(#18897));
#18897 = SURFACE_STYLE_FILL_AREA(#18898);
#18898 = FILL_AREA_STYLE('',(#18899));
#18899 = FILL_AREA_STYLE_COLOUR('',#17490);
#18900 = CURVE_STYLE('',#18901,POSITIVE_LENGTH_MEASURE(0.1),#17490);
#18901 = DRAUGHTING_PRE_DEFINED_CURVE_FONT('continuous');
#18902 = STYLED_ITEM('color',(#18903),#5433);
#18903 = PRESENTATION_STYLE_ASSIGNMENT((#18904,#18909));
#18904 = SURFACE_STYLE_USAGE(.BOTH.,#18905);
#18905 = SURFACE_SIDE_STYLE('',(#18906));
#18906 = SURFACE_STYLE_FILL_AREA(#18907);
#18907 = FILL_AREA_STYLE('',(#18908));
#18908 = FILL_AREA_STYLE_COLOUR('',#15704);
#18909 = CURVE_STYLE('',#18910,POSITIVE_LENGTH_MEASURE(0.1),#15704);
#18910 = DRAUGHTING_PRE_DEFINED_CURVE_FONT('continuous');
#18911 = STYLED_ITEM('color',(#18912),#5450);
#18912 = PRESENTATION_STYLE_ASSIGNMENT((#18913,#18918));
#18913 = SURFACE_STYLE_USAGE(.BOTH.,#18914);
#18914 = SURFACE_SIDE_STYLE('',(#18915));
#18915 = SURFACE_STYLE_FILL_AREA(#18916);
#18916 = FILL_AREA_STYLE('',(#18917));
#18917 = FILL_AREA_STYLE_COLOUR('',#17490);
#18918 = CURVE_STYLE('',#18919,POSITIVE_LENGTH_MEASURE(0.1),#17490);
#18919 = DRAUGHTING_PRE_DEFINED_CURVE_FONT('continuous');
#18920 = STYLED_ITEM('color',(#18921),#5462);
#18921 = PRESENTATION_STYLE_ASSIGNMENT((#18922,#18927));
#18922 = SURFACE_STYLE_USAGE(.BOTH.,#18923);
#18923 = SURFACE_SIDE_STYLE('',(#18924));
#18924 = SURFACE_STYLE_FILL_AREA(#18925);
#18925 = FILL_AREA_STYLE('',(#18926));
#18926 = FILL_AREA_STYLE_COLOUR('',#15704);
#18927 = CURVE_STYLE('',#18928,POSITIVE_LENGTH_MEASURE(0.1),#15704);
#18928 = DRAUGHTING_PRE_DEFINED_CURVE_FONT('continuous');
#18929 = STYLED_ITEM('color',(#18930),#5479);
#18930 = PRESENTATION_STYLE_ASSIGNMENT((#18931,#18936));
#18931 = SURFACE_STYLE_USAGE(.BOTH.,#18932);
#18932 = SURFACE_SIDE_STYLE('',(#18933));
#18933 = SURFACE_STYLE_FILL_AREA(#18934);
#18934 = FILL_AREA_STYLE('',(#18935));
#18935 = FILL_AREA_STYLE_COLOUR('',#15704);
#18936 = CURVE_STYLE('',#18937,POSITIVE_LENGTH_MEASURE(0.1),#15704);
#18937 = DRAUGHTING_PRE_DEFINED_CURVE_FONT('continuous');
#18938 = STYLED_ITEM('color',(#18939),#5496);
#18939 = PRESENTATION_STYLE_ASSIGNMENT((#18940,#18945));
#18940 = SURFACE_STYLE_USAGE(.BOTH.,#18941);
#18941 = SURFACE_SIDE_STYLE('',(#18942));
#18942 = SURFACE_STYLE_FILL_AREA(#18943);
#18943 = FILL_AREA_STYLE('',(#18944));
#18944 = FILL_AREA_STYLE_COLOUR('',#15704);
#18945 = CURVE_STYLE('',#18946,POSITIVE_LENGTH_MEASURE(0.1),#15704);
#18946 = DRAUGHTING_PRE_DEFINED_CURVE_FONT('continuous');
#18947 = STYLED_ITEM('color',(#18948),#5513);
#18948 = PRESENTATION_STYLE_ASSIGNMENT((#18949,#18954));
#18949 = SURFACE_STYLE_USAGE(.BOTH.,#18950);
#18950 = SURFACE_SIDE_STYLE('',(#18951));
#18951 = SURFACE_STYLE_FILL_AREA(#18952);
#18952 = FILL_AREA_STYLE('',(#18953));
#18953 = FILL_AREA_STYLE_COLOUR('',#15704);
#18954 = CURVE_STYLE('',#18955,POSITIVE_LENGTH_MEASURE(0.1),#15704);
#18955 = DRAUGHTING_PRE_DEFINED_CURVE_FONT('continuous');
#18956 = STYLED_ITEM('color',(#18957),#5530);
#18957 = PRESENTATION_STYLE_ASSIGNMENT((#18958,#18963));
#18958 = SURFACE_STYLE_USAGE(.BOTH.,#18959);
#18959 = SURFACE_SIDE_STYLE('',(#18960));
#18960 = SURFACE_STYLE_FILL_AREA(#18961);
#18961 = FILL_AREA_STYLE('',(#18962));
#18962 = FILL_AREA_STYLE_COLOUR('',#15704);
#18963 = CURVE_STYLE('',#18964,POSITIVE_LENGTH_MEASURE(0.1),#15704);
#18964 = DRAUGHTING_PRE_DEFINED_CURVE_FONT('continuous');
#18965 = STYLED_ITEM('color',(#18966),#5547);
#18966 = PRESENTATION_STYLE_ASSIGNMENT((#18967,#18972));
#18967 = SURFACE_STYLE_USAGE(.BOTH.,#18968);
#18968 = SURFACE_SIDE_STYLE('',(#18969));
#18969 = SURFACE_STYLE_FILL_AREA(#18970);
#18970 = FILL_AREA_STYLE('',(#18971));
#18971 = FILL_AREA_STYLE_COLOUR('',#15704);
#18972 = CURVE_STYLE('',#18973,POSITIVE_LENGTH_MEASURE(0.1),#15704);
#18973 = DRAUGHTING_PRE_DEFINED_CURVE_FONT('continuous');
#18974 = STYLED_ITEM('color',(#18975),#5564);
#18975 = PRESENTATION_STYLE_ASSIGNMENT((#18976,#18981));
#18976 = SURFACE_STYLE_USAGE(.BOTH.,#18977);
#18977 = SURFACE_SIDE_STYLE('',(#18978));
#18978 = SURFACE_STYLE_FILL_AREA(#18979);
#18979 = FILL_AREA_STYLE('',(#18980));
#18980 = FILL_AREA_STYLE_COLOUR('',#15704);
#18981 = CURVE_STYLE('',#18982,POSITIVE_LENGTH_MEASURE(0.1),#15704);
#18982 = DRAUGHTING_PRE_DEFINED_CURVE_FONT('continuous');
#18983 = STYLED_ITEM('color',(#18984),#5581);
#18984 = PRESENTATION_STYLE_ASSIGNMENT((#18985,#18990));
#18985 = SURFACE_STYLE_USAGE(.BOTH.,#18986);
#18986 = SURFACE_SIDE_STYLE('',(#18987));
#18987 = SURFACE_STYLE_FILL_AREA(#18988);
#18988 = FILL_AREA_STYLE('',(#18989));
#18989 = FILL_AREA_STYLE_COLOUR('',#15704);
#18990 = CURVE_STYLE('',#18991,POSITIVE_LENGTH_MEASURE(0.1),#15704);
#18991 = DRAUGHTING_PRE_DEFINED_CURVE_FONT('continuous');
#18992 = STYLED_ITEM('color',(#18993),#5593);
#18993 = PRESENTATION_STYLE_ASSIGNMENT((#18994,#18999));
#18994 = SURFACE_STYLE_USAGE(.BOTH.,#18995);
#18995 = SURFACE_SIDE_STYLE('',(#18996));
#18996 = SURFACE_STYLE_FILL_AREA(#18997);
#18997 = FILL_AREA_STYLE('',(#18998));
#18998 = FILL_AREA_STYLE_COLOUR('',#15704);
#18999 = CURVE_STYLE('',#19000,POSITIVE_LENGTH_MEASURE(0.1),#15704);
#19000 = DRAUGHTING_PRE_DEFINED_CURVE_FONT('continuous');
#19001 = STYLED_ITEM('color',(#19002),#5610);
#19002 = PRESENTATION_STYLE_ASSIGNMENT((#19003,#19008));
#19003 = SURFACE_STYLE_USAGE(.BOTH.,#19004);
#19004 = SURFACE_SIDE_STYLE('',(#19005));
#19005 = SURFACE_STYLE_FILL_AREA(#19006);
#19006 = FILL_AREA_STYLE('',(#19007));
#19007 = FILL_AREA_STYLE_COLOUR('',#15704);
#19008 = CURVE_STYLE('',#19009,POSITIVE_LENGTH_MEASURE(0.1),#15704);
#19009 = DRAUGHTING_PRE_DEFINED_CURVE_FONT('continuous');
#19010 = STYLED_ITEM('color',(#19011),#5627);
#19011 = PRESENTATION_STYLE_ASSIGNMENT((#19012,#19017));
#19012 = SURFACE_STYLE_USAGE(.BOTH.,#19013);
#19013 = SURFACE_SIDE_STYLE('',(#19014));
#19014 = SURFACE_STYLE_FILL_AREA(#19015);
#19015 = FILL_AREA_STYLE('',(#19016));
#19016 = FILL_AREA_STYLE_COLOUR('',#15704);
#19017 = CURVE_STYLE('',#19018,POSITIVE_LENGTH_MEASURE(0.1),#15704);
#19018 = DRAUGHTING_PRE_DEFINED_CURVE_FONT('continuous');
#19019 = STYLED_ITEM('color',(#19020),#5644);
#19020 = PRESENTATION_STYLE_ASSIGNMENT((#19021,#19026));
#19021 = SURFACE_STYLE_USAGE(.BOTH.,#19022);
#19022 = SURFACE_SIDE_STYLE('',(#19023));
#19023 = SURFACE_STYLE_FILL_AREA(#19024);
#19024 = FILL_AREA_STYLE('',(#19025));
#19025 = FILL_AREA_STYLE_COLOUR('',#15704);
#19026 = CURVE_STYLE('',#19027,POSITIVE_LENGTH_MEASURE(0.1),#15704);
#19027 = DRAUGHTING_PRE_DEFINED_CURVE_FONT('continuous');
#19028 = STYLED_ITEM('color',(#19029),#5661);
#19029 = PRESENTATION_STYLE_ASSIGNMENT((#19030,#19035));
#19030 = SURFACE_STYLE_USAGE(.BOTH.,#19031);
#19031 = SURFACE_SIDE_STYLE('',(#19032));
#19032 = SURFACE_STYLE_FILL_AREA(#19033);
#19033 = FILL_AREA_STYLE('',(#19034));
#19034 = FILL_AREA_STYLE_COLOUR('',#15704);
#19035 = CURVE_STYLE('',#19036,POSITIVE_LENGTH_MEASURE(0.1),#15704);
#19036 = DRAUGHTING_PRE_DEFINED_CURVE_FONT('continuous');
#19037 = STYLED_ITEM('color',(#19038),#5678);
#19038 = PRESENTATION_STYLE_ASSIGNMENT((#19039,#19044));
#19039 = SURFACE_STYLE_USAGE(.BOTH.,#19040);
#19040 = SURFACE_SIDE_STYLE('',(#19041));
#19041 = SURFACE_STYLE_FILL_AREA(#19042);
#19042 = FILL_AREA_STYLE('',(#19043));
#19043 = FILL_AREA_STYLE_COLOUR('',#15704);
#19044 = CURVE_STYLE('',#19045,POSITIVE_LENGTH_MEASURE(0.1),#15704);
#19045 = DRAUGHTING_PRE_DEFINED_CURVE_FONT('continuous');
#19046 = STYLED_ITEM('color',(#19047),#5695);
#19047 = PRESENTATION_STYLE_ASSIGNMENT((#19048,#19053));
#19048 = SURFACE_STYLE_USAGE(.BOTH.,#19049);
#19049 = SURFACE_SIDE_STYLE('',(#19050));
#19050 = SURFACE_STYLE_FILL_AREA(#19051);
#19051 = FILL_AREA_STYLE('',(#19052));
#19052 = FILL_AREA_STYLE_COLOUR('',#15704);
#19053 = CURVE_STYLE('',#19054,POSITIVE_LENGTH_MEASURE(0.1),#15704);
#19054 = DRAUGHTING_PRE_DEFINED_CURVE_FONT('continuous');
#19055 = STYLED_ITEM('color',(#19056),#5712);
#19056 = PRESENTATION_STYLE_ASSIGNMENT((#19057,#19062));
#19057 = SURFACE_STYLE_USAGE(.BOTH.,#19058);
#19058 = SURFACE_SIDE_STYLE('',(#19059));
#19059 = SURFACE_STYLE_FILL_AREA(#19060);
#19060 = FILL_AREA_STYLE('',(#19061));
#19061 = FILL_AREA_STYLE_COLOUR('',#15704);
#19062 = CURVE_STYLE('',#19063,POSITIVE_LENGTH_MEASURE(0.1),#15704);
#19063 = DRAUGHTING_PRE_DEFINED_CURVE_FONT('continuous');
#19064 = STYLED_ITEM('color',(#19065),#5724);
#19065 = PRESENTATION_STYLE_ASSIGNMENT((#19066,#19071));
#19066 = SURFACE_STYLE_USAGE(.BOTH.,#19067);
#19067 = SURFACE_SIDE_STYLE('',(#19068));
#19068 = SURFACE_STYLE_FILL_AREA(#19069);
#19069 = FILL_AREA_STYLE('',(#19070));
#19070 = FILL_AREA_STYLE_COLOUR('',#15704);
#19071 = CURVE_STYLE('',#19072,POSITIVE_LENGTH_MEASURE(0.1),#15704);
#19072 = DRAUGHTING_PRE_DEFINED_CURVE_FONT('continuous');
#19073 = STYLED_ITEM('color',(#19074),#5741);
#19074 = PRESENTATION_STYLE_ASSIGNMENT((#19075,#19080));
#19075 = SURFACE_STYLE_USAGE(.BOTH.,#19076);
#19076 = SURFACE_SIDE_STYLE('',(#19077));
#19077 = SURFACE_STYLE_FILL_AREA(#19078);
#19078 = FILL_AREA_STYLE('',(#19079));
#19079 = FILL_AREA_STYLE_COLOUR('',#15704);
#19080 = CURVE_STYLE('',#19081,POSITIVE_LENGTH_MEASURE(0.1),#15704);
#19081 = DRAUGHTING_PRE_DEFINED_CURVE_FONT('continuous');
#19082 = STYLED_ITEM('color',(#19083),#5758);
#19083 = PRESENTATION_STYLE_ASSIGNMENT((#19084,#19089));
#19084 = SURFACE_STYLE_USAGE(.BOTH.,#19085);
#19085 = SURFACE_SIDE_STYLE('',(#19086));
#19086 = SURFACE_STYLE_FILL_AREA(#19087);
#19087 = FILL_AREA_STYLE('',(#19088));
#19088 = FILL_AREA_STYLE_COLOUR('',#15704);
#19089 = CURVE_STYLE('',#19090,POSITIVE_LENGTH_MEASURE(0.1),#15704);
#19090 = DRAUGHTING_PRE_DEFINED_CURVE_FONT('continuous');
#19091 = STYLED_ITEM('color',(#19092),#5775);
#19092 = PRESENTATION_STYLE_ASSIGNMENT((#19093,#19098));
#19093 = SURFACE_STYLE_USAGE(.BOTH.,#19094);
#19094 = SURFACE_SIDE_STYLE('',(#19095));
#19095 = SURFACE_STYLE_FILL_AREA(#19096);
#19096 = FILL_AREA_STYLE('',(#19097));
#19097 = FILL_AREA_STYLE_COLOUR('',#15704);
#19098 = CURVE_STYLE('',#19099,POSITIVE_LENGTH_MEASURE(0.1),#15704);
#19099 = DRAUGHTING_PRE_DEFINED_CURVE_FONT('continuous');
#19100 = STYLED_ITEM('color',(#19101),#5792);
#19101 = PRESENTATION_STYLE_ASSIGNMENT((#19102,#19107));
#19102 = SURFACE_STYLE_USAGE(.BOTH.,#19103);
#19103 = SURFACE_SIDE_STYLE('',(#19104));
#19104 = SURFACE_STYLE_FILL_AREA(#19105);
#19105 = FILL_AREA_STYLE('',(#19106));
#19106 = FILL_AREA_STYLE_COLOUR('',#15704);
#19107 = CURVE_STYLE('',#19108,POSITIVE_LENGTH_MEASURE(0.1),#15704);
#19108 = DRAUGHTING_PRE_DEFINED_CURVE_FONT('continuous');
#19109 = STYLED_ITEM('color',(#19110),#5809);
#19110 = PRESENTATION_STYLE_ASSIGNMENT((#19111,#19116));
#19111 = SURFACE_STYLE_USAGE(.BOTH.,#19112);
#19112 = SURFACE_SIDE_STYLE('',(#19113));
#19113 = SURFACE_STYLE_FILL_AREA(#19114);
#19114 = FILL_AREA_STYLE('',(#19115));
#19115 = FILL_AREA_STYLE_COLOUR('',#15704);
#19116 = CURVE_STYLE('',#19117,POSITIVE_LENGTH_MEASURE(0.1),#15704);
#19117 = DRAUGHTING_PRE_DEFINED_CURVE_FONT('continuous');
#19118 = STYLED_ITEM('color',(#19119),#5826);
#19119 = PRESENTATION_STYLE_ASSIGNMENT((#19120,#19125));
#19120 = SURFACE_STYLE_USAGE(.BOTH.,#19121);
#19121 = SURFACE_SIDE_STYLE('',(#19122));
#19122 = SURFACE_STYLE_FILL_AREA(#19123);
#19123 = FILL_AREA_STYLE('',(#19124));
#19124 = FILL_AREA_STYLE_COLOUR('',#15704);
#19125 = CURVE_STYLE('',#19126,POSITIVE_LENGTH_MEASURE(0.1),#15704);
#19126 = DRAUGHTING_PRE_DEFINED_CURVE_FONT('continuous');
#19127 = STYLED_ITEM('color',(#19128),#5843);
#19128 = PRESENTATION_STYLE_ASSIGNMENT((#19129,#19134));
#19129 = SURFACE_STYLE_USAGE(.BOTH.,#19130);
#19130 = SURFACE_SIDE_STYLE('',(#19131));
#19131 = SURFACE_STYLE_FILL_AREA(#19132);
#19132 = FILL_AREA_STYLE('',(#19133));
#19133 = FILL_AREA_STYLE_COLOUR('',#15704);
#19134 = CURVE_STYLE('',#19135,POSITIVE_LENGTH_MEASURE(0.1),#15704);
#19135 = DRAUGHTING_PRE_DEFINED_CURVE_FONT('continuous');
#19136 = STYLED_ITEM('color',(#19137),#5855);
#19137 = PRESENTATION_STYLE_ASSIGNMENT((#19138,#19143));
#19138 = SURFACE_STYLE_USAGE(.BOTH.,#19139);
#19139 = SURFACE_SIDE_STYLE('',(#19140));
#19140 = SURFACE_STYLE_FILL_AREA(#19141);
#19141 = FILL_AREA_STYLE('',(#19142));
#19142 = FILL_AREA_STYLE_COLOUR('',#15704);
#19143 = CURVE_STYLE('',#19144,POSITIVE_LENGTH_MEASURE(0.1),#15704);
#19144 = DRAUGHTING_PRE_DEFINED_CURVE_FONT('continuous');
#19145 = STYLED_ITEM('color',(#19146),#5872);
#19146 = PRESENTATION_STYLE_ASSIGNMENT((#19147,#19152));
#19147 = SURFACE_STYLE_USAGE(.BOTH.,#19148);
#19148 = SURFACE_SIDE_STYLE('',(#19149));
#19149 = SURFACE_STYLE_FILL_AREA(#19150);
#19150 = FILL_AREA_STYLE('',(#19151));
#19151 = FILL_AREA_STYLE_COLOUR('',#15704);
#19152 = CURVE_STYLE('',#19153,POSITIVE_LENGTH_MEASURE(0.1),#15704);
#19153 = DRAUGHTING_PRE_DEFINED_CURVE_FONT('continuous');
#19154 = STYLED_ITEM('color',(#19155),#5889);
#19155 = PRESENTATION_STYLE_ASSIGNMENT((#19156,#19161));
#19156 = SURFACE_STYLE_USAGE(.BOTH.,#19157);
#19157 = SURFACE_SIDE_STYLE('',(#19158));
#19158 = SURFACE_STYLE_FILL_AREA(#19159);
#19159 = FILL_AREA_STYLE('',(#19160));
#19160 = FILL_AREA_STYLE_COLOUR('',#15704);
#19161 = CURVE_STYLE('',#19162,POSITIVE_LENGTH_MEASURE(0.1),#15704);
#19162 = DRAUGHTING_PRE_DEFINED_CURVE_FONT('continuous');
#19163 = STYLED_ITEM('color',(#19164),#5906);
#19164 = PRESENTATION_STYLE_ASSIGNMENT((#19165,#19170));
#19165 = SURFACE_STYLE_USAGE(.BOTH.,#19166);
#19166 = SURFACE_SIDE_STYLE('',(#19167));
#19167 = SURFACE_STYLE_FILL_AREA(#19168);
#19168 = FILL_AREA_STYLE('',(#19169));
#19169 = FILL_AREA_STYLE_COLOUR('',#15704);
#19170 = CURVE_STYLE('',#19171,POSITIVE_LENGTH_MEASURE(0.1),#15704);
#19171 = DRAUGHTING_PRE_DEFINED_CURVE_FONT('continuous');
#19172 = STYLED_ITEM('color',(#19173),#5923);
#19173 = PRESENTATION_STYLE_ASSIGNMENT((#19174,#19179));
#19174 = SURFACE_STYLE_USAGE(.BOTH.,#19175);
#19175 = SURFACE_SIDE_STYLE('',(#19176));
#19176 = SURFACE_STYLE_FILL_AREA(#19177);
#19177 = FILL_AREA_STYLE('',(#19178));
#19178 = FILL_AREA_STYLE_COLOUR('',#15704);
#19179 = CURVE_STYLE('',#19180,POSITIVE_LENGTH_MEASURE(0.1),#15704);
#19180 = DRAUGHTING_PRE_DEFINED_CURVE_FONT('continuous');
#19181 = STYLED_ITEM('color',(#19182),#5940);
#19182 = PRESENTATION_STYLE_ASSIGNMENT((#19183,#19188));
#19183 = SURFACE_STYLE_USAGE(.BOTH.,#19184);
#19184 = SURFACE_SIDE_STYLE('',(#19185));
#19185 = SURFACE_STYLE_FILL_AREA(#19186);
#19186 = FILL_AREA_STYLE('',(#19187));
#19187 = FILL_AREA_STYLE_COLOUR('',#15704);
#19188 = CURVE_STYLE('',#19189,POSITIVE_LENGTH_MEASURE(0.1),#15704);
#19189 = DRAUGHTING_PRE_DEFINED_CURVE_FONT('continuous');
#19190 = STYLED_ITEM('color',(#19191),#5957);
#19191 = PRESENTATION_STYLE_ASSIGNMENT((#19192,#19197));
#19192 = SURFACE_STYLE_USAGE(.BOTH.,#19193);
#19193 = SURFACE_SIDE_STYLE('',(#19194));
#19194 = SURFACE_STYLE_FILL_AREA(#19195);
#19195 = FILL_AREA_STYLE('',(#19196));
#19196 = FILL_AREA_STYLE_COLOUR('',#15704);
#19197 = CURVE_STYLE('',#19198,POSITIVE_LENGTH_MEASURE(0.1),#15704);
#19198 = DRAUGHTING_PRE_DEFINED_CURVE_FONT('continuous');
#19199 = STYLED_ITEM('color',(#19200),#5969);
#19200 = PRESENTATION_STYLE_ASSIGNMENT((#19201,#19206));
#19201 = SURFACE_STYLE_USAGE(.BOTH.,#19202);
#19202 = SURFACE_SIDE_STYLE('',(#19203));
#19203 = SURFACE_STYLE_FILL_AREA(#19204);
#19204 = FILL_AREA_STYLE('',(#19205));
#19205 = FILL_AREA_STYLE_COLOUR('',#15704);
#19206 = CURVE_STYLE('',#19207,POSITIVE_LENGTH_MEASURE(0.1),#15704);
#19207 = DRAUGHTING_PRE_DEFINED_CURVE_FONT('continuous');
#19208 = STYLED_ITEM('color',(#19209),#5986);
#19209 = PRESENTATION_STYLE_ASSIGNMENT((#19210,#19215));
#19210 = SURFACE_STYLE_USAGE(.BOTH.,#19211);
#19211 = SURFACE_SIDE_STYLE('',(#19212));
#19212 = SURFACE_STYLE_FILL_AREA(#19213);
#19213 = FILL_AREA_STYLE('',(#19214));
#19214 = FILL_AREA_STYLE_COLOUR('',#15704);
#19215 = CURVE_STYLE('',#19216,POSITIVE_LENGTH_MEASURE(0.1),#15704);
#19216 = DRAUGHTING_PRE_DEFINED_CURVE_FONT('continuous');
#19217 = STYLED_ITEM('color',(#19218),#6003);
#19218 = PRESENTATION_STYLE_ASSIGNMENT((#19219,#19224));
#19219 = SURFACE_STYLE_USAGE(.BOTH.,#19220);
#19220 = SURFACE_SIDE_STYLE('',(#19221));
#19221 = SURFACE_STYLE_FILL_AREA(#19222);
#19222 = FILL_AREA_STYLE('',(#19223));
#19223 = FILL_AREA_STYLE_COLOUR('',#15704);
#19224 = CURVE_STYLE('',#19225,POSITIVE_LENGTH_MEASURE(0.1),#15704);
#19225 = DRAUGHTING_PRE_DEFINED_CURVE_FONT('continuous');
#19226 = STYLED_ITEM('color',(#19227),#6020);
#19227 = PRESENTATION_STYLE_ASSIGNMENT((#19228,#19233));
#19228 = SURFACE_STYLE_USAGE(.BOTH.,#19229);
#19229 = SURFACE_SIDE_STYLE('',(#19230));
#19230 = SURFACE_STYLE_FILL_AREA(#19231);
#19231 = FILL_AREA_STYLE('',(#19232));
#19232 = FILL_AREA_STYLE_COLOUR('',#15704);
#19233 = CURVE_STYLE('',#19234,POSITIVE_LENGTH_MEASURE(0.1),#15704);
#19234 = DRAUGHTING_PRE_DEFINED_CURVE_FONT('continuous');
#19235 = STYLED_ITEM('color',(#19236),#6037);
#19236 = PRESENTATION_STYLE_ASSIGNMENT((#19237,#19242));
#19237 = SURFACE_STYLE_USAGE(.BOTH.,#19238);
#19238 = SURFACE_SIDE_STYLE('',(#19239));
#19239 = SURFACE_STYLE_FILL_AREA(#19240);
#19240 = FILL_AREA_STYLE('',(#19241));
#19241 = FILL_AREA_STYLE_COLOUR('',#15704);
#19242 = CURVE_STYLE('',#19243,POSITIVE_LENGTH_MEASURE(0.1),#15704);
#19243 = DRAUGHTING_PRE_DEFINED_CURVE_FONT('continuous');
#19244 = STYLED_ITEM('color',(#19245),#6054);
#19245 = PRESENTATION_STYLE_ASSIGNMENT((#19246,#19251));
#19246 = SURFACE_STYLE_USAGE(.BOTH.,#19247);
#19247 = SURFACE_SIDE_STYLE('',(#19248));
#19248 = SURFACE_STYLE_FILL_AREA(#19249);
#19249 = FILL_AREA_STYLE('',(#19250));
#19250 = FILL_AREA_STYLE_COLOUR('',#15704);
#19251 = CURVE_STYLE('',#19252,POSITIVE_LENGTH_MEASURE(0.1),#15704);
#19252 = DRAUGHTING_PRE_DEFINED_CURVE_FONT('continuous');
#19253 = STYLED_ITEM('color',(#19254),#6071);
#19254 = PRESENTATION_STYLE_ASSIGNMENT((#19255,#19260));
#19255 = SURFACE_STYLE_USAGE(.BOTH.,#19256);
#19256 = SURFACE_SIDE_STYLE('',(#19257));
#19257 = SURFACE_STYLE_FILL_AREA(#19258);
#19258 = FILL_AREA_STYLE('',(#19259));
#19259 = FILL_AREA_STYLE_COLOUR('',#15704);
#19260 = CURVE_STYLE('',#19261,POSITIVE_LENGTH_MEASURE(0.1),#15704);
#19261 = DRAUGHTING_PRE_DEFINED_CURVE_FONT('continuous');
#19262 = STYLED_ITEM('color',(#19263),#6083);
#19263 = PRESENTATION_STYLE_ASSIGNMENT((#19264,#19269));
#19264 = SURFACE_STYLE_USAGE(.BOTH.,#19265);
#19265 = SURFACE_SIDE_STYLE('',(#19266));
#19266 = SURFACE_STYLE_FILL_AREA(#19267);
#19267 = FILL_AREA_STYLE('',(#19268));
#19268 = FILL_AREA_STYLE_COLOUR('',#15704);
#19269 = CURVE_STYLE('',#19270,POSITIVE_LENGTH_MEASURE(0.1),#15704);
#19270 = DRAUGHTING_PRE_DEFINED_CURVE_FONT('continuous');
#19271 = STYLED_ITEM('color',(#19272),#6100);
#19272 = PRESENTATION_STYLE_ASSIGNMENT((#19273,#19278));
#19273 = SURFACE_STYLE_USAGE(.BOTH.,#19274);
#19274 = SURFACE_SIDE_STYLE('',(#19275));
#19275 = SURFACE_STYLE_FILL_AREA(#19276);
#19276 = FILL_AREA_STYLE('',(#19277));
#19277 = FILL_AREA_STYLE_COLOUR('',#15704);
#19278 = CURVE_STYLE('',#19279,POSITIVE_LENGTH_MEASURE(0.1),#15704);
#19279 = DRAUGHTING_PRE_DEFINED_CURVE_FONT('continuous');
#19280 = STYLED_ITEM('color',(#19281),#6117);
#19281 = PRESENTATION_STYLE_ASSIGNMENT((#19282,#19287));
#19282 = SURFACE_STYLE_USAGE(.BOTH.,#19283);
#19283 = SURFACE_SIDE_STYLE('',(#19284));
#19284 = SURFACE_STYLE_FILL_AREA(#19285);
#19285 = FILL_AREA_STYLE('',(#19286));
#19286 = FILL_AREA_STYLE_COLOUR('',#15704);
#19287 = CURVE_STYLE('',#19288,POSITIVE_LENGTH_MEASURE(0.1),#15704);
#19288 = DRAUGHTING_PRE_DEFINED_CURVE_FONT('continuous');
#19289 = STYLED_ITEM('color',(#19290),#6134);
#19290 = PRESENTATION_STYLE_ASSIGNMENT((#19291,#19296));
#19291 = SURFACE_STYLE_USAGE(.BOTH.,#19292);
#19292 = SURFACE_SIDE_STYLE('',(#19293));
#19293 = SURFACE_STYLE_FILL_AREA(#19294);
#19294 = FILL_AREA_STYLE('',(#19295));
#19295 = FILL_AREA_STYLE_COLOUR('',#15704);
#19296 = CURVE_STYLE('',#19297,POSITIVE_LENGTH_MEASURE(0.1),#15704);
#19297 = DRAUGHTING_PRE_DEFINED_CURVE_FONT('continuous');
#19298 = STYLED_ITEM('color',(#19299),#6151);
#19299 = PRESENTATION_STYLE_ASSIGNMENT((#19300,#19305));
#19300 = SURFACE_STYLE_USAGE(.BOTH.,#19301);
#19301 = SURFACE_SIDE_STYLE('',(#19302));
#19302 = SURFACE_STYLE_FILL_AREA(#19303);
#19303 = FILL_AREA_STYLE('',(#19304));
#19304 = FILL_AREA_STYLE_COLOUR('',#15704);
#19305 = CURVE_STYLE('',#19306,POSITIVE_LENGTH_MEASURE(0.1),#15704);
#19306 = DRAUGHTING_PRE_DEFINED_CURVE_FONT('continuous');
#19307 = STYLED_ITEM('color',(#19308),#6168);
#19308 = PRESENTATION_STYLE_ASSIGNMENT((#19309,#19314));
#19309 = SURFACE_STYLE_USAGE(.BOTH.,#19310);
#19310 = SURFACE_SIDE_STYLE('',(#19311));
#19311 = SURFACE_STYLE_FILL_AREA(#19312);
#19312 = FILL_AREA_STYLE('',(#19313));
#19313 = FILL_AREA_STYLE_COLOUR('',#15704);
#19314 = CURVE_STYLE('',#19315,POSITIVE_LENGTH_MEASURE(0.1),#15704);
#19315 = DRAUGHTING_PRE_DEFINED_CURVE_FONT('continuous');
#19316 = STYLED_ITEM('color',(#19317),#6185);
#19317 = PRESENTATION_STYLE_ASSIGNMENT((#19318,#19323));
#19318 = SURFACE_STYLE_USAGE(.BOTH.,#19319);
#19319 = SURFACE_SIDE_STYLE('',(#19320));
#19320 = SURFACE_STYLE_FILL_AREA(#19321);
#19321 = FILL_AREA_STYLE('',(#19322));
#19322 = FILL_AREA_STYLE_COLOUR('',#15704);
#19323 = CURVE_STYLE('',#19324,POSITIVE_LENGTH_MEASURE(0.1),#15704);
#19324 = DRAUGHTING_PRE_DEFINED_CURVE_FONT('continuous');
#19325 = STYLED_ITEM('color',(#19326),#6202);
#19326 = PRESENTATION_STYLE_ASSIGNMENT((#19327,#19332));
#19327 = SURFACE_STYLE_USAGE(.BOTH.,#19328);
#19328 = SURFACE_SIDE_STYLE('',(#19329));
#19329 = SURFACE_STYLE_FILL_AREA(#19330);
#19330 = FILL_AREA_STYLE('',(#19331));
#19331 = FILL_AREA_STYLE_COLOUR('',#15704);
#19332 = CURVE_STYLE('',#19333,POSITIVE_LENGTH_MEASURE(0.1),#15704);
#19333 = DRAUGHTING_PRE_DEFINED_CURVE_FONT('continuous');
#19334 = STYLED_ITEM('color',(#19335),#6214);
#19335 = PRESENTATION_STYLE_ASSIGNMENT((#19336,#19341));
#19336 = SURFACE_STYLE_USAGE(.BOTH.,#19337);
#19337 = SURFACE_SIDE_STYLE('',(#19338));
#19338 = SURFACE_STYLE_FILL_AREA(#19339);
#19339 = FILL_AREA_STYLE('',(#19340));
#19340 = FILL_AREA_STYLE_COLOUR('',#15704);
#19341 = CURVE_STYLE('',#19342,POSITIVE_LENGTH_MEASURE(0.1),#15704);
#19342 = DRAUGHTING_PRE_DEFINED_CURVE_FONT('continuous');
#19343 = STYLED_ITEM('color',(#19344),#6231);
#19344 = PRESENTATION_STYLE_ASSIGNMENT((#19345,#19350));
#19345 = SURFACE_STYLE_USAGE(.BOTH.,#19346);
#19346 = SURFACE_SIDE_STYLE('',(#19347));
#19347 = SURFACE_STYLE_FILL_AREA(#19348);
#19348 = FILL_AREA_STYLE('',(#19349));
#19349 = FILL_AREA_STYLE_COLOUR('',#15704);
#19350 = CURVE_STYLE('',#19351,POSITIVE_LENGTH_MEASURE(0.1),#15704);
#19351 = DRAUGHTING_PRE_DEFINED_CURVE_FONT('continuous');
#19352 = STYLED_ITEM('color',(#19353),#6248);
#19353 = PRESENTATION_STYLE_ASSIGNMENT((#19354,#19359));
#19354 = SURFACE_STYLE_USAGE(.BOTH.,#19355);
#19355 = SURFACE_SIDE_STYLE('',(#19356));
#19356 = SURFACE_STYLE_FILL_AREA(#19357);
#19357 = FILL_AREA_STYLE('',(#19358));
#19358 = FILL_AREA_STYLE_COLOUR('',#15704);
#19359 = CURVE_STYLE('',#19360,POSITIVE_LENGTH_MEASURE(0.1),#15704);
#19360 = DRAUGHTING_PRE_DEFINED_CURVE_FONT('continuous');
#19361 = STYLED_ITEM('color',(#19362),#6265);
#19362 = PRESENTATION_STYLE_ASSIGNMENT((#19363,#19368));
#19363 = SURFACE_STYLE_USAGE(.BOTH.,#19364);
#19364 = SURFACE_SIDE_STYLE('',(#19365));
#19365 = SURFACE_STYLE_FILL_AREA(#19366);
#19366 = FILL_AREA_STYLE('',(#19367));
#19367 = FILL_AREA_STYLE_COLOUR('',#15704);
#19368 = CURVE_STYLE('',#19369,POSITIVE_LENGTH_MEASURE(0.1),#15704);
#19369 = DRAUGHTING_PRE_DEFINED_CURVE_FONT('continuous');
#19370 = STYLED_ITEM('color',(#19371),#6282);
#19371 = PRESENTATION_STYLE_ASSIGNMENT((#19372,#19377));
#19372 = SURFACE_STYLE_USAGE(.BOTH.,#19373);
#19373 = SURFACE_SIDE_STYLE('',(#19374));
#19374 = SURFACE_STYLE_FILL_AREA(#19375);
#19375 = FILL_AREA_STYLE('',(#19376));
#19376 = FILL_AREA_STYLE_COLOUR('',#15704);
#19377 = CURVE_STYLE('',#19378,POSITIVE_LENGTH_MEASURE(0.1),#15704);
#19378 = DRAUGHTING_PRE_DEFINED_CURVE_FONT('continuous');
#19379 = STYLED_ITEM('color',(#19380),#6299);
#19380 = PRESENTATION_STYLE_ASSIGNMENT((#19381,#19386));
#19381 = SURFACE_STYLE_USAGE(.BOTH.,#19382);
#19382 = SURFACE_SIDE_STYLE('',(#19383));
#19383 = SURFACE_STYLE_FILL_AREA(#19384);
#19384 = FILL_AREA_STYLE('',(#19385));
#19385 = FILL_AREA_STYLE_COLOUR('',#15704);
#19386 = CURVE_STYLE('',#19387,POSITIVE_LENGTH_MEASURE(0.1),#15704);
#19387 = DRAUGHTING_PRE_DEFINED_CURVE_FONT('continuous');
#19388 = STYLED_ITEM('color',(#19389),#6316);
#19389 = PRESENTATION_STYLE_ASSIGNMENT((#19390,#19395));
#19390 = SURFACE_STYLE_USAGE(.BOTH.,#19391);
#19391 = SURFACE_SIDE_STYLE('',(#19392));
#19392 = SURFACE_STYLE_FILL_AREA(#19393);
#19393 = FILL_AREA_STYLE('',(#19394));
#19394 = FILL_AREA_STYLE_COLOUR('',#15704);
#19395 = CURVE_STYLE('',#19396,POSITIVE_LENGTH_MEASURE(0.1),#15704);
#19396 = DRAUGHTING_PRE_DEFINED_CURVE_FONT('continuous');
#19397 = STYLED_ITEM('color',(#19398),#6333);
#19398 = PRESENTATION_STYLE_ASSIGNMENT((#19399,#19404));
#19399 = SURFACE_STYLE_USAGE(.BOTH.,#19400);
#19400 = SURFACE_SIDE_STYLE('',(#19401));
#19401 = SURFACE_STYLE_FILL_AREA(#19402);
#19402 = FILL_AREA_STYLE('',(#19403));
#19403 = FILL_AREA_STYLE_COLOUR('',#15704);
#19404 = CURVE_STYLE('',#19405,POSITIVE_LENGTH_MEASURE(0.1),#15704);
#19405 = DRAUGHTING_PRE_DEFINED_CURVE_FONT('continuous');
#19406 = STYLED_ITEM('color',(#19407),#6345);
#19407 = PRESENTATION_STYLE_ASSIGNMENT((#19408,#19413));
#19408 = SURFACE_STYLE_USAGE(.BOTH.,#19409);
#19409 = SURFACE_SIDE_STYLE('',(#19410));
#19410 = SURFACE_STYLE_FILL_AREA(#19411);
#19411 = FILL_AREA_STYLE('',(#19412));
#19412 = FILL_AREA_STYLE_COLOUR('',#15704);
#19413 = CURVE_STYLE('',#19414,POSITIVE_LENGTH_MEASURE(0.1),#15704);
#19414 = DRAUGHTING_PRE_DEFINED_CURVE_FONT('continuous');
#19415 = STYLED_ITEM('color',(#19416),#6362);
#19416 = PRESENTATION_STYLE_ASSIGNMENT((#19417,#19422));
#19417 = SURFACE_STYLE_USAGE(.BOTH.,#19418);
#19418 = SURFACE_SIDE_STYLE('',(#19419));
#19419 = SURFACE_STYLE_FILL_AREA(#19420);
#19420 = FILL_AREA_STYLE('',(#19421));
#19421 = FILL_AREA_STYLE_COLOUR('',#15704);
#19422 = CURVE_STYLE('',#19423,POSITIVE_LENGTH_MEASURE(0.1),#15704);
#19423 = DRAUGHTING_PRE_DEFINED_CURVE_FONT('continuous');
#19424 = STYLED_ITEM('color',(#19425),#6379);
#19425 = PRESENTATION_STYLE_ASSIGNMENT((#19426,#19431));
#19426 = SURFACE_STYLE_USAGE(.BOTH.,#19427);
#19427 = SURFACE_SIDE_STYLE('',(#19428));
#19428 = SURFACE_STYLE_FILL_AREA(#19429);
#19429 = FILL_AREA_STYLE('',(#19430));
#19430 = FILL_AREA_STYLE_COLOUR('',#15704);
#19431 = CURVE_STYLE('',#19432,POSITIVE_LENGTH_MEASURE(0.1),#15704);
#19432 = DRAUGHTING_PRE_DEFINED_CURVE_FONT('continuous');
#19433 = STYLED_ITEM('color',(#19434),#6396);
#19434 = PRESENTATION_STYLE_ASSIGNMENT((#19435,#19440));
#19435 = SURFACE_STYLE_USAGE(.BOTH.,#19436);
#19436 = SURFACE_SIDE_STYLE('',(#19437));
#19437 = SURFACE_STYLE_FILL_AREA(#19438);
#19438 = FILL_AREA_STYLE('',(#19439));
#19439 = FILL_AREA_STYLE_COLOUR('',#15704);
#19440 = CURVE_STYLE('',#19441,POSITIVE_LENGTH_MEASURE(0.1),#15704);
#19441 = DRAUGHTING_PRE_DEFINED_CURVE_FONT('continuous');
#19442 = STYLED_ITEM('color',(#19443),#6413);
#19443 = PRESENTATION_STYLE_ASSIGNMENT((#19444,#19449));
#19444 = SURFACE_STYLE_USAGE(.BOTH.,#19445);
#19445 = SURFACE_SIDE_STYLE('',(#19446));
#19446 = SURFACE_STYLE_FILL_AREA(#19447);
#19447 = FILL_AREA_STYLE('',(#19448));
#19448 = FILL_AREA_STYLE_COLOUR('',#15704);
#19449 = CURVE_STYLE('',#19450,POSITIVE_LENGTH_MEASURE(0.1),#15704);
#19450 = DRAUGHTING_PRE_DEFINED_CURVE_FONT('continuous');
#19451 = STYLED_ITEM('color',(#19452),#6430);
#19452 = PRESENTATION_STYLE_ASSIGNMENT((#19453,#19458));
#19453 = SURFACE_STYLE_USAGE(.BOTH.,#19454);
#19454 = SURFACE_SIDE_STYLE('',(#19455));
#19455 = SURFACE_STYLE_FILL_AREA(#19456);
#19456 = FILL_AREA_STYLE('',(#19457));
#19457 = FILL_AREA_STYLE_COLOUR('',#15704);
#19458 = CURVE_STYLE('',#19459,POSITIVE_LENGTH_MEASURE(0.1),#15704);
#19459 = DRAUGHTING_PRE_DEFINED_CURVE_FONT('continuous');
#19460 = STYLED_ITEM('color',(#19461),#6447);
#19461 = PRESENTATION_STYLE_ASSIGNMENT((#19462,#19467));
#19462 = SURFACE_STYLE_USAGE(.BOTH.,#19463);
#19463 = SURFACE_SIDE_STYLE('',(#19464));
#19464 = SURFACE_STYLE_FILL_AREA(#19465);
#19465 = FILL_AREA_STYLE('',(#19466));
#19466 = FILL_AREA_STYLE_COLOUR('',#15704);
#19467 = CURVE_STYLE('',#19468,POSITIVE_LENGTH_MEASURE(0.1),#15704);
#19468 = DRAUGHTING_PRE_DEFINED_CURVE_FONT('continuous');
#19469 = STYLED_ITEM('color',(#19470),#6464);
#19470 = PRESENTATION_STYLE_ASSIGNMENT((#19471,#19476));
#19471 = SURFACE_STYLE_USAGE(.BOTH.,#19472);
#19472 = SURFACE_SIDE_STYLE('',(#19473));
#19473 = SURFACE_STYLE_FILL_AREA(#19474);
#19474 = FILL_AREA_STYLE('',(#19475));
#19475 = FILL_AREA_STYLE_COLOUR('',#15704);
#19476 = CURVE_STYLE('',#19477,POSITIVE_LENGTH_MEASURE(0.1),#15704);
#19477 = DRAUGHTING_PRE_DEFINED_CURVE_FONT('continuous');
#19478 = STYLED_ITEM('color',(#19479),#6476);
#19479 = PRESENTATION_STYLE_ASSIGNMENT((#19480,#19486));
#19480 = SURFACE_STYLE_USAGE(.BOTH.,#19481);
#19481 = SURFACE_SIDE_STYLE('',(#19482));
#19482 = SURFACE_STYLE_FILL_AREA(#19483);
#19483 = FILL_AREA_STYLE('',(#19484));
#19484 = FILL_AREA_STYLE_COLOUR('',#19485);
#19485 = COLOUR_RGB('',0.690999998585,0.664000007176,0.597999987832);
#19486 = CURVE_STYLE('',#19487,POSITIVE_LENGTH_MEASURE(0.1),#19485);
#19487 = DRAUGHTING_PRE_DEFINED_CURVE_FONT('continuous');
ENDSEC;
END-ISO-10303-21;
